"","intercept class1","intercept class2","age.centered class1","age.centered class2","varcov 1","varcov 2","varcov 3","stderr","bic.select","icl.select","ARI","MCR","RI","JI","FMI","mean.pprob.misc","mean.pprob.correct","btr.est.hm1","btr.est.best"
"1",3.75919010328898,6.20812111801047,-1.47810848351751,-0.468609249033008,4.92477572242913,0.486304306310546,0.129943170443708,3.14956608603066,1,2,0.047789173049462,0.05,0.894166166166166,0.893683431476655,0.944610687243187,0.939725268791926,0.947596615678268,0.354568233699895,0.354344039424269
