"","intercept class1","intercept class2","age.centered class1","age.centered class2","varcov 1","varcov 2","varcov 3","stderr","bic.select","icl.select","ARI","MCR","RI","JI","FMI","mean.pprob.misc","mean.pprob.correct","btr.est.hm1","btr.est.best"
"1",7.91072806418672,5.69022837155276,0.148194920851811,-0.665199995660192,4.51383005259928,0.356524790330583,0.0369832430436434,3.18735870482181,1,2,-0.0139882340162772,0.05,0.852652652652653,0.851929940329375,0.920193806259307,0.864751645196488,0.871841666817137,0.331970098853784,0.332196886838142
