"","intercept class1","intercept class2","age.centered class1","age.centered class2","varcov 1","varcov 2","varcov 3","stderr","bic.select","icl.select","ARI","MCR","RI","JI","FMI","mean.pprob.misc","mean.pprob.correct","btr.est.hm1","btr.est.best"
"1",5.91771955560947,7.68004001895851,-0.48061735588561,-1.2046202963723,4.79118050617106,0.912273236521921,0.173706711736355,3.18343204316355,1,2,0.198150559468067,0.05,0.899517517517518,0.897887395580295,0.946649860934854,0.811171769098195,0.936363175348395,0.327603477716987,0.329548918355064
