"","intercept class1","intercept class2","age.centered class1","age.centered class2","varcov 1","varcov 2","varcov 3","stderr","bic.select","icl.select","ARI","MCR","RI","JI","FMI","mean.pprob.misc","mean.pprob.correct","btr.est.hm1","btr.est.best"
"1",7.86607907346696,4.87586150791772,-0.42393586907796,-0.742308142964628,3.12076139091521,0.433145023454055,0.0601182564732904,3.16168579075741,1,2,0.064588030608617,0.265,0.61006006006006,0.58899730323991,0.756708238947003,0.658472390129969,0.78834271367321,0.326057115926916,0.326210631766769
