"","intercept class1","intercept class2","age.centered class1","age.centered class2","varcov 1","varcov 2","varcov 3","stderr","bic.select","icl.select","ARI","MCR","RI","JI","FMI","mean.pprob.misc","mean.pprob.correct","btr.est.hm1","btr.est.best"
"1",4.40639625992401,6.31287008150179,-0.867570268972152,-0.497110748972645,4.2050970910557,0.63105267670955,0.0947012774367226,3.27572392858795,1,2,-0.00705192065381648,0.05,0.89772972972973,0.897688764269978,0.947085738657055,0.903767532814214,0.886431440946599,0.289295950732451,0.289340602837735
