"","intercept class1","intercept class2","age.centered class1","age.centered class2","varcov 1","varcov 2","varcov 3","stderr","bic.select","icl.select","ARI","MCR","RI","JI","FMI","mean.pprob.misc","mean.pprob.correct","btr.est.hm1","btr.est.best"
"1",6.73448675548272,2.84383261428491,-0.431161322221092,-1.34545810926104,3.4705989908342,0.218862313648248,0.0138047747667542,3.10929800489675,1,2,-0.0105288132552183,0.097,0.760402402402402,0.756648108760985,0.862397162374116,0.678025246331902,0.936534371614939,0.347386205661761,0.348392773291928
