"","intercept class1","intercept class2","age.centered class1","age.centered class2","varcov 1","varcov 2","varcov 3","stderr","bic.select","icl.select","ARI","MCR","RI","JI","FMI","mean.pprob.misc","mean.pprob.correct","btr.est.hm1","btr.est.best"
"1",5.34838977476843,8.19472971067203,-0.478004468342483,-0.688957863880952,2.59317864768548,0.670314039566759,0.203555222462988,3.12953559056958,1,2,0.113874892965834,0.197,0.683301301301301,0.666228505116573,0.808193220728836,0.696191345243588,0.866819643562247,0.307887472147225,0.307908107718805
