"","intercept class1","intercept class2","age.centered class1","age.centered class2","varcov 1","varcov 2","varcov 3","stderr","bic.select","icl.select","ARI","MCR","RI","JI","FMI","mean.pprob.misc","mean.pprob.correct","btr.est.hm1","btr.est.best"
"1",4.5281515580938,7.96008762976933,-0.940310549784978,-0.113205846969677,2.5037654636134,0.0832532955202937,0.00277668086731685,3.17852001810375,1,2,0.00913144672574992,0.418,0.512960960960961,0.4879758211506,0.682948933173912,0.783137406546206,0.805288223967984,0.340919924423203,0.341993670662969
