"","intercept class1","intercept class2","age.centered class1","age.centered class2","varcov 1","varcov 2","varcov 3","stderr","bic.select","icl.select","ARI","MCR","RI","JI","FMI","mean.pprob.misc","mean.pprob.correct","btr.est.hm1","btr.est.best"
"1",6.05595437700998,9.50356001579749,-0.566879981477249,-0.703709497098004,4.60511530041751,0.710982476074534,0.154843569701686,3.17490811787738,1,2,0.125955562176718,0.05,0.895945945945946,0.894861939921109,0.945091045996887,0.893507661903603,0.974200691083223,0.341550639033622,0.341252215431293
