"","intercept class1","intercept class2","age.centered class1","age.centered class2","varcov 1","varcov 2","varcov 3","stderr","bic.select","icl.select","ARI","MCR","RI","JI","FMI","mean.pprob.misc","mean.pprob.correct","btr.est.hm1","btr.est.best"
"1",4.12575109708057,7.06210986807181,-1.34889120362138,-0.288533655690852,3.29932339225187,0.210529859162806,0.0134339161133505,3.14628181728165,1,2,0.0132883173413432,0.181,0.669031031031031,0.658636354250552,0.800510468806463,0.697753498661156,0.838717589479926,0.329898940905871,0.331312458925188
