"","intercept class1","intercept class2","age.centered class1","age.centered class2","varcov 1","varcov 2","varcov 3","stderr","bic.select","icl.select","ARI","MCR","RI","JI","FMI","mean.pprob.misc","mean.pprob.correct","btr.est.hm1","btr.est.best"
"1",4.80964624194742,7.46323498278916,-0.480328609622282,-0.559291079675814,2.76602470110356,0.709668194853362,0.182076809345751,3.17256320567151,1,2,0.00210127972183363,0.476,0.500652652652653,0.475409284404287,0.673096488612985,0.731847131381043,0.729804958961157,0.305531721418368,0.306559145408077
