"","intercept class1","intercept class2","age.centered class1","age.centered class2","varcov 1","varcov 2","varcov 3","stderr","bic.select","icl.select","ARI","MCR","RI","JI","FMI","mean.pprob.misc","mean.pprob.correct","btr.est.hm1","btr.est.best"
"1",7.16046748041586,4.65398253813543,-0.232896099528837,-0.962224592156928,2.94495097593579,-0.0021740253685072,1.73898033085937e-06,3.13597377104931,1,2,0.00125528063872617,0.366,0.529297297297297,0.507389699257887,0.696506144066621,0.676763361522549,0.722017280260968,0.313448627105219,0.313550026634727
