"","intercept class1","intercept class2","age.centered class1","age.centered class2","varcov 1","varcov 2","varcov 3","stderr","bic.select","icl.select","ARI","MCR","RI","JI","FMI","mean.pprob.misc","mean.pprob.correct","btr.est.hm1","btr.est.best"
"1",10.202542349031,6.07799813208965,-3.28071372886018,-0.602565986075277,4.82948298218899,0.639734610103084,0.125679396540161,3.17773934397208,1,2,0.130758009238056,0.047,0.910328328328328,0.909633255188053,0.953641421081238,0.996476883383997,0.999967198479578,0.328423386330243,0.329001087789531
