"","intercept class1","intercept class2","age.centered class1","age.centered class2","varcov 1","varcov 2","varcov 3","stderr","bic.select","icl.select","ARI","MCR","RI","JI","FMI","mean.pprob.misc","mean.pprob.correct","btr.est.hm1","btr.est.best"
"1",8.04404172116741,5.56043039993791,-0.44126115314624,-0.590027102302982,3.71685321122661,0.459171618306995,0.0756483303213373,3.21361706368668,1,2,0.0959278436165923,0.05,0.864522522522522,0.862652172324629,0.926365828492768,0.734631080928184,0.874360512252143,0.297514574716308,0.297385165614374
