"","intercept class1","intercept class2","age.centered class1","age.centered class2","varcov 1","varcov 2","varcov 3","stderr","bic.select","icl.select","ARI","MCR","RI","JI","FMI","mean.pprob.misc","mean.pprob.correct","btr.est.hm1","btr.est.best"
"1",6.02590690890223,7.48543378241149,-0.551984814815955,-1.69051535448935,4.22412514618672,0.582192704584132,0.0802522476652184,3.17677457859198,1,2,0,0.05,0.904904904904905,0.904904904904905,0.951264897336649,0.974842215879003,0.992844543791182,0.286505360420995,0.287039234602282
