"","intercept class1","intercept class2","age.centered class1","age.centered class2","varcov 1","varcov 2","varcov 3","stderr","bic.select","icl.select","ARI","MCR","RI","JI","FMI","mean.pprob.misc","mean.pprob.correct","btr.est.hm1","btr.est.best"
"1",4.88692267766222,7.66339742299468,-0.651211967621225,-0.431926859667924,2.45276386780463,0.285260267310984,0.0581217667666222,3.1735159759942,1,2,0.00664854655327812,0.437,0.507445445445445,0.482225308836837,0.678521205280057,0.71934708169136,0.725236007383606,0.296078414565331,0.296167974859227
