"","intercept class1","intercept class2","age.centered class1","age.centered class2","varcov 1","varcov 2","varcov 3","stderr","bic.select","icl.select","ARI","MCR","RI","JI","FMI","mean.pprob.misc","mean.pprob.correct","btr.est.hm1","btr.est.best"
"1",8.10874100778581,5.247351230348,-0.736376851641628,-0.476995748192724,3.45927200109583,0.622454363331286,0.112017803684596,3.14704902417336,1,2,0.130151861804973,0.199,0.680882882882883,0.662028182870616,0.806174436960708,0.676435753846215,0.835508203459645,0.339427379791352,0.339864205208173
