"","intercept class1","intercept class2","age.centered class1","age.centered class2","varcov 1","varcov 2","varcov 3","stderr","bic.select","icl.select","ARI","MCR","RI","JI","FMI","mean.pprob.misc","mean.pprob.correct","btr.est.hm1","btr.est.best"
"1",5.27168183216124,7.87269371759881,-0.442632133852252,-0.938383140425264,3.5445172606289,0.856888709205801,0.207161649615099,3.12257302571665,1,2,0.189231452232077,0.154,0.739171171171171,0.72339088415385,0.844974694278078,0.674388507617854,0.865551321203019,0.341097956252487,0.341102936783101
