"","intercept class1","intercept class2","age.centered class1","age.centered class2","varcov 1","varcov 2","varcov 3","stderr","bic.select","icl.select","ARI","MCR","RI","JI","FMI","mean.pprob.misc","mean.pprob.correct","btr.est.hm1","btr.est.best"
"1",4.66448426889413,7.66457290066168,-0.686593943467159,-0.434887480785337,2.12601776728414,0.402227213978753,0.129927260497776,3.22820924878747,1,2,0.0131837433299849,0.398,0.520328328328328,0.495551260511279,0.688794109683149,0.72079214258832,0.77952846136286,0.287037928963954,0.287239068215137
