"","intercept class1","intercept class2","age.centered class1","age.centered class2","varcov 1","varcov 2","varcov 3","stderr","bic.select","icl.select","ARI","MCR","RI","JI","FMI","mean.pprob.misc","mean.pprob.correct","btr.est.hm1","btr.est.best"
"1",8.20257251098677,4.63243026606148,-0.247279272349395,-0.778508067490431,2.61522188565026,0.265370229205903,0.0430496061396034,3.18378718400248,1,2,0.0427433365467702,0.341,0.550112112112112,0.524398193416213,0.71154606656446,0.740027013309798,0.827461837984516,0.349376046274706,0.349032517674061
