"","intercept class1","intercept class2","age.centered class1","age.centered class2","varcov 1","varcov 2","varcov 3","stderr","bic.select","icl.select","ARI","MCR","RI","JI","FMI","mean.pprob.misc","mean.pprob.correct","btr.est.hm1","btr.est.best"
"1",6.7039946668062,3.55151012798582,-0.507360980738127,-0.937063824898813,3.47905029742853,0.324053898868311,0.0394441292457293,3.17868749096203,1,2,-0.0262327894059856,0.106,0.744744744744745,0.740915796617884,0.852477587006175,0.624651625260748,0.877001810990087,0.324713042563475,0.324690898403295
