"","intercept class1","intercept class2","age.centered class1","age.centered class2","varcov 1","varcov 2","varcov 3","stderr","bic.select","icl.select","ARI","MCR","RI","JI","FMI","mean.pprob.misc","mean.pprob.correct","btr.est.hm1","btr.est.best"
"1",8.65146721999126,6.16599509360017,-1.7666936748031,-0.45715763463679,4.23788126300297,0.729287862224507,0.125501578052477,3.19597987383833,1,2,0.190505769231819,0.05,0.904904904904905,0.903572487099014,0.949957469661185,0.92504117983071,0.990851538117762,0.29709913368914,0.299877033309675
