"","intercept class1","intercept class2","age.centered class1","age.centered class2","varcov 1","varcov 2","varcov 3","stderr","bic.select","icl.select","ARI","MCR","RI","JI","FMI","mean.pprob.misc","mean.pprob.correct","btr.est.hm1","btr.est.best"
"1",7.37862210694244,5.88213349081721,-1.53023579145905,-0.527535646001538,4.83594528958824,0.788895932714488,0.128700411720542,3.29629869782264,1,2,0.18622796946373,0.046,0.912144144144144,0.911116332201797,0.954330531652419,0.873481328095311,0.957122647001826,0.311335592013097,0.312524095611659
