"","intercept class1","intercept class2","age.centered class1","age.centered class2","varcov 1","varcov 2","varcov 3","stderr","bic.select","icl.select","ARI","MCR","RI","JI","FMI","mean.pprob.misc","mean.pprob.correct","btr.est.hm1","btr.est.best"
"1",7.4454319783955,4.56132339563579,-0.45038249639532,-0.543247333341454,2.25148416144616,0.362212587402769,0.0582717808995494,3.21599966413948,1,2,-0.0105302577855824,0.433,0.50167967967968,0.478665828882606,0.674502635970366,0.718759070688886,0.749316314274177,0.282613705652176,0.283055208411946
