"","intercept class1","intercept class2","age.centered class1","age.centered class2","varcov 1","varcov 2","varcov 3","stderr","bic.select","icl.select","ARI","MCR","RI","JI","FMI","mean.pprob.misc","mean.pprob.correct","btr.est.hm1","btr.est.best"
"1",6.1865196613657,2.63742484435459,-0.531916295576066,-1.00152004472452,4.83856435646508,0.717997781858098,0.115935611091761,3.13709117277892,1,2,0,0.05,0.904904904904905,0.904904904904905,0.951264897336649,0.991784244525301,0.979690246336507,0.337748769151267,0.337811375381521
