"","intercept class1","intercept class2","age.centered class1","age.centered class2","varcov 1","varcov 2","varcov 3","stderr","bic.select","icl.select","ARI","MCR","RI","JI","FMI","mean.pprob.misc","mean.pprob.correct","btr.est.hm1","btr.est.best"
"1",4.73902916715253,8.0141220013943,-0.724147410610451,-0.340209559824445,3.49315846267107,0.574734078205265,0.0945617778098429,3.17022864993703,1,2,0.0281673522269404,0.308,0.571771771771772,0.550754832693455,0.728882057888714,0.700279010841379,0.791829584485744,0.35785107973691,0.358019327041548
