"","intercept class1","intercept class2","age.centered class1","age.centered class2","varcov 1","varcov 2","varcov 3","stderr","bic.select","icl.select","ARI","MCR","RI","JI","FMI","mean.pprob.misc","mean.pprob.correct","btr.est.hm1","btr.est.best"
"1",8.82849929301853,5.56041876615577,-0.0329640246219338,-0.632926334219765,3.50030948627737,0.343115115434859,0.0839006862463566,3.16538668307368,1,2,0.0202309550255998,0.073,0.799337337337337,0.796290876572567,0.886825563473107,0.650811281048063,0.902726869819,0.328934337461017,0.328757263097755
