"","intercept class1","intercept class2","age.centered class1","age.centered class2","varcov 1","varcov 2","varcov 3","stderr","bic.select","icl.select","ARI","MCR","RI","JI","FMI","mean.pprob.misc","mean.pprob.correct","btr.est.hm1","btr.est.best"
"1",6.06253276412135,12.5424359629091,-0.562627220544523,0.111373155821939,5.28929380698198,0.768464507415552,0.2707166304522,3.05298536793815,1,2,0.055299152106044,0.05,0.899517517517518,0.899087198664978,0.947736184301916,0.992249209588504,0.998608625889088,0.393600261225561,0.393289231688052
