"","intercept class1","intercept class2","age.centered class1","age.centered class2","varcov 1","varcov 2","varcov 3","stderr","bic.select","icl.select","ARI","MCR","RI","JI","FMI","mean.pprob.misc","mean.pprob.correct","btr.est.hm1","btr.est.best"
"1",5.95229257461936,17.2340376040271,-0.558885378898857,-0.332687563529186,4.95266830166626,0.597783824679442,0.0721536771381938,3.19315056378592,1,2,0.069638282664386,0.048,0.908516516516517,0.908167202572347,0.952968794451617,0.999989536261839,0.999999639617466,0.32155436876306,0.322154990555354
