"","intercept class1","intercept class2","age.centered class1","age.centered class2","varcov 1","varcov 2","varcov 3","stderr","bic.select","icl.select","ARI","MCR","RI","JI","FMI","mean.pprob.misc","mean.pprob.correct","btr.est.hm1","btr.est.best"
"1",4.59620582501634,7.89398407314828,-0.615013652136411,-0.377654217701151,2.16299859716173,0.455904521697569,0.16021026748578,3.18801543411625,1,2,0.0157772821401364,0.413,0.514652652652653,0.488768688977457,0.68406506750522,0.753345580941409,0.797163496765469,0.322436545107688,0.322564715415859
