"","intercept class1","intercept class2","age.centered class1","age.centered class2","varcov 1","varcov 2","varcov 3","stderr","bic.select","icl.select","ARI","MCR","RI","JI","FMI","mean.pprob.misc","mean.pprob.correct","btr.est.hm1","btr.est.best"
"1",2.84415105176805,6.23326037119442,-1.40549623500438,-0.438458977569284,4.3903757185397,0.536182245420581,0.0654821862149243,3.19828284665775,1,2,-0.0252660690800208,0.05,0.873121121121121,0.872892097874047,0.932608575018039,0.971999439408937,0.954719167587114,0.329135107823069,0.330324728781174
