"","intercept class1","intercept class2","age.centered class1","age.centered class2","varcov 1","varcov 2","varcov 3","stderr","bic.select","icl.select","ARI","MCR","RI","JI","FMI","mean.pprob.misc","mean.pprob.correct","btr.est.hm1","btr.est.best"
"1",5.46987573678836,7.97603448943835,-0.534784863819686,-0.792997300231398,3.57989734027365,0.750516433016221,0.157351639747924,3.14213034516758,1,2,0.15718992012025,0.148,0.747555555555556,0.734953231739359,0.85109845182282,0.640796757497352,0.842462599003067,0.320416559589907,0.320948307651333
