"","intercept class1","intercept class2","age.centered class1","age.centered class2","varcov 1","varcov 2","varcov 3","stderr","bic.select","icl.select","ARI","MCR","RI","JI","FMI","mean.pprob.misc","mean.pprob.correct","btr.est.hm1","btr.est.best"
"1",4.98216008776895,8.32161518454158,-0.743425408112896,-0.129576541508445,2.49067888622953,0.254655771455087,0.0452865383160351,3.13991315644009,1,2,0.036058635241739,0.268,0.601753753753754,0.583076935974715,0.751336558103819,0.715792998900809,0.834261373507152,0.327128926650702,0.327371513806185
