"","intercept class1","intercept class2","age.centered class1","age.centered class2","varcov 1","varcov 2","varcov 3","stderr","bic.select","icl.select","ARI","MCR","RI","JI","FMI","mean.pprob.misc","mean.pprob.correct","btr.est.hm1","btr.est.best"
"1",6.77723145454628,6.05127977206774,-1.77848147367626,-0.476440201422442,4.58325972336363,0.627750415464957,0.0859804219594116,3.18368224656482,1,2,0.248008509406724,0.043,0.917615615615616,0.916336969825115,0.957144333014142,0.908265979932341,0.969178127334347,0.317106574412259,0.317044493819532
