"","intercept class1","intercept class2","age.centered class1","age.centered class2","varcov 1","varcov 2","varcov 3","stderr","bic.select","icl.select","ARI","MCR","RI","JI","FMI","mean.pprob.misc","mean.pprob.correct","btr.est.hm1","btr.est.best"
"1",4.13402463410816,7.63936235466696,-0.819935256023386,-0.377112560362259,1.78823640738797,0.252390036948431,0.0860372309167105,3.15303259032004,1,2,-0.0158013544018058,0.37,0.519519519519519,0.499165275459099,0.68932629861859,0.774585174044418,0.835069748520999,0.316504114584885,0.316489869421625
