"","intercept class1","intercept class2","age.centered class1","age.centered class2","varcov 1","varcov 2","varcov 3","stderr","bic.select","icl.select","ARI","MCR","RI","JI","FMI","mean.pprob.misc","mean.pprob.correct","btr.est.hm1","btr.est.best"
"1",1.64648116884363,6.12369464424964,-1.24043582557194,-0.504620507221701,4.74585171059411,0.585340695813875,0.0721946341113384,3.23114413656673,1,2,-0.0018630068931255,0.05,0.903105105105105,0.90309540494544,0.950218355906702,0.997256855348103,0.994073908579326,0.315475490202133,0.315516931447911
