"","intercept class1","intercept class2","age.centered class1","age.centered class2","varcov 1","varcov 2","varcov 3","stderr","bic.select","icl.select","ARI","MCR","RI","JI","FMI","mean.pprob.misc","mean.pprob.correct","btr.est.hm1","btr.est.best"
"1",6.19142551322086,4.62151790209355,-0.567947472094466,0.117722364539882,4.28912650229906,0.64358782662967,0.0965710247007745,3.1994723110706,1,2,-0.00865916076560105,0.05,0.895945945945946,0.895893840761142,0.946043881264565,0.984468508098713,0.956192122658016,0.293678985965671,0.29416879800937
