"","intercept class1","intercept class2","age.centered class1","age.centered class2","varcov 1","varcov 2","varcov 3","stderr","bic.select","icl.select","ARI","MCR","RI","JI","FMI","mean.pprob.misc","mean.pprob.correct","btr.est.hm1","btr.est.best"
"1",14.7680036690723,5.98315887095584,3.17055450734562,-0.564670407911778,5.26517684047589,0.519200700791806,0.113851090832033,3.04544784389551,1,2,0.0329091917576666,0.05,0.904904904904905,0.904714524716049,0.951066669547665,0.999999341275309,0.999998218113,0.363712644329875,0.364510823320873
