"","intercept class1","intercept class2","age.centered class1","age.centered class2","varcov 1","varcov 2","varcov 3","stderr","bic.select","icl.select","ARI","MCR","RI","JI","FMI","mean.pprob.misc","mean.pprob.correct","btr.est.hm1","btr.est.best"
"1",7.38715745266189,4.10887263473602,-0.176738052501778,-1.01466421223359,2.3176346106533,0.0164056421760361,0.025086625006298,3.14450279937051,1,2,0.00150372796288474,0.398,0.517189189189189,0.493920685617396,0.686713220105754,0.752454713648758,0.813673500749129,0.332066351256691,0.332269873810942
