"","intercept class1","intercept class2","age.centered class1","age.centered class2","varcov 1","varcov 2","varcov 3","stderr","bic.select","icl.select","ARI","MCR","RI","JI","FMI","mean.pprob.misc","mean.pprob.correct","btr.est.hm1","btr.est.best"
"1",4.12961988416724,6.81648699352035,-0.932945741676382,-0.384690128470792,3.29645073191412,0.217716761357988,0.182029039998151,3.14309901529133,1,2,-0.0380050697543415,0.108,0.739171171171171,0.735584221592616,0.849035856217735,0.629881419410459,0.838101448226513,0.332140605228988,0.332017772774382
