"","intercept class1","intercept class2","age.centered class1","age.centered class2","varcov 1","varcov 2","varcov 3","stderr","bic.select","icl.select","ARI","MCR","RI","JI","FMI","mean.pprob.misc","mean.pprob.correct","btr.est.hm1","btr.est.best"
"1",6.15284113660091,-1.71222841586042,-0.596737394449903,-1.09308220618026,5.15492276595865,0.684730878626595,0.284953666659837,3.05476955945248,1,2,-0.00365702069713826,0.05,0.901309309309309,0.901289547456948,0.949172979787412,0.999987655582782,0.999920141142602,0.374142872243511,0.374237581567225
