"","intercept class1","intercept class2","age.centered class1","age.centered class2","varcov 1","varcov 2","varcov 3","stderr","bic.select","icl.select","ARI","MCR","RI","JI","FMI","mean.pprob.misc","mean.pprob.correct","btr.est.hm1","btr.est.best"
"1",8.1567362917564,6.05115842118408,-2.78054195893933,-0.475416557441226,4.84361411450907,0.661261562420072,0.0902775552576582,3.16003640981905,2,2,0.156938581059987,0.047,0.910328328328328,0.909452766490792,0.953458473804811,0.99182271077789,0.999153424663748,0.317991914339782,0.321598871286988
