"","intercept class1","intercept class2","age.centered class1","age.centered class2","varcov 1","varcov 2","varcov 3","stderr","bic.select","icl.select","ARI","MCR","RI","JI","FMI","mean.pprob.misc","mean.pprob.correct","btr.est.hm1","btr.est.best"
"1",5.98538572160411,8.33646879201873,-0.47925194378297,-1.19890108532785,4.83905101550602,0.585037698659829,0.0707306267804506,3.23024442789676,1,2,0.136689212769847,0.05,0.901309309309309,0.900305377474872,0.948220045024572,0.850127810106676,0.963795504222298,0.321967150778272,0.324078961275478
