"","intercept class1","intercept class2","age.centered class1","age.centered class2","varcov 1","varcov 2","varcov 3","stderr","bic.select","icl.select","ARI","MCR","RI","JI","FMI","mean.pprob.misc","mean.pprob.correct","btr.est.hm1","btr.est.best"
"1",6.9406707003169,3.91433110582061,-0.385841638013195,-0.947416072203539,3.11989751451491,0.18716053893958,0.0112276508134842,3.09991135349325,1,2,-0.0116836738589388,0.224,0.618690690690691,0.60653624475799,0.765249106706595,0.687139188334586,0.80682117113214,0.33222783637408,0.333515086381199
