"","intercept class1","intercept class2","age.centered class1","age.centered class2","varcov 1","varcov 2","varcov 3","stderr","bic.select","icl.select","ARI","MCR","RI","JI","FMI","mean.pprob.misc","mean.pprob.correct","btr.est.hm1","btr.est.best"
"1",7.43275915674369,4.85547648686445,-0.645613775761344,-0.481434759691428,3.85599137855147,0.728138004133538,0.137496441560149,3.12313989899833,1,2,0.0189791294956828,0.405,0.517567567567568,0.491508792957194,0.686319266713228,0.677583180212009,0.734900017474594,0.354231599787501,0.355069230898161
