"","intercept class1","intercept class2","age.centered class1","age.centered class2","varcov 1","varcov 2","varcov 3","stderr","bic.select","icl.select","ARI","MCR","RI","JI","FMI","mean.pprob.misc","mean.pprob.correct","btr.est.hm1","btr.est.best"
"1",7.20224175069083,5.71743056103995,0.227418113071997,-0.707391246325115,4.44951618194076,0.343718477367264,0.0265533747014788,3.15835477104329,1,2,-0.0325901164940349,0.05,0.859411411411411,0.859044560417503,0.924443586036316,0.912912297450304,0.871289226535851,0.31782346888998,0.318716025252655
