"","intercept class1","intercept class2","age.centered class1","age.centered class2","varcov 1","varcov 2","varcov 3","stderr","bic.select","icl.select","ARI","MCR","RI","JI","FMI","mean.pprob.misc","mean.pprob.correct","btr.est.hm1","btr.est.best"
"1",5.79831225528817,8.91138385878017,-0.512951176405122,-1.04978262519951,3.7238355196431,0.741922461158369,0.147818149763959,3.16476961986745,1,2,0.200502259591736,0.05,0.876588588588589,0.873756384473289,0.932692109477379,0.843146110394436,0.96532176318385,0.300550373223885,0.304504555313415
