"","intercept class1","intercept class2","age.centered class1","age.centered class2","varcov 1","varcov 2","varcov 3","stderr","bic.select","icl.select","ARI","MCR","RI","JI","FMI","mean.pprob.misc","mean.pprob.correct","btr.est.hm1","btr.est.best"
"1",5.81362028290357,8.56807377953317,-0.504532674870594,-1.16258211287171,4.06098526492388,0.761468089156386,0.142781794969529,3.14973726655593,1,2,0.2360257009972,0.05,0.899517517517518,0.897487796409387,0.946318266139018,0.881283000545917,0.966887752965822,0.313843606964349,0.316149306888357
