"","intercept class1","intercept class2","age.centered class1","age.centered class2","varcov 1","varcov 2","varcov 3","stderr","bic.select","icl.select","ARI","MCR","RI","JI","FMI","mean.pprob.misc","mean.pprob.correct","btr.est.hm1","btr.est.best"
"1",6.30489329797501,1.91040574046377,-0.513010888166328,-0.975715239244009,4.09960463165993,0.508722001679533,0.074412341535245,3.18540309481554,1,2,-0.0018630068931255,0.05,0.903105105105105,0.90309540494544,0.950218355906702,0.998993284414715,0.996002098104751,0.29078400506812,0.290639308739873
