"","intercept class1","intercept class2","age.centered class1","age.centered class2","varcov 1","varcov 2","varcov 3","stderr","bic.select","icl.select","ARI","MCR","RI","JI","FMI","mean.pprob.misc","mean.pprob.correct","btr.est.hm1","btr.est.best"
"1",4.49073208983141,7.26120051234237,-0.629293791093606,-0.370227411794673,3.0482315304998,0.466628184363979,0.109263548870026,3.24467150780692,1,2,-0.0339526822104344,0.34,0.525517517517518,0.508343498211811,0.694922942156881,0.670041165214118,0.742812265973542,0.31082580056327,0.310728590883452
