"","intercept class1","intercept class2","age.centered class1","age.centered class2","varcov 1","varcov 2","varcov 3","stderr","bic.select","icl.select","ARI","MCR","RI","JI","FMI","mean.pprob.misc","mean.pprob.correct","btr.est.hm1","btr.est.best"
"1",4.91834135287287,7.57373773961113,-0.899511057490011,-0.180246318264757,3.35010493041739,0.214172331638078,0.0136922774502539,3.24813052998479,1,2,0.00100367692615343,0.42,0.510462462462462,0.486522809169026,0.681238494120949,0.672267046757391,0.711117445593117,0.321092193394483,0.321830831160162
