"","intercept class1","intercept class2","age.centered class1","age.centered class2","varcov 1","varcov 2","varcov 3","stderr","bic.select","icl.select","ARI","MCR","RI","JI","FMI","mean.pprob.misc","mean.pprob.correct","btr.est.hm1","btr.est.best"
"1",5.74106078627295,8.64567141154826,-0.520586895524636,-1.01963063969146,4.13897122038251,0.819043582345092,0.162077170883964,3.08243177066007,1,2,0.282925523986959,0.05,0.876588588588589,0.872325618965167,0.931809734513274,0.611641021015625,0.953343442927256,0.333676924158007,0.336873614501768
