"","intercept class1","intercept class2","age.centered class1","age.centered class2","varcov 1","varcov 2","varcov 3","stderr","bic.select","icl.select","ARI","MCR","RI","JI","FMI","mean.pprob.misc","mean.pprob.correct","btr.est.hm1","btr.est.best"
"1",4.99181562718258,8.26888198754581,-0.757295695891655,-0.101203007615057,2.89629891820287,0.363035677628892,0.104130425780722,3.12208840282947,1,2,0.0669818400630701,0.244,0.630702702702703,0.611850854305193,0.771815421686568,0.699330546495374,0.832053519815693,0.346503219064572,0.346665906796197
