"","intercept class1","intercept class2","age.centered class1","age.centered class2","varcov 1","varcov 2","varcov 3","stderr","bic.select","icl.select","ARI","MCR","RI","JI","FMI","mean.pprob.misc","mean.pprob.correct","btr.est.hm1","btr.est.best"
"1",3.82316792158544,6.84956341651985,-1.16521453585985,-0.314087704242324,3.856306181156,0.343393546269035,0.0305783396098465,3.11513851126064,1,2,-0.0262327894059856,0.106,0.744744744744745,0.740915796617884,0.852477587006175,0.675298325049236,0.860374761746367,0.351106896808354,0.351884848299804
