"","intercept class1","intercept class2","age.centered class1","age.centered class2","varcov 1","varcov 2","varcov 3","stderr","bic.select","icl.select","ARI","MCR","RI","JI","FMI","mean.pprob.misc","mean.pprob.correct","btr.est.hm1","btr.est.best"
"1",3.72631904908063,6.9432948180086,-1.12591019853828,-0.31131179808956,3.27507053470105,0.257138695006896,0.123038117956665,3.06590248379234,1,2,-0.0095175097020898,0.118,0.733661661661662,0.728625339126532,0.844896333137876,0.657535845591488,0.883714049770308,0.351090036564377,0.351213141470825
