"","intercept class1","intercept class2","age.centered class1","age.centered class2","varcov 1","varcov 2","varcov 3","stderr","bic.select","icl.select","ARI","MCR","RI","JI","FMI","mean.pprob.misc","mean.pprob.correct","btr.est.hm1","btr.est.best"
"1",4.31997076047914,7.3874830090761,-0.983204990461389,-0.180001448852217,2.88735158099405,0.0467504071155468,0.000764579271262904,3.11512151826357,1,2,-0.00863193196482837,0.419,0.506004004004004,0.48314223114079,0.677987891088369,0.722933231147721,0.778143460055433,0.34546688575192,0.3458200322462
