"","intercept class1","intercept class2","age.centered class1","age.centered class2","varcov 1","varcov 2","varcov 3","stderr","bic.select","icl.select","ARI","MCR","RI","JI","FMI","mean.pprob.misc","mean.pprob.correct","btr.est.hm1","btr.est.best"
"1",0.444616854430759,6.27989372194009,-1.78222302209128,-0.481796778379114,4.48043473664093,0.711677902486808,0.268799186351286,3.10660406349729,1,2,-0.00865916076560105,0.05,0.895945945945946,0.895893840761142,0.946043881264565,0.998389051779848,0.998184438223733,0.347270040843905,0.347303643560716
