"","intercept class1","intercept class2","age.centered class1","age.centered class2","varcov 1","varcov 2","varcov 3","stderr","bic.select","icl.select","ARI","MCR","RI","JI","FMI","mean.pprob.misc","mean.pprob.correct","btr.est.hm1","btr.est.best"
"1",3.93131000844615,7.51595038739335,-0.775258330217213,-0.339894317503102,1.72671749995443,0.275379963176302,0.0441159325847685,3.21393923638211,1,2,-0.0124966584983875,0.359,0.525975975975976,0.505769415418784,0.694394214016117,0.766795408789797,0.857703825777989,0.303410754364739,0.303532407934454
