"","intercept class1","intercept class2","age.centered class1","age.centered class2","varcov 1","varcov 2","varcov 3","stderr","bic.select","icl.select","ARI","MCR","RI","JI","FMI","mean.pprob.misc","mean.pprob.correct","btr.est.hm1","btr.est.best"
"1",5.4777136462721,8.28973469339888,-0.521552021297706,-0.755758342265558,3.68327563410193,0.683933815100344,0.140909782075473,3.17063059664328,1,2,0.15510586355224,0.11,0.785553553553554,0.777007981547096,0.876041012454764,0.654134132451432,0.875528606563444,0.333883214683664,0.333393593788509
