"","intercept class1","intercept class2","age.centered class1","age.centered class2","varcov 1","varcov 2","varcov 3","stderr","bic.select","icl.select","ARI","MCR","RI","JI","FMI","mean.pprob.misc","mean.pprob.correct","btr.est.hm1","btr.est.best"
"1",3.96343722860089,6.88134190897161,-0.54431212160693,-0.531869046957215,3.59971216584519,0.577309903231693,0.117535331383948,3.23522356138796,1,2,-0.0454291383209942,0.151,0.683301301301301,0.677651982899504,0.81176664983198,0.646332281791966,0.838590531787165,0.330040959331563,0.329969036054207
