"","intercept class1","intercept class2","age.centered class1","age.centered class2","varcov 1","varcov 2","varcov 3","stderr","bic.select","icl.select","ARI","MCR","RI","JI","FMI","mean.pprob.misc","mean.pprob.correct","btr.est.hm1","btr.est.best"
"1",6.32568360734882,3.99036418434946,-0.432254779523277,-1.21558192849179,4.11385208997319,0.168347570250171,0.00689562259103716,3.20026916000241,1,2,0.0327976755248357,0.05,0.88181981981982,0.881203839729529,0.93735956844701,0.907108619973958,0.913260094064305,0.307317292214942,0.308355842201911
