"","intercept class1","intercept class2","age.centered class1","age.centered class2","varcov 1","varcov 2","varcov 3","stderr","bic.select","icl.select","ARI","MCR","RI","JI","FMI","mean.pprob.misc","mean.pprob.correct","btr.est.hm1","btr.est.best"
"1",7.16695741181839,4.57658324190046,-0.553319739866666,-0.628174021797566,3.2348895298866,0.470898686950274,0.128412125607666,3.20678575497847,1,2,-0.010316677469344,0.41,0.5076996996997,0.485289438872051,0.679455795133732,0.684527563670411,0.707186203536666,0.319872502069281,0.319994265212196
