"","intercept class1","intercept class2","age.centered class1","age.centered class2","varcov 1","varcov 2","varcov 3","stderr","bic.select","icl.select","ARI","MCR","RI","JI","FMI","mean.pprob.misc","mean.pprob.correct","btr.est.hm1","btr.est.best"
"1",8.15418087539674,6.20441610832366,-1.34449947924989,-0.5171912448748,4.62182745882339,0.540009469414381,0.0630946626309152,3.1653247259308,1,2,0.0353971309693846,0.049,0.906708708708709,0.906530939725203,0.952114364385379,0.953027455541922,0.988692761729277,0.305691975931693,0.307263710929027
