"","intercept class1","intercept class2","age.centered class1","age.centered class2","varcov 1","varcov 2","varcov 3","stderr","bic.select","icl.select","ARI","MCR","RI","JI","FMI","mean.pprob.misc","mean.pprob.correct","btr.est.hm1","btr.est.best"
"1",5.44674564245212,8.76306316026218,-0.568193581691289,-0.331928974015198,3.43176376545629,0.507749250717189,0.0751245928765139,3.17587131867531,1,2,0.138913951394424,0.083,0.811861861861862,0.806109985516277,0.893124883662528,0.610609030913563,0.912094912926112,0.319377733782347,0.319737122634176
