"","intercept class1","intercept class2","age.centered class1","age.centered class2","varcov 1","varcov 2","varcov 3","stderr","bic.select","icl.select","ARI","MCR","RI","JI","FMI","mean.pprob.misc","mean.pprob.correct","btr.est.hm1","btr.est.best"
"1",7.1032965417679,4.25736177560646,-0.436132901735904,-0.770828775308591,3.1929942663341,0.461795552079135,0.0667887567988347,3.20228270993924,1,2,-0.019110457529016,0.292,0.561513513513514,0.545493407263838,0.722624982081912,0.649448344666815,0.777478217369898,0.320609555621574,0.32055480882624
