"","intercept class1","intercept class2","age.centered class1","age.centered class2","varcov 1","varcov 2","varcov 3","stderr","bic.select","icl.select","ARI","MCR","RI","JI","FMI","mean.pprob.misc","mean.pprob.correct","btr.est.hm1","btr.est.best"
"1",3.81767104805848,6.4191752104199,-0.448726658441934,-0.618603641484339,4.30045951579097,0.798674549627038,0.200476872424706,3.23816605689538,1,2,-0.0168290093909879,0.05,0.847625625625626,0.846833884061354,0.917168145060328,0.975626510031649,0.893652472843262,0.329017190006902,0.328947301233393
