"","intercept class1","intercept class2","age.centered class1","age.centered class2","varcov 1","varcov 2","varcov 3","stderr","bic.select","icl.select","ARI","MCR","RI","JI","FMI","mean.pprob.misc","mean.pprob.correct","btr.est.hm1","btr.est.best"
"1",6.00282165949903,6.00687170721832,-0.448958160765223,-1.60166047735809,5.5194795899543,0.623770384441813,0.0704966399862028,3.16472475287523,1,2,0.0259622522753962,0.05,0.899517517517518,0.899287259359737,0.947930575450666,0.910203348249893,0.960384380900611,0.34552407021315,0.347088422934046
