"","intercept class1","intercept class2","age.centered class1","age.centered class2","varcov 1","varcov 2","varcov 3","stderr","bic.select","icl.select","ARI","MCR","RI","JI","FMI","mean.pprob.misc","mean.pprob.correct","btr.est.hm1","btr.est.best"
"1",9.34677661092875,6.09701767445749,-1.45077943898872,-0.469079915447412,4.52487698623973,0.756994139206746,0.126712664430465,3.1829417974528,1,2,0.0607389182896715,0.05,0.903105105105105,0.902708146551897,0.949825730148811,0.953932814451417,0.995982885849019,0.309315694860721,0.309945379312329
