"","intercept class1","intercept class2","age.centered class1","age.centered class2","varcov 1","varcov 2","varcov 3","stderr","bic.select","icl.select","ARI","MCR","RI","JI","FMI","mean.pprob.misc","mean.pprob.correct","btr.est.hm1","btr.est.best"
"1",7.44234855246701,5.27742434932065,-0.676480326251516,-0.510188887803266,3.15694165289226,0.527793570041825,0.0882415826554528,3.22244775757058,1,2,0.0418077066113724,0.33,0.557357357357357,0.532714230764354,0.717262629733171,0.626406500936364,0.731064415649249,0.280492316007232,0.282321611322219
