"","intercept class1","intercept class2","age.centered class1","age.centered class2","varcov 1","varcov 2","varcov 3","stderr","bic.select","icl.select","ARI","MCR","RI","JI","FMI","mean.pprob.misc","mean.pprob.correct","btr.est.hm1","btr.est.best"
"1",8.69297291267324,6.01662901978178,-1.48733392022387,-0.476774964846143,4.85508661272284,0.518134384511608,0.0777079623050677,3.14901219801035,1,2,0.0353971309693846,0.049,0.906708708708709,0.906530939725203,0.952114364385379,0.971455323864525,0.995556010296888,0.325949463424287,0.326230035777686
