"","intercept class1","intercept class2","age.centered class1","age.centered class2","varcov 1","varcov 2","varcov 3","stderr","bic.select","icl.select","ARI","MCR","RI","JI","FMI","mean.pprob.misc","mean.pprob.correct","btr.est.hm1","btr.est.best"
"1",5.61111879286958,8.23290415077564,-0.543647868552929,-1.11804717288765,4.33596514013356,0.868670088542725,0.174029954787143,3.23093526120741,1,2,0.171241421663316,0.068,0.836036036036036,0.831138198642508,0.907928221933158,0.671452476120062,0.921696020439209,0.332556020020486,0.334187211552515
