"","intercept class1","intercept class2","age.centered class1","age.centered class2","varcov 1","varcov 2","varcov 3","stderr","bic.select","icl.select","ARI","MCR","RI","JI","FMI","mean.pprob.misc","mean.pprob.correct","btr.est.hm1","btr.est.best"
"1",5.99774321264226,7.96519088992159,-0.518386825510265,-1.45336186519425,4.80607923866765,0.893543605767503,0.166127333002597,3.14147819994145,1,2,0.226282918204571,0.047,0.910328328328328,0.908911394464442,0.95293262062865,0.893334052164405,0.972474473129423,0.324025666810543,0.327543838163827
