"","intercept class1","intercept class2","age.centered class1","age.centered class2","varcov 1","varcov 2","varcov 3","stderr","bic.select","icl.select","ARI","MCR","RI","JI","FMI","mean.pprob.misc","mean.pprob.correct","btr.est.hm1","btr.est.best"
"1",6.10359342488023,10.6382073098124,-0.52423326890229,-1.03153843263892,5.12762861630244,0.669617155646951,0.0948237381502388,3.21625084882496,1,2,0.102782873968372,0.047,0.910328328328328,0.909813752139334,0.953828196997029,0.989510053172305,0.997495956595217,0.334959111717592,0.33475837889253
