"","intercept class1","intercept class2","age.centered class1","age.centered class2","varcov 1","varcov 2","varcov 3","stderr","bic.select","icl.select","ARI","MCR","RI","JI","FMI","mean.pprob.misc","mean.pprob.correct","btr.est.hm1","btr.est.best"
"1",7.44620248706428,6.18871821934903,-1.69845046280518,-0.477717894110416,5.34328969603032,0.698194809721681,0.0912314929148423,3.15294284586497,1,2,0.119173925565746,0.05,0.904904904904905,0.904143425651623,0.950494879862388,0.924683396963078,0.978849614989053,0.337400535727667,0.34096117260538
