"","intercept class1","intercept class2","age.centered class1","age.centered class2","varcov 1","varcov 2","varcov 3","stderr","bic.select","icl.select","ARI","MCR","RI","JI","FMI","mean.pprob.misc","mean.pprob.correct","btr.est.hm1","btr.est.best"
"1",6.0805053560133,10.2372741433576,-0.581279682282245,-1.01615974915746,4.57173849470937,0.63506443323249,0.169127025533622,3.14839336105666,1,2,0.0665664786241021,0.049,0.906708708708709,0.906343834036105,0.951919945329838,0.986859167567494,0.996874502323464,0.325715146706329,0.325645845945563
