"","intercept class1","intercept class2","age.centered class1","age.centered class2","varcov 1","varcov 2","varcov 3","stderr","bic.select","icl.select","ARI","MCR","RI","JI","FMI","mean.pprob.misc","mean.pprob.correct","btr.est.hm1","btr.est.best"
"1",7.48254831425495,5.15319828786275,-0.759427618693032,-0.467840741665837,3.95693308278835,0.881235153081828,0.196258603947784,3.1024658207355,1,2,0.0778778395654364,0.289,0.588630630630631,0.56302819447339,0.740270044993211,0.653081443309725,0.753991642760839,0.352446715991858,0.353501865402216
