"","intercept class1","intercept class2","age.centered class1","age.centered class2","varcov 1","varcov 2","varcov 3","stderr","bic.select","icl.select","ARI","MCR","RI","JI","FMI","mean.pprob.misc","mean.pprob.correct","btr.est.hm1","btr.est.best"
"1",5.71193328907795,9.57983043402498,-0.564094245482706,-0.52370986078217,3.58709291356253,0.517336644055577,0.131457891380682,3.21104909592768,1,2,0.0391687122906896,0.05,0.866234234234234,0.865167995156896,0.927934009020203,0.902604500583748,0.97321319237878,0.313042676782606,0.312774872489543
