"","intercept class1","intercept class2","age.centered class1","age.centered class2","varcov 1","varcov 2","varcov 3","stderr","bic.select","icl.select","ARI","MCR","RI","JI","FMI","mean.pprob.misc","mean.pprob.correct","btr.est.hm1","btr.est.best"
"1",6.11050557980413,0.460589959129813,-0.578925993353488,-1.77366301340305,5.07682658108324,0.589350866073417,0.22440266377814,3.10581130662713,1,2,-0.0018630068931255,0.05,0.903105105105105,0.90309540494544,0.950218355906702,0.999423403929369,0.998983533248855,0.358666012113537,0.35880717746179
