"","intercept class1","intercept class2","age.centered class1","age.centered class2","varcov 1","varcov 2","varcov 3","stderr","bic.select","icl.select","ARI","MCR","RI","JI","FMI","mean.pprob.misc","mean.pprob.correct","btr.est.hm1","btr.est.best"
"1",6.14169966009505,6.77131268216669,-0.461540342796889,-1.58304632719737,4.9421286617128,0.633288808855654,0.0811509238335317,3.13542669485341,1,2,0.190505769231819,0.05,0.904904904904905,0.903572487099014,0.949957469661185,0.836533138067815,0.950965472106571,0.333798945473574,0.334939533769239
