"","intercept class1","intercept class2","age.centered class1","age.centered class2","varcov 1","varcov 2","varcov 3","stderr","bic.select","icl.select","ARI","MCR","RI","JI","FMI","mean.pprob.misc","mean.pprob.correct","btr.est.hm1","btr.est.best"
"1",13.3648274425794,6.05056825970548,0.955729664722638,-0.557302471280315,5.17045667982845,0.567499046378148,0.21303973970987,3.12290869729216,1,2,0.0329091917576666,0.05,0.904904904904905,0.904714524716049,0.951066669547665,0.998719739455384,0.999782716449043,0.364675647049886,0.364771519982559
