"","intercept class1","intercept class2","age.centered class1","age.centered class2","varcov 1","varcov 2","varcov 3","stderr","bic.select","icl.select","ARI","MCR","RI","JI","FMI","mean.pprob.misc","mean.pprob.correct","btr.est.hm1","btr.est.best"
"1",4.91599680735824,7.51122993400249,-0.922966531890292,-0.0566507342442161,3.41193014736024,0.0805385429272704,0.00191700647670996,3.12435576704977,1,2,-0.00870556832071063,0.367,0.524166166166166,0.503214654476898,0.692782343619212,0.696749277923609,0.716427399946934,0.339292926407641,0.340411173510148
