"","intercept class1","intercept class2","age.centered class1","age.centered class2","varcov 1","varcov 2","varcov 3","stderr","bic.select","icl.select","ARI","MCR","RI","JI","FMI","mean.pprob.misc","mean.pprob.correct","btr.est.hm1","btr.est.best"
"1",10.4713499531985,6.04630432775813,-0.518958047012651,-0.54175590680785,4.35783990999853,0.541095733796143,0.153457163118635,3.15880431395691,1,2,0.0329091917576666,0.05,0.904904904904905,0.904714524716049,0.951066669547665,0.98683367938904,0.995938236379943,0.319197844166871,0.319242077668939
