"","intercept class1","intercept class2","age.centered class1","age.centered class2","varcov 1","varcov 2","varcov 3","stderr","bic.select","icl.select","ARI","MCR","RI","JI","FMI","mean.pprob.misc","mean.pprob.correct","btr.est.hm1","btr.est.best"
"1",8.25369024517823,4.74502119374199,-0.390816548850889,-0.68911350183244,2.21110905496959,0.413533228791222,0.198351213424779,3.15860722297485,1,2,0.0299942687885139,0.355,0.541591591591592,0.516744826072458,0.705242900710345,0.743179346563681,0.84512195818486,0.345042551864722,0.345118887263455
