"","intercept class1","intercept class2","age.centered class1","age.centered class2","varcov 1","varcov 2","varcov 3","stderr","bic.select","icl.select","ARI","MCR","RI","JI","FMI","mean.pprob.misc","mean.pprob.correct","btr.est.hm1","btr.est.best"
"1",4.18417928970539,7.16036527318093,-1.04018085591928,-0.230804077744144,2.62808330938674,0.102648910514253,0.032739558283111,3.21297399265961,1,2,-0.00675674430561215,0.274,0.57957957957958,0.563670816642011,0.736010849190759,0.701628512803137,0.793989335449784,0.311464779596569,0.311262206455623
