"","intercept class1","intercept class2","age.centered class1","age.centered class2","varcov 1","varcov 2","varcov 3","stderr","bic.select","icl.select","ARI","MCR","RI","JI","FMI","mean.pprob.misc","mean.pprob.correct","btr.est.hm1","btr.est.best"
"1",5.98197516744557,8.01472180021783,-0.490237192620658,-1.66448902010746,4.83761404232598,0.677060438332263,0.0947598624368248,3.13285426798313,1,2,0.273580457098275,0.049,0.906708708708709,0.904660678846901,0.950342233850977,0.87199778642985,0.979024564565986,0.334444549326126,0.337220406839054
