"","intercept class1","intercept class2","age.centered class1","age.centered class2","varcov 1","varcov 2","varcov 3","stderr","bic.select","icl.select","ARI","MCR","RI","JI","FMI","mean.pprob.misc","mean.pprob.correct","btr.est.hm1","btr.est.best"
"1",4.00923297308297,6.60295374839658,-1.17512764374832,-0.393501715889573,3.74187494958473,0.460809107096377,0.0697975994104769,3.14235855795498,1,2,-0.0135372263659337,0.103,0.751801801801802,0.747783505783839,0.856864094006989,0.606576241265533,0.833254463927396,0.326156960609132,0.326224152875949
