"","intercept class1","intercept class2","age.centered class1","age.centered class2","varcov 1","varcov 2","varcov 3","stderr","bic.select","icl.select","ARI","MCR","RI","JI","FMI","mean.pprob.misc","mean.pprob.correct","btr.est.hm1","btr.est.best"
"1",7.80614361471233,4.48054385785928,-0.571737945792142,-0.645032240451627,2.33847982013266,0.501696171054985,0.156248949180896,3.09116929919987,1,2,0.0152249867397435,0.418,0.512960960960961,0.486962976709659,0.682702059317339,0.76368001069563,0.815938999534887,0.348583627471253,0.348370901540691
