"","intercept class1","intercept class2","age.centered class1","age.centered class2","varcov 1","varcov 2","varcov 3","stderr","bic.select","icl.select","ARI","MCR","RI","JI","FMI","mean.pprob.misc","mean.pprob.correct","btr.est.hm1","btr.est.best"
"1",8.23994909362054,5.85187266496268,-1.19611512491853,-0.442918842851708,4.79059925713129,0.726077071792486,0.110047045575239,3.07874623916464,1,2,0.238839621515907,0.05,0.887087087087087,0.884314336817578,0.938725434166676,0.798205123720503,0.948213605582187,0.350903944519838,0.35415889250958
