"","intercept class1","intercept class2","age.centered class1","age.centered class2","varcov 1","varcov 2","varcov 3","stderr","bic.select","icl.select","ARI","MCR","RI","JI","FMI","mean.pprob.misc","mean.pprob.correct","btr.est.hm1","btr.est.best"
"1",8.73564226125135,5.94876818098887,-1.72857685857711,-0.559306692458703,4.51240718854041,0.717433312664089,0.114068484575965,3.20128772623025,1,2,0.0956708372772248,0.049,0.906708708708709,0.906156733700928,0.951729345359002,0.952948850132827,0.995444402295714,0.304520959511853,0.305687924563277
