"","intercept class1","intercept class2","age.centered class1","age.centered class2","varcov 1","varcov 2","varcov 3","stderr","bic.select","icl.select","ARI","MCR","RI","JI","FMI","mean.pprob.misc","mean.pprob.correct","btr.est.hm1","btr.est.best"
"1",4.99906043907475,7.45176199100193,-1.44130292701722,-0.840452562269054,3.95437262514473,-0.119457551685574,0.447548569486955,3.13078500700509,1,2,-0.000154768994478537,0.493,0.499597597597598,0.451476913623595,0.64174072343357,0.799101997847419,0.812914645998259,0.39440658899286,0.394243630893793
