"","intercept class1","intercept class2","age.centered class1","age.centered class2","varcov 1","varcov 2","varcov 3","stderr","bic.select","icl.select","ARI","MCR","RI","JI","FMI","mean.pprob.misc","mean.pprob.correct","btr.est.hm1","btr.est.best"
"1",8.5872684087502,5.09798525207313,-0.931367617118901,-1.10709822000167,2.45153715363198,0.238525679523891,0.254008985401562,3.26514760766902,1,2,0.0687638316633267,0.368,0.534382382382382,0.36417815784006,0.533915831663327,0.742020042111849,0.798747551367485,0.359592861373826,0.359202586614273
