"","intercept class1","intercept class2","age.centered class1","age.centered class2","varcov 1","varcov 2","varcov 3","stderr","bic.select","icl.select","ARI","MCR","RI","JI","FMI","mean.pprob.misc","mean.pprob.correct","btr.est.hm1","btr.est.best"
"1",8.04021237993706,6.09602758223995,-1.52514035372285,-0.604395854246671,4.84067210376411,0.820520059135842,0.139082659416845,3.16071980561329,1,2,0.177295419129854,0.289,0.588630630630631,0.425304298212248,0.596920235409736,0.671491546075735,0.797706426373971,0.390636139131164,0.391234673353604
