"","intercept class1","intercept class2","age.centered class1","age.centered class2","varcov 1","varcov 2","varcov 3","stderr","bic.select","icl.select","ARI","MCR","RI","JI","FMI","mean.pprob.misc","mean.pprob.correct","btr.est.hm1","btr.est.best"
"1",7.77627422838133,4.71983600849818,-1.20246842798379,-0.839321011039459,3.46929317185307,0.48135560379837,0.179987673796608,3.20267473964496,1,2,0.0765402072133848,0.361,0.53818018018018,0.407390946924934,0.581245236370214,0.713992577000474,0.837656134392324,0.367719745606009,0.368060062029947
