"","intercept class1","intercept class2","age.centered class1","age.centered class2","varcov 1","varcov 2","varcov 3","stderr","bic.select","icl.select","ARI","MCR","RI","JI","FMI","mean.pprob.misc","mean.pprob.correct","btr.est.hm1","btr.est.best"
"1",5.86395530998025,7.49762050670939,-0.535885430924637,-1.42648237137574,5.34099893574866,0.76964366432748,0.110909263713371,3.13344415234264,1,2,0.271763224918241,0.239,0.635877877877878,0.467947367805198,0.637563321074647,0.640741068038675,0.755132167459851,0.395373830791089,0.397143879280395
