"","intercept class1","intercept class2","age.centered class1","age.centered class2","varcov 1","varcov 2","varcov 3","stderr","bic.select","icl.select","ARI","MCR","RI","JI","FMI","mean.pprob.misc","mean.pprob.correct","btr.est.hm1","btr.est.best"
"1",5.33126783385982,7.81370655682081,-0.623040094294358,-1.18410493243368,3.65410754459216,0.669201685311935,0.262473265710119,3.18884680649582,1,2,0.15608316593672,0.302,0.577985985985986,0.432520325203252,0.605032607306881,0.684541289145819,0.792313120088475,0.360933945422955,0.361058405778486
