"","intercept class1","intercept class2","age.centered class1","age.centered class2","varcov 1","varcov 2","varcov 3","stderr","bic.select","icl.select","ARI","MCR","RI","JI","FMI","mean.pprob.misc","mean.pprob.correct","btr.est.hm1","btr.est.best"
"1",4.30069374136058,7.4207205209646,-1.02706358912216,-1.01973358525396,3.18469739528098,0.171385792492186,0.212528466726523,3.24936367782999,1,2,0.0181675981921224,0.432,0.508756756756757,0.46120943305081,0.65199930432427,0.850295487297327,0.894425171946635,0.326977610473478,0.327104212000667
