"","intercept class1","intercept class2","age.centered class1","age.centered class2","varcov 1","varcov 2","varcov 3","stderr","bic.select","icl.select","ARI","MCR","RI","JI","FMI","mean.pprob.misc","mean.pprob.correct","btr.est.hm1","btr.est.best"
"1",6.04934003982684,7.57411585370752,-0.462405295309805,-1.57816242874892,4.86671973060515,0.660727917215496,0.0897055984658844,3.13520069252278,1,2,0.185811552399771,0.284,0.592904904904905,0.421601756721394,0.593136964634688,0.63995173686706,0.790858286924996,0.389495032551268,0.390472014446718
