"","intercept class1","intercept class2","age.centered class1","age.centered class2","varcov 1","varcov 2","varcov 3","stderr","bic.select","icl.select","ARI","MCR","RI","JI","FMI","mean.pprob.misc","mean.pprob.correct","btr.est.hm1","btr.est.best"
"1",7.54865234128442,5.80323118259885,-1.48071304096332,-0.467419005470646,4.48646747301378,0.785431507095905,0.137503042245916,3.16363237716399,1,2,0.191059906270471,0.281,0.595517517517517,0.43004118709095,0.601512320924918,0.665266164230968,0.785682691561195,0.373617897280862,0.374625720712266
