"","intercept class1","intercept class2","age.centered class1","age.centered class2","varcov 1","varcov 2","varcov 3","stderr","bic.select","icl.select","ARI","MCR","RI","JI","FMI","mean.pprob.misc","mean.pprob.correct","btr.est.hm1","btr.est.best"
"1",7.11806918026477,5.70966718611092,-1.3340157584607,-0.218116502166475,5.794839598632,0.571690097725578,0.0564120604219993,3.17532715483354,1,2,0.120499706705388,0.326,0.560112112112112,0.448708105639775,0.625250173710776,0.685101893020366,0.820944588477421,0.405547510902372,0.406301355217939
