"","intercept class1","intercept class2","age.centered class1","age.centered class2","varcov 1","varcov 2","varcov 3","stderr","bic.select","icl.select","ARI","MCR","RI","JI","FMI","mean.pprob.misc","mean.pprob.correct","btr.est.hm1","btr.est.best"
"1",5.71157307197641,8.08663052900614,-1.47812896806963,-0.491701864633576,4.03998451575713,-0.297853058151027,0.0398711303915137,3.14853218708536,1,2,-0.000423486152435694,0.488,0.499787787787788,0.333130488162917,0.499771999094191,0.711593286311649,0.730807244697354,0.376972196904034,0.376962237651654
