"","intercept class1","intercept class2","age.centered class1","age.centered class2","varcov 1","varcov 2","varcov 3","stderr","bic.select","icl.select","ARI","MCR","RI","JI","FMI","mean.pprob.misc","mean.pprob.correct","btr.est.hm1","btr.est.best"
"1",5.47745004516151,7.4694612622537,-0.32880961222311,-1.36603607731193,4.10879423557173,0.6736689531387,0.110479501494728,3.19619069761552,1,2,0.152962846554736,0.304,0.576408408408408,0.438656068597383,0.611763866715142,0.709967884856376,0.851364608618519,0.362895466242563,0.363364062148508
