"","intercept class1","intercept class2","age.centered class1","age.centered class2","varcov 1","varcov 2","varcov 3","stderr","bic.select","icl.select","ARI","MCR","RI","JI","FMI","mean.pprob.misc","mean.pprob.correct","btr.est.hm1","btr.est.best"
"1",7.24041061236922,6.26681956887015,-1.51327116040249,-0.338102318103492,4.91551751423411,0.699244529652777,0.0994693723859138,3.16320661320708,1,2,0.168914331919485,0.294,0.584456456456456,0.413030937164188,0.584603357621842,0.627884977651022,0.765060564147901,0.370251510319797,0.37285198959021
