"","intercept class1","intercept class2","age.centered class1","age.centered class2","varcov 1","varcov 2","varcov 3","stderr","bic.select","icl.select","ARI","MCR","RI","JI","FMI","mean.pprob.misc","mean.pprob.correct","btr.est.hm1","btr.est.best"
"1",8.82086721323838,6.02240559264782,-1.43772121789965,-0.912569144468072,3.80254447549581,0.579725994868941,0.282647772326345,3.18472599847909,1,2,0.0629502120171921,0.374,0.531283283283283,0.43957564354824,0.619751584551277,0.752172218064708,0.860520982573762,0.374865265121962,0.374416600940751
