"","intercept class1","intercept class2","age.centered class1","age.centered class2","varcov 1","varcov 2","varcov 3","stderr","bic.select","icl.select","ARI","MCR","RI","JI","FMI","mean.pprob.misc","mean.pprob.correct","btr.est.hm1","btr.est.best"
"1",7.89900569085019,4.93363215354897,-0.66981939766533,-1.4910006892618,3.05694510886576,-0.24008735759701,0.266639011577231,3.20851811068249,1,2,0.00146120527017464,0.476,0.500652652652653,0.366645167515629,0.537991533191948,0.742011276434043,0.758256490638122,0.371039449813236,0.370826222662559
