"","intercept class1","intercept class2","age.centered class1","age.centered class2","varcov 1","varcov 2","varcov 3","stderr","bic.select","icl.select","ARI","MCR","RI","JI","FMI","mean.pprob.misc","mean.pprob.correct","btr.est.hm1","btr.est.best"
"1",14.9336633176264,6.66187701629564,3.33678165138199,-1.0222526302295,5.86185926564967,0.239567387786945,0.310309282447286,3.03882452117026,1,2,-7.99205586432216e-06,0.5,0.4994994994995,0.498497498505523,0.705336445614109,0.999998654817783,0.999999619459227,0.417850790679106,0.41885779839242
