"","intercept class1","intercept class2","age.centered class1","age.centered class2","varcov 1","varcov 2","varcov 3","stderr","bic.select","icl.select","ARI","MCR","RI","JI","FMI","mean.pprob.misc","mean.pprob.correct","btr.est.hm1","btr.est.best"
"1",8.16067539562213,5.04336419265416,-1.22867794673514,-0.659003579954169,2.78653178705595,0.479658793802872,0.167240820332629,3.17411567186887,1,2,0.157608529481419,0.301,0.578780780780781,0.418433854828902,0.590218947545582,0.714527253633648,0.85519764451011,0.366056533691037,0.365606262733598
