"","intercept class1","intercept class2","age.centered class1","age.centered class2","varcov 1","varcov 2","varcov 3","stderr","bic.select","icl.select","ARI","MCR","RI","JI","FMI","mean.pprob.misc","mean.pprob.correct","btr.est.hm1","btr.est.best"
"1",8.11951220655964,5.9533707306342,-1.45634092235032,-0.787657586042763,4.22331700342968,0.805958456698083,0.367118524978932,3.10888077363717,1,2,0.0991450550163914,0.342,0.549477477477477,0.420709041671386,0.594991726804681,0.666371483237055,0.77036971646515,0.391978814531076,0.392054786812039
