"","intercept class1","intercept class2","age.centered class1","age.centered class2","varcov 1","varcov 2","varcov 3","stderr","bic.select","icl.select","ARI","MCR","RI","JI","FMI","mean.pprob.misc","mean.pprob.correct","btr.est.hm1","btr.est.best"
"1",7.96197098493035,5.04459626769075,-1.26484945955744,-0.645156865928367,3.48374029151076,0.981447741985856,0.276495868010454,3.18153533426747,1,2,0.155978284368538,0.302,0.577985985985986,0.407803211632898,0.579352062711908,0.711301506290063,0.858333585054772,0.377358611680167,0.379145977911461
