"","intercept class1","intercept class2","age.centered class1","age.centered class2","varcov 1","varcov 2","varcov 3","stderr","bic.select","icl.select","ARI","MCR","RI","JI","FMI","mean.pprob.misc","mean.pprob.correct","btr.est.hm1","btr.est.best"
"1",4.90646646586109,8.74832541966278,-1.16005991200852,-0.834003337679883,1.79841015108162,0.0411292417891622,0.370851772193298,3.13185114152578,1,2,0.0528839603107815,0.384,0.526438438438438,0.35866388308977,0.527970287737032,0.806554673540642,0.861232029182839,0.390346302994608,0.390580873575198
