"","intercept class1","intercept class2","age.centered class1","age.centered class2","varcov 1","varcov 2","varcov 3","stderr","bic.select","icl.select","ARI","MCR","RI","JI","FMI","mean.pprob.misc","mean.pprob.correct","btr.est.hm1","btr.est.best"
"1",5.77280818819131,7.98262802425284,-1.40006132763201,-0.483405518511884,3.81579171757125,-0.172358591032673,0.0787693035591865,3.26985873085632,1,2,0.00652615447738038,0.457,0.503201201201201,0.362473024355154,0.533011898057156,0.685767592287156,0.699801056447204,0.341067403032193,0.341127619012818
