"","intercept class1","intercept class2","age.centered class1","age.centered class2","varcov 1","varcov 2","varcov 3","stderr","bic.select","icl.select","ARI","MCR","RI","JI","FMI","mean.pprob.misc","mean.pprob.correct","btr.est.hm1","btr.est.best"
"1",7.16796115443039,5.86221716677614,-1.41782844762688,-0.305599386054226,5.04069371227494,0.491646475757474,0.0479550139691341,3.19155412537334,1,2,0.13769718227943,0.314,0.568760760760761,0.437205413596698,0.61105029498318,0.679772915943605,0.799550665625595,0.371642711128962,0.374321445329674
