"","intercept class1","intercept class2","age.centered class1","age.centered class2","varcov 1","varcov 2","varcov 3","stderr","bic.select","icl.select","ARI","MCR","RI","JI","FMI","mean.pprob.misc","mean.pprob.correct","btr.est.hm1","btr.est.best"
"1",6.14160421585564,7.252566310716,-0.359761243447901,-1.43476013685623,4.673637145621,0.619233855387927,0.105946501785517,3.15274141190181,1,2,0.136127163276148,0.315,0.568018018018018,0.417881577243493,0.590199599574722,0.639352849860513,0.775451025480509,0.368306631879701,0.368169483308091
