"","intercept class1","intercept class2","age.centered class1","age.centered class2","varcov 1","varcov 2","varcov 3","stderr","bic.select","icl.select","ARI","MCR","RI","JI","FMI","mean.pprob.misc","mean.pprob.correct","btr.est.hm1","btr.est.best"
"1",5.76247150915529,7.58240807656827,-0.564602112813502,-1.40355375709219,4.54367822905351,0.704723264870383,0.109305653174931,3.27256427224316,1,2,0.257336877047139,0.246,0.628660660660661,0.462334048350629,0.632360696328579,0.626225186281369,0.757161688445945,0.354154577998124,0.354655213336328
