"","intercept class1","intercept class2","age.centered class1","age.centered class2","varcov 1","varcov 2","varcov 3","stderr","bic.select","icl.select","ARI","MCR","RI","JI","FMI","mean.pprob.misc","mean.pprob.correct","btr.est.hm1","btr.est.best"
"1",7.15994422512508,6.28502258806813,-1.47210347831031,-0.489210799886695,4.88724644284779,0.357147295098298,0.0260995085286522,3.18580388004149,1,2,0.170566696217334,0.293,0.585283283283283,0.413535473642489,0.585108121625772,0.603208728202868,0.706519419314737,0.355698905979463,0.357006272226763
