"","intercept class1","intercept class2","age.centered class1","age.centered class2","varcov 1","varcov 2","varcov 3","stderr","bic.select","icl.select","ARI","MCR","RI","JI","FMI","mean.pprob.misc","mean.pprob.correct","btr.est.hm1","btr.est.best"
"1",9.11060302833161,5.71132861785286,-0.521387123017612,-1.21708754341119,2.91292047079785,-0.121755614919233,0.264796138976062,3.12983731853872,1,2,0.00701058338439811,0.456,0.503375375375375,0.389456066945607,0.564403799496613,0.80744204680259,0.828441116817863,0.384555083708038,0.384795146618591
