"","intercept class1","intercept class2","age.centered class1","age.centered class2","varcov 1","varcov 2","varcov 3","stderr","bic.select","icl.select","ARI","MCR","RI","JI","FMI","mean.pprob.misc","mean.pprob.correct","btr.est.hm1","btr.est.best"
"1",5.9114688978826,7.5133635170003,-0.497885660290235,-1.42141351687878,4.22848163885898,0.565871707669653,0.0757298872678236,3.13392052805838,1,2,0.175589142820416,0.29,0.587787787787788,0.419391587804685,0.590967702583827,0.647213079292383,0.746454439198571,0.359152220857019,0.359363594840752
