"","intercept class1","intercept class2","age.centered class1","age.centered class2","varcov 1","varcov 2","varcov 3","stderr","bic.select","icl.select","ARI","MCR","RI","JI","FMI","mean.pprob.misc","mean.pprob.correct","btr.est.hm1","btr.est.best"
"1",8.32183385186678,5.05745692080936,-1.10182554986162,-0.999289028636177,2.49719524119227,0.446443758880795,0.33546259517891,3.14183540864344,1,2,0.0878932627924279,0.351,0.543945945945946,0.373683023931022,0.544060470719473,0.721222575629385,0.814418336264445,0.368080985189315,0.368178223174732
