"","intercept class1","intercept class2","age.centered class1","age.centered class2","varcov 1","varcov 2","varcov 3","stderr","bic.select","icl.select","ARI","MCR","RI","JI","FMI","mean.pprob.misc","mean.pprob.correct","btr.est.hm1","btr.est.best"
"1",7.25804544223473,5.7621102456134,-1.37108990408395,-0.25386153565061,5.41986312348373,0.723291784134726,0.16838169907089,3.11589902722341,1,2,0.124671284915041,0.323,0.56222022022022,0.441966518654622,0.617236536320873,0.708527635703407,0.823751480278993,0.414466881721823,0.414535336424
