"","intercept class1","intercept class2","age.centered class1","age.centered class2","varcov 1","varcov 2","varcov 3","stderr","bic.select","icl.select","ARI","MCR","RI","JI","FMI","mean.pprob.misc","mean.pprob.correct","btr.est.hm1","btr.est.best"
"1",7.73664963535197,5.7919190259546,-1.4650137476935,-0.550859068668925,4.38588253393879,0.661198449388718,0.0996796850218687,3.18919022524012,1,2,0.170566004746107,0.293,0.585283283283283,0.41336274765233,0.58493511843734,0.620720667361122,0.778701377670266,0.366957914310574,0.368464275725419
