"","intercept class1","intercept class2","age.centered class1","age.centered class2","varcov 1","varcov 2","varcov 3","stderr","bic.select","icl.select","ARI","MCR","RI","JI","FMI","mean.pprob.misc","mean.pprob.correct","btr.est.hm1","btr.est.best"
"1",7.29529327182019,6.45409125362891,-1.70742678226716,-0.52262655109933,4.81591347078138,0.486199112954857,0.0490881608874078,3.17997618920401,1,2,0.151404709097206,0.305,0.575625625625626,0.439474630591371,0.612735928809472,0.657140076683277,0.783861111096289,0.360638314098542,0.36250414392529
