"","intercept class1","intercept class2","age.centered class1","age.centered class2","varcov 1","varcov 2","varcov 3","stderr","bic.select","icl.select","ARI","MCR","RI","JI","FMI","mean.pprob.misc","mean.pprob.correct","btr.est.hm1","btr.est.best"
"1",5.97059407160314,7.26196523446155,-0.340341765724118,-1.5013867722661,5.30196597150387,0.682043192642962,0.088096393357327,3.11710698905953,1,2,0.160853283723867,0.299,0.580382382382382,0.429792918081309,0.601965717469108,0.662235638977702,0.787191611737485,0.402251044875776,0.402348840674188
