"","intercept class1","intercept class2","age.centered class1","age.centered class2","varcov 1","varcov 2","varcov 3","stderr","bic.select","icl.select","ARI","MCR","RI","JI","FMI","mean.pprob.misc","mean.pprob.correct","btr.est.hm1","btr.est.best"
"1",6.51538406707215,9.50917034287285,-1.12416587240028,-0.210564531651712,4.26392406051819,-0.194533927291104,0.201357649804625,3.16821507588202,1,2,-0.000172143932656312,0.497,0.499517517517517,0.47204482289634,0.668908376034757,0.921699227142335,0.90415540111505,0.37686165022695,0.377309815129087
