"","intercept class1","intercept class2","age.centered class1","age.centered class2","varcov 1","varcov 2","varcov 3","stderr","bic.select","icl.select","ARI","MCR","RI","JI","FMI","mean.pprob.misc","mean.pprob.correct","btr.est.hm1","btr.est.best"
"1",7.38811699222861,5.88034461862151,-1.38482793845115,-0.574470484051468,4.60001699842849,0.647576125549094,0.0911638089960194,3.17499220269617,1,2,0.172264675086616,0.292,0.586114114114114,0.423308023186401,0.594967064804489,0.615180426632706,0.734837732692195,0.353774122476378,0.355092805112559
