"","intercept class1","intercept class2","age.centered class1","age.centered class2","varcov 1","varcov 2","varcov 3","stderr","bic.select","icl.select","ARI","MCR","RI","JI","FMI","mean.pprob.misc","mean.pprob.correct","btr.est.hm1","btr.est.best"
"1",5.77748426268111,7.59685489957998,-0.630871597285189,-1.46766786928807,5.62231027696926,0.91629838848541,0.149334193940695,3.19215976725564,1,2,0.199910490606131,0.276,0.599951951951952,0.42999281158362,0.601397922583631,0.607273988804498,0.760647973287566,0.401236375927674,0.402061449464568
