"","intercept class1","intercept class2","age.centered class1","age.centered class2","varcov 1","varcov 2","varcov 3","stderr","bic.select","icl.select","ARI","MCR","RI","JI","FMI","mean.pprob.misc","mean.pprob.correct","btr.est.hm1","btr.est.best"
"1",4.66616926504254,7.66944498418803,-1.35618726491458,-0.851772478072986,4.01049068249932,-0.159747457939205,0.269518520448959,3.23503390062235,1,2,0.00867179554697373,0.452,0.504112112112112,0.423689378216642,0.605595965328506,0.774664517242259,0.808294944948527,0.386041365271227,0.386207558053198
