"","intercept class1","intercept class2","age.centered class1","age.centered class2","varcov 1","varcov 2","varcov 3","stderr","bic.select","icl.select","ARI","MCR","RI","JI","FMI","mean.pprob.misc","mean.pprob.correct","btr.est.hm1","btr.est.best"
"1",5.38781204754005,8.13781810470849,-0.850457813493358,-1.04858480126633,3.24464292863325,0.444524901949316,0.243259463940278,3.1520686490144,1,2,0.0902964491410272,0.349,0.545147147147147,0.375002750880282,0.545458227546829,0.679461823013762,0.751700963038537,0.360949706505493,0.360757839577804
