"","intercept class1","intercept class2","age.centered class1","age.centered class2","varcov 1","varcov 2","varcov 3","stderr","bic.select","icl.select","ARI","MCR","RI","JI","FMI","mean.pprob.misc","mean.pprob.correct","btr.est.hm1","btr.est.best"
"1",6.0208893872551,7.59434843584016,-0.517568872174705,-1.55223043890165,5.02872614691552,0.562683124461516,0.0629613691972641,3.14243158420287,1,2,0.214515276934074,0.268,0.607255255255255,0.437036186759262,0.608250373046978,0.619594492756905,0.765514144771768,0.388747159682316,0.390907291781849
