"","intercept class1","intercept class2","age.centered class1","age.centered class2","varcov 1","varcov 2","varcov 3","stderr","bic.select","icl.select","ARI","MCR","RI","JI","FMI","mean.pprob.misc","mean.pprob.correct","btr.est.hm1","btr.est.best"
"1",8.39073024670525,4.983303894635,-0.814345961026597,-1.2514239717674,2.55720836860048,-0.073045548661765,0.285652692314672,3.15452999167323,1,2,0.0440115524090765,0.394,0.521993993993994,0.358302739718664,0.527616504001446,0.727971705868497,0.790999870400469,0.380329356374229,0.380220954249076
