"","intercept class1","intercept class2","age.centered class1","age.centered class2","varcov 1","varcov 2","varcov 3","stderr","bic.select","icl.select","ARI","MCR","RI","JI","FMI","mean.pprob.misc","mean.pprob.correct","btr.est.hm1","btr.est.best"
"1",8.6276317786566,5.18317015405263,-0.563004973038037,-1.41629208527997,2.85068608174838,-0.251188665277585,0.185108559105204,3.19180921753471,1,2,0.00479612166367001,0.462,0.50239039039039,0.338640753965931,0.505963944391982,0.787781965773993,0.791606737455526,0.388729203324165,0.388449740477416
