"","intercept class1","intercept class2","age.centered class1","age.centered class2","varcov 1","varcov 2","varcov 3","stderr","bic.select","icl.select","ARI","MCR","RI","JI","FMI","mean.pprob.misc","mean.pprob.correct","btr.est.hm1","btr.est.best"
"1",6.206622191477,8.2759689516779,-0.744360319174787,-1.78750563728307,3.99149996316633,0.745370846169705,0.139190230640784,3.18856123710192,1,2,0.08704890658327,0.352,0.543351351351351,0.4449948902623,0.623923818215379,0.772619315648442,0.88740633373813,0.355143818001876,0.355154895393244
