"","intercept class1","intercept class2","age.centered class1","age.centered class2","varcov 1","varcov 2","varcov 3","stderr","bic.select","icl.select","ARI","MCR","RI","JI","FMI","mean.pprob.misc","mean.pprob.correct","btr.est.hm1","btr.est.best"
"1",6.73026121180023,13.7907047738289,-1.0002920358299,-0.58821953913205,5.35698370444162,0.531118252475701,0.558658654411486,3.04306849814687,1,2,0.000112227790349323,0.494,0.499571571571572,0.495546039062468,0.701155957926836,0.998261766393781,0.999479784015201,0.44018917881585,0.439805989136275
