"","intercept class1","intercept class2","age.centered class1","age.centered class2","varcov 1","varcov 2","varcov 3","stderr","bic.select","icl.select","ARI","MCR","RI","JI","FMI","mean.pprob.misc","mean.pprob.correct","btr.est.hm1","btr.est.best"
"1",7.66234955050869,5.78429534451356,-1.46565680430994,-0.571181412472513,4.14509625585391,0.56959106484421,0.078279021727756,3.17237589786009,1,2,0.214510340504903,0.268,0.607255255255255,0.435766755060601,0.607016128648247,0.622434267535432,0.775724719372073,0.360373344133184,0.36032700731932
