"","intercept class1","intercept class2","age.centered class1","age.centered class2","varcov 1","varcov 2","varcov 3","stderr","bic.select","icl.select","ARI","MCR","RI","JI","FMI","mean.pprob.misc","mean.pprob.correct","btr.est.hm1","btr.est.best"
"1",5.73698627684714,7.66625866544262,-0.547800105097978,-1.40191197758666,4.75868989999466,0.599396105659163,0.108224062591882,3.15121436168213,1,2,0.231569448889194,0.259,0.615777777777778,0.448254944802208,0.619055321373998,0.624798282780901,0.764004022219351,0.390881060751395,0.390632857144455
