"","intercept class1","intercept class2","age.centered class1","age.centered class2","varcov 1","varcov 2","varcov 3","stderr","bic.select","icl.select","ARI","MCR","RI","JI","FMI","mean.pprob.misc","mean.pprob.correct","btr.est.hm1","btr.est.best"
"1",5.28524644744336,8.89776357318727,-1.20972334286754,-0.697441404071335,2.91795362369131,-0.0219178122206546,0.245771948854965,3.17129484319517,1,2,0.035192671623531,0.405,0.517567567567568,0.361743547908632,0.531524853102296,0.775071989888239,0.795105765839759,0.395850096597594,0.39566127670535
