"","intercept class1","intercept class2","age.centered class1","age.centered class2","varcov 1","varcov 2","varcov 3","stderr","bic.select","icl.select","ARI","MCR","RI","JI","FMI","mean.pprob.misc","mean.pprob.correct","btr.est.hm1","btr.est.best"
"1",6.1098307863908,7.36013920629237,-0.338251001443195,-1.42745797388159,4.05182569927291,0.496247395743773,0.0607786426258031,3.2214741433798,1,2,0.216395359132372,0.267,0.608186186186186,0.442641111807256,0.613722328055373,0.641119970302539,0.774437574878845,0.333914800450721,0.335224155921854
