"","intercept class1","intercept class2","age.centered class1","age.centered class2","varcov 1","varcov 2","varcov 3","stderr","bic.select","icl.select","ARI","MCR","RI","JI","FMI","mean.pprob.misc","mean.pprob.correct","btr.est.hm1","btr.est.best"
"1",2.58687763688172,6.89639461992364,-0.910528372961603,-1.04477709155028,4.79035208481359,0.433354808411617,0.477199236354576,3.23621376476247,1,2,0.000160294012661853,0.493,0.499597597597598,0.495064805986069,0.700471795352703,0.975854833110324,0.991911010570768,0.38580501102331,0.385683639799224
