"","intercept class1","intercept class2","age.centered class1","age.centered class2","varcov 1","varcov 2","varcov 3","stderr","bic.select","icl.select","ARI","MCR","RI","JI","FMI","mean.pprob.misc","mean.pprob.correct","btr.est.hm1","btr.est.best"
"1",3.74443782627014,7.15371890205028,-1.13413133028741,-1.01237936713397,4.30480322750419,0.169836822403749,0.22550765709987,3.20257890842584,1,2,0.00147615505657264,0.48,0.5003003003003,0.484097128636743,0.685027405609802,0.898409108518143,0.948092832323127,0.370641315484155,0.370690734320453
