"","intercept class1","intercept class2","age.centered class1","age.centered class2","varcov 1","varcov 2","varcov 3","stderr","bic.select","icl.select","ARI","MCR","RI","JI","FMI","mean.pprob.misc","mean.pprob.correct","btr.est.hm1","btr.est.best"
"1",8.1754813924682,5.30461698910667,-1.37181296692361,-0.812794921892027,3.98936976485764,0.706747656630081,0.223208250613168,3.24557810416147,1,2,0.157561288064699,0.301,0.578780780780781,0.406965928564986,0.578501502597493,0.670904252235648,0.803416678607717,0.385193221004888,0.38535905665649
