"","intercept class1","intercept class2","age.centered class1","age.centered class2","varcov 1","varcov 2","varcov 3","stderr","bic.select","icl.select","ARI","MCR","RI","JI","FMI","mean.pprob.misc","mean.pprob.correct","btr.est.hm1","btr.est.best"
"1",6.03517094272282,7.53869551571804,-0.592261791108228,-1.60173897460866,5.06659225646266,0.629012530820966,0.078091538978389,3.19067487284445,1,2,0.209040684728832,0.271,0.604486486486487,0.449825110559089,0.621058495911965,0.650176785208903,0.75914323684986,0.376813831564238,0.378382763541721
