"","intercept class1","intercept class2","age.centered class1","age.centered class2","varcov 1","varcov 2","varcov 3","stderr","bic.select","icl.select","ARI","MCR","RI","JI","FMI","mean.pprob.misc","mean.pprob.correct","btr.est.hm1","btr.est.best"
"1",8.00545049947598,5.53497489145608,-1.27394383479909,-0.617058570424216,3.10510904627806,0.695939342242363,0.227427471810169,3.17154941719226,1,2,0.168940272903928,0.294,0.584456456456456,0.419424134439491,0.591060101269112,0.701072031617245,0.797913075432684,0.340298832857116,0.341301900643367
