"","intercept class1","intercept class2","age.centered class1","age.centered class2","varcov 1","varcov 2","varcov 3","stderr","bic.select","icl.select","ARI","MCR","RI","JI","FMI","mean.pprob.misc","mean.pprob.correct","btr.est.hm1","btr.est.best"
"1",7.47132009853432,5.59256783595584,-1.42700217429779,-0.68797291901845,4.5712730321677,0.673700575068662,0.133249840042279,3.18224280674593,1,2,0.198116810624422,0.277,0.599057057057057,0.428091267348221,0.599530705275184,0.605503774239061,0.751291512492705,0.368169839521818,0.368457060603578
