"","intercept class1","intercept class2","age.centered class1","age.centered class2","varcov 1","varcov 2","varcov 3","stderr","bic.select","icl.select","ARI","MCR","RI","JI","FMI","mean.pprob.misc","mean.pprob.correct","btr.est.hm1","btr.est.best"
"1",6.89474508915146,2.78840104574032,-0.940944887879728,-2.00605159498863,4.22337018583432,0.018044668302415,0.288041056630938,3.12236564478384,1,2,-7.06359022324629e-05,0.499,0.499501501501502,0.489985311518218,0.693415581134111,0.972644427482629,0.98019582203571,0.385204015945972,0.385045203033378
