"","intercept class1","intercept class2","age.centered class1","age.centered class2","varcov 1","varcov 2","varcov 3","stderr","bic.select","icl.select","ARI","MCR","RI","JI","FMI","mean.pprob.misc","mean.pprob.correct","btr.est.hm1","btr.est.best"
"1",4.4913736266244,8.17915993778323,-1.03956988865029,-0.905431149013739,1.73325484617829,0.278001246726511,0.334393132535582,3.22794341412646,1,2,0.0399451170267964,0.399,0.519921921921922,0.373375944643622,0.544430620252388,0.790704495526084,0.865917017051477,0.345884430369952,0.34613860775869
