"","intercept class1","intercept class2","age.centered class1","age.centered class2","varcov 1","varcov 2","varcov 3","stderr","bic.select","icl.select","ARI","MCR","RI","JI","FMI","mean.pprob.misc","mean.pprob.correct","btr.est.hm1","btr.est.best"
"1",7.9248510366245,5.46221911595272,-1.43725518219927,-0.558697554042473,4.52440549188187,0.845414495984322,0.157971359524563,3.1192262294072,1,2,0.185809633592432,0.284,0.592904904904905,0.421117658780995,0.592657038125672,0.675794615425931,0.824533301537352,0.406687098427576,0.408108001167044
