"","intercept class1","intercept class2","age.centered class1","age.centered class2","varcov 1","varcov 2","varcov 3","stderr","bic.select","icl.select","ARI","MCR","RI","JI","FMI","mean.pprob.misc","mean.pprob.correct","btr.est.hm1","btr.est.best"
"1",8.41981780909314,5.45275990189784,-1.22043474933861,-0.710165991874161,2.93104883122476,0.793859267222,0.319507368485263,3.17822711784184,1,2,0.178963030396657,0.288,0.589477477477477,0.419729469692682,0.591289502633775,0.720932095487352,0.826362103245725,0.367859907897289,0.367266747640275
