"","intercept class1","intercept class2","age.centered class1","age.centered class2","varcov 1","varcov 2","varcov 3","stderr","bic.select","icl.select","ARI","MCR","RI","JI","FMI","mean.pprob.misc","mean.pprob.correct","btr.est.hm1","btr.est.best"
"1",7.50251391230851,5.34561624239871,-1.24759904932998,-0.480865439787666,4.54288167831559,0.870626317422713,0.16685513715641,3.17406981392371,1,2,0.182445290626883,0.286,0.591183183183183,0.438645297853039,0.610463654385979,0.673113436806231,0.788869293755058,0.376521429451375,0.377378010636181
