"","intercept class1","intercept class2","age.centered class1","age.centered class2","varcov 1","varcov 2","varcov 3","stderr","bic.select","icl.select","ARI","MCR","RI","JI","FMI","mean.pprob.misc","mean.pprob.correct","btr.est.hm1","btr.est.best"
"1",7.30013511770079,5.95718120263002,-1.5779907355904,-0.510388362124882,5.25405189229754,0.713151565169437,0.0967995285676524,3.27905931958384,1,2,0.192803630889494,0.28,0.596396396396396,0.427435387673956,0.598901157392931,0.625389866718918,0.752863337062522,0.37172451596593,0.373335358922313
