"","intercept class1","intercept class2","age.centered class1","age.centered class2","varcov 1","varcov 2","varcov 3","stderr","bic.select","icl.select","ARI","MCR","RI","JI","FMI","mean.pprob.misc","mean.pprob.correct","btr.est.hm1","btr.est.best"
"1",4.98778397687569,8.1717189298805,-0.730165917258267,-1.0731487380877,3.00815047457823,0.651458176766646,0.481987259591086,3.04767669218065,1,2,0.113433253790857,0.331,0.556678678678679,0.403167989132778,0.575149575056438,0.737826963329052,0.829449864532154,0.410649071788806,0.410933228138526
