"","intercept class1","intercept class2","age.centered class1","age.centered class2","varcov 1","varcov 2","varcov 3","stderr","bic.select","icl.select","ARI","MCR","RI","JI","FMI","mean.pprob.misc","mean.pprob.correct","btr.est.hm1","btr.est.best"
"1",5.42953138369942,7.88096643809931,-0.496014161806582,-1.34996447692234,4.00657957382747,0.745187614303702,0.204819639238849,3.10275673907512,1,2,0.177292754924685,0.289,0.588630630630631,0.424654197233578,0.596261192668136,0.684436047073046,0.825755649053581,0.398884729775636,0.398587812406725
