"","intercept class1","intercept class2","age.centered class1","age.centered class2","varcov 1","varcov 2","varcov 3","stderr","bic.select","icl.select","ARI","MCR","RI","JI","FMI","mean.pprob.misc","mean.pprob.correct","btr.est.hm1","btr.est.best"
"1",5.38981060579493,8.72001210025664,-0.850980340268859,-1.24030020474544,3.16031359222384,0.643306945384668,0.363495435086599,3.15317157766295,1,2,0.113431178795454,0.331,0.556678678678679,0.402697905764811,0.574646104933907,0.753355893665524,0.833602689801752,0.402798798946478,0.402300192022215
