"","intercept class1","intercept class2","age.centered class1","age.centered class2","varcov 1","varcov 2","varcov 3","stderr","bic.select","icl.select","ARI","MCR","RI","JI","FMI","mean.pprob.misc","mean.pprob.correct","btr.est.hm1","btr.est.best"
"1",8.0126007589331,6.27757652014564,-1.5039129791835,-0.66368359691541,4.43523137935463,0.54638750542106,0.0673110551308136,3.1781824678734,1,2,0.139179626476692,0.313,0.569507507507508,0.435608247855621,0.609208870711152,0.66360524654609,0.774526134096914,0.352019657607254,0.353840487485145
