"","intercept class1","intercept class2","age.centered class1","age.centered class2","varcov 1","varcov 2","varcov 3","stderr","bic.select","icl.select","ARI","MCR","RI","JI","FMI","mean.pprob.misc","mean.pprob.correct","btr.est.hm1","btr.est.best"
"1",5.87765525667701,7.40747433731133,-0.499150351492824,-1.53934602549031,4.76650126356169,0.568805018136304,0.0678777653047658,3.14744012719849,1,2,0.198113699511993,0.277,0.599057057057057,0.427299711749634,0.598752624677735,0.635776171694106,0.768682084111495,0.381190507296562,0.381950302814236
