"","intercept class1","intercept class2","age.centered class1","age.centered class2","varcov 1","varcov 2","varcov 3","stderr","bic.select","icl.select","ARI","MCR","RI","JI","FMI","mean.pprob.misc","mean.pprob.correct","btr.est.hm1","btr.est.best"
"1",8.03955271662518,4.63962529764356,-1.09798500354637,-0.868798544274498,2.91540457894192,0.585212024793968,0.13678295868215,3.24165407592954,1,2,0.0867978439975236,0.352,0.543351351351351,0.394440757161441,0.566440770996425,0.73584122359906,0.861347434387749,0.356476228460641,0.35596246766795
