"","intercept class1","intercept class2","age.centered class1","age.centered class2","varcov 1","varcov 2","varcov 3","stderr","bic.select","icl.select","ARI","MCR","RI","JI","FMI","mean.pprob.misc","mean.pprob.correct","btr.est.hm1","btr.est.best"
"1",4.80819010919515,8.05922848793412,-1.48327446736386,-0.631455862651739,2.65713794549527,-0.252695542135865,0.211038318610793,3.15425382781724,1,2,0.00134927791388114,0.476,0.500652652652653,0.343327277992786,0.511283525883982,0.787126107343897,0.789907031638878,0.373889738279516,0.374116007230075
