"","intercept class1","intercept class2","age.centered class1","age.centered class2","varcov 1","varcov 2","varcov 3","stderr","bic.select","icl.select","ARI","MCR","RI","JI","FMI","mean.pprob.misc","mean.pprob.correct","btr.est.hm1","btr.est.best"
"1",7.5639541168295,5.87146759637809,-1.52229346151656,-0.572572821929946,4.967783804933,0.851014933855556,0.145785086740444,3.14207176016616,1,2,0.245264425400019,0.252,0.622630630630631,0.452676569995006,0.623233138331651,0.622728183134483,0.765411895543788,0.388723330732524,0.38952516291263
