"","intercept class1","intercept class2","age.centered class1","age.centered class2","varcov 1","varcov 2","varcov 3","stderr","bic.select","icl.select","ARI","MCR","RI","JI","FMI","mean.pprob.misc","mean.pprob.correct","btr.est.hm1","btr.est.best"
"1",7.72649885604324,5.27987392182594,-0.490521838505497,-1.62527825326873,3.96465912626729,-0.284554810546225,0.0844173442080667,3.12353904283993,1,2,0.00612231608524191,0.458,0.503031031031031,0.348984804854893,0.517634932854603,0.721366493661043,0.76215616750881,0.389002867166273,0.389430132257144
