"","intercept class1","intercept class2","age.centered class1","age.centered class2","varcov 1","varcov 2","varcov 3","stderr","bic.select","icl.select","ARI","MCR","RI","JI","FMI","mean.pprob.misc","mean.pprob.correct","btr.est.hm1","btr.est.best"
"1",8.00667407806128,6.04450887980225,-1.52189391190618,-0.625727711850443,4.84529285401547,0.786156298222416,0.12755854602866,3.21540387975436,1,2,0.157664110367214,0.301,0.578780780780781,0.431372496027156,0.603749870611347,0.656245473590862,0.803051106072832,0.376081773109379,0.378014817663633
