"","intercept class1","intercept class2","age.centered class1","age.centered class2","varcov 1","varcov 2","varcov 3","stderr","bic.select","icl.select","ARI","MCR","RI","JI","FMI","mean.pprob.misc","mean.pprob.correct","btr.est.hm1","btr.est.best"
"1",5.93203007558009,8.62726240114407,-1.34309278390609,-0.218118572303611,4.079695746853,-0.146671071667587,0.198861479173097,3.12129925215201,1,2,0.00170384713683479,0.476,0.500652652652653,0.411930023105578,0.591784110466037,0.789464550870225,0.818609650528469,0.397833635609437,0.398054166893726
