"","intercept class1","intercept class2","age.centered class1","age.centered class2","varcov 1","varcov 2","varcov 3","stderr","bic.select","icl.select","ARI","MCR","RI","JI","FMI","mean.pprob.misc","mean.pprob.correct","btr.est.hm1","btr.est.best"
"1",3.26337199931185,7.36899870068954,-1.84688379326205,-0.901014981554853,4.1631550777641,-0.142807539047865,0.248891776581168,3.08869757139317,1,2,0.000595432708624121,0.485,0.49994994994995,0.458578637510513,0.650912092161213,0.927792968896137,0.946604440596465,0.420455038789941,0.420789374046934
