"","intercept class1","intercept class2","age.centered class1","age.centered class2","varcov 1","varcov 2","varcov 3","stderr","bic.select","icl.select","ARI","MCR","RI","JI","FMI","mean.pprob.misc","mean.pprob.correct","btr.est.hm1","btr.est.best"
"1",5.71531261258738,8.29540687564476,-0.731653603257527,-1.50685202046685,3.96095210800255,0.844594017927406,0.180092825088833,3.10629362600717,1,2,0.179032168629614,0.288,0.589477477477477,0.436482854520372,0.608336950687042,0.703001356124227,0.845001069351879,0.385460783593571,0.386941901785199
