"","intercept class1","intercept class2","age.centered class1","age.centered class2","varcov 1","varcov 2","varcov 3","stderr","bic.select","icl.select","ARI","MCR","RI","JI","FMI","mean.pprob.misc","mean.pprob.correct","btr.est.hm1","btr.est.best"
"1",7.69106232505211,5.76922952778128,-1.42991657976311,-0.440000491017918,4.69316341129706,0.939575128979346,0.188104865789402,3.14368170437317,1,2,0.20358639546783,0.274,0.601753753753754,0.449640884895032,0.621053258106198,0.666808244796612,0.816010205115691,0.383920352021936,0.386161507223255
