"","intercept class1","intercept class2","age.centered class1","age.centered class2","varcov 1","varcov 2","varcov 3","stderr","bic.select","icl.select","ARI","MCR","RI","JI","FMI","mean.pprob.misc","mean.pprob.correct","btr.est.hm1","btr.est.best"
"1",7.20937852795662,5.40183981031823,-1.24538262974636,-0.507546997934674,4.12351326694341,0.569754036046693,0.243479316660223,3.23112790341966,1,2,0.0823877230463267,0.356,0.541013013013013,0.445458723363084,0.624920345424716,0.686876668514143,0.802745258587721,0.348717446182678,0.348700415568446
