"","intercept class1","intercept class2","age.centered class1","age.centered class2","varcov 1","varcov 2","varcov 3","stderr","bic.select","icl.select","ARI","MCR","RI","JI","FMI","mean.pprob.misc","mean.pprob.correct","btr.est.hm1","btr.est.best"
"1",4.41531721412133,7.5990989222981,-1.38168205353054,-0.946150639696472,3.78998455668036,0.112548481258465,0.240476518288633,3.07582653027779,1,2,0.00987930144314432,0.449,0.504706706706707,0.427348943577209,0.610005932257368,0.792905103066365,0.832308934165277,0.397807128839536,0.397665066350431
