"","intercept class1","intercept class2","age.centered class1","age.centered class2","varcov 1","varcov 2","varcov 3","stderr","bic.select","icl.select","ARI","MCR","RI","JI","FMI","mean.pprob.misc","mean.pprob.correct","btr.est.hm1","btr.est.best"
"1",5.67911590572387,7.26960887898867,-1.79418821437697,-0.581567965616946,4.24716955838531,-0.0857881864269508,0.0448421093187402,3.22099232377549,1,2,0.0433260843193186,0.395,0.521571571571572,0.391871602776816,0.565263167700554,0.690345308642667,0.74548676100939,0.351093820571155,0.351505169974928
