"","intercept class1","intercept class2","age.centered class1","age.centered class2","varcov 1","varcov 2","varcov 3","stderr","bic.select","icl.select","ARI","MCR","RI","JI","FMI","mean.pprob.misc","mean.pprob.correct","btr.est.hm1","btr.est.best"
"1",7.96588886424045,5.62131990165077,-1.33060836202218,-0.571850998440637,4.53671587912033,0.962291186491479,0.204116043183358,3.11884952888324,1,2,0.194560104872479,0.279,0.597279279279279,0.425988175000856,0.59746446111686,0.649767284061857,0.80736270546491,0.397946879739436,0.398691559110874
