"","intercept class1","intercept class2","age.centered class1","age.centered class2","varcov 1","varcov 2","varcov 3","stderr","bic.select","icl.select","ARI","MCR","RI","JI","FMI","mean.pprob.misc","mean.pprob.correct","btr.est.hm1","btr.est.best"
"1",5.38452370054606,8.05423264685511,-0.685135496631154,-1.22290280728697,3.35367672532008,0.60513335864465,0.293772787116719,3.1922211900322,1,2,0.155971789296711,0.302,0.577985985985986,0.406201760019831,0.577729032744222,0.675333016100856,0.772641225951533,0.368429039089817,0.368385965274022
