"","intercept class1","intercept class2","age.centered class1","age.centered class2","varcov 1","varcov 2","varcov 3","stderr","bic.select","icl.select","ARI","MCR","RI","JI","FMI","mean.pprob.misc","mean.pprob.correct","btr.est.hm1","btr.est.best"
"1",8.75583180378113,5.3703416127451,-1.09502372196326,-1.0436941745505,2.96581702657879,0.299147887010934,0.312081135357022,3.10399800806551,1,2,0.0709990545999319,0.366,0.535447447447447,0.388769182949894,0.56067985444558,0.717716164199214,0.809908328475872,0.398601099288442,0.398193154332254
