"","intercept class1","intercept class2","age.centered class1","age.centered class2","varcov 1","varcov 2","varcov 3","stderr","bic.select","icl.select","ARI","MCR","RI","JI","FMI","mean.pprob.misc","mean.pprob.correct","btr.est.hm1","btr.est.best"
"1",7.31177248584634,6.41379088080864,-1.6014585379366,-0.308872732360698,5.28018452661985,0.754944645909665,0.108004179846436,3.10393510542959,1,2,0.231554813290608,0.259,0.615777777777778,0.444460204247042,0.61539972234959,0.655114210097735,0.777217458702361,0.405779443347396,0.405555979455073
