"","intercept class1","intercept class2","age.centered class1","age.centered class2","varcov 1","varcov 2","varcov 3","stderr","bic.select","icl.select","ARI","MCR","RI","JI","FMI","mean.pprob.misc","mean.pprob.correct","btr.est.hm1","btr.est.best"
"1",8.18425403533049,5.50339603079141,-1.22544214046547,-0.635990526127907,3.44345138808712,0.76285752659807,0.209024865768353,3.25114727577265,1,2,0.155972763563857,0.302,0.577985985985986,0.406442529706595,0.577972738933548,0.670636443066383,0.805129885766342,0.353827649100921,0.35348927965159
