"","intercept class1","intercept class2","age.centered class1","age.centered class2","varcov 1","varcov 2","varcov 3","stderr","bic.select","icl.select","ARI","MCR","RI","JI","FMI","mean.pprob.misc","mean.pprob.correct","btr.est.hm1","btr.est.best"
"1",6.27821941324018,9.90423556106071,-1.01662548368291,-0.551588016811745,4.06319104821061,0.228359805114981,0.201220197830455,3.19191679088051,1,2,0.000196253303860517,0.491,0.499661661661662,0.483108722988848,0.683876267286699,0.92591625288447,0.953020130669302,0.359703149894084,0.359542338045862
