"","intercept class1","intercept class2","age.centered class1","age.centered class2","varcov 1","varcov 2","varcov 3","stderr","bic.select","icl.select","ARI","MCR","RI","JI","FMI","mean.pprob.misc","mean.pprob.correct","btr.est.hm1","btr.est.best"
"1",6.01365806248583,7.95599184838456,-0.649531693661401,-1.57372759780737,4.64744978180312,0.896602880730729,0.172975897734902,3.16309758789592,1,2,0.199975248725065,0.276,0.599951951951952,0.445952165739668,0.617403286678577,0.663716177636499,0.813185525981226,0.379315740268597,0.381032958308064
