"","intercept class1","intercept class2","age.centered class1","age.centered class2","varcov 1","varcov 2","varcov 3","stderr","bic.select","icl.select","ARI","MCR","RI","JI","FMI","mean.pprob.misc","mean.pprob.correct","btr.est.hm1","btr.est.best"
"1",7.40113185387747,5.92512435327369,-1.41258507005009,-0.383751054774823,5.28348389818508,0.634862836753619,0.0762865103822282,3.22647900612197,1,2,0.173962891558128,0.291,0.586948948948949,0.43100110314396,0.60281968558483,0.637033688692117,0.764757308313,0.383228859236959,0.384323879978665
