"","intercept class1","intercept class2","age.centered class1","age.centered class2","varcov 1","varcov 2","varcov 3","stderr","bic.select","icl.select","ARI","MCR","RI","JI","FMI","mean.pprob.misc","mean.pprob.correct","btr.est.hm1","btr.est.best"
"1",5.12191512795985,9.08764895174965,-1.03054986005812,-1.01123869607119,1.92520365039771,0.313566093816886,0.387782755147227,3.1560247702925,1,2,0.0879212501969023,0.351,0.543945945945946,0.38020623605594,0.551014617042678,0.803894068621086,0.891516679119985,0.398022034291461,0.39812444662637
