"","intercept class1","intercept class2","age.centered class1","age.centered class2","varcov 1","varcov 2","varcov 3","stderr","bic.select","icl.select","ARI","MCR","RI","JI","FMI","mean.pprob.misc","mean.pprob.correct","btr.est.hm1","btr.est.best"
"1",5.84333003368008,7.62314595862174,-0.461218658610134,-1.49681363482953,4.49925326314755,0.717021525532889,0.138781942936029,3.16913703832639,1,2,0.185833128569864,0.284,0.592904904904905,0.426990165412686,0.598512482989624,0.655590064062321,0.7794030060381,0.382276642740324,0.381842007494053
