"","intercept class1","intercept class2","age.centered class1","age.centered class2","varcov 1","varcov 2","varcov 3","stderr","bic.select","icl.select","ARI","MCR","RI","JI","FMI","mean.pprob.misc","mean.pprob.correct","btr.est.hm1","btr.est.best"
"1",9.17917044731083,5.82687904006456,-1.08790938563824,-0.9275252170189,2.26564060603232,0.391756416207045,0.400562862448767,3.12878611793518,1,2,0.0531650104295212,0.384,0.526438438438438,0.41717833735771,0.593977299195802,0.791565839070847,0.888530657001773,0.358562410657115,0.358652707914584
