"","intercept class1","intercept class2","age.centered class1","age.centered class2","varcov 1","varcov 2","varcov 3","stderr","bic.select","icl.select","ARI","MCR","RI","JI","FMI","mean.pprob.misc","mean.pprob.correct","btr.est.hm1","btr.est.best"
"1",7.62502383494628,4.20352146043292,-0.966254788576537,-1.14897690171665,3.19810731179233,0.200430244782185,0.220139297037818,3.11323841519472,1,2,0.0152380595831753,0.437,0.507445445445445,0.409459459459459,0.587684763181535,0.765491863282341,0.867478855904171,0.379060514651079,0.378959130249482
