"","intercept class1","intercept class2","age.centered class1","age.centered class2","varcov 1","varcov 2","varcov 3","stderr","bic.select","icl.select","ARI","MCR","RI","JI","FMI","mean.pprob.misc","mean.pprob.correct","btr.est.hm1","btr.est.best"
"1",5.71709423652603,7.46962431886828,-0.60260124140945,-1.35384761056144,4.20530933814512,0.563827013008518,0.0828403988690736,3.22184001701947,1,2,0.162393989055926,0.298,0.581189189189189,0.413273949089604,0.584873852876306,0.60874742093078,0.736819223156489,0.340320524525303,0.340451807417236
