"","intercept class1","intercept class2","age.centered class1","age.centered class2","varcov 1","varcov 2","varcov 3","stderr","bic.select","icl.select","ARI","MCR","RI","JI","FMI","mean.pprob.misc","mean.pprob.correct","btr.est.hm1","btr.est.best"
"1",1.41249318042204,7.76320052984003,-1.55523759679867,-0.130401739467382,12.0146724737822,1.10692828986479,0.238388447262467,3.08262155312426,1,2,0.0139391099227481,0.211,0.64009009009009,0.627330544488161,0.780004134207429,0.736464944852083,0.878467737670221,0.657665981141455,0.657791158079134
