"","intercept class1","intercept class2","age.centered class1","age.centered class2","varcov 1","varcov 2","varcov 3","stderr","bic.select","icl.select","ARI","MCR","RI","JI","FMI","mean.pprob.misc","mean.pprob.correct","btr.est.hm1","btr.est.best"
"1",6.32248522038418,-0.197426918743312,-0.554118818762811,-2.8921604271093,19.7012831955202,2.74704459638545,0.383033633460627,3.19633315577972,1,2,-0.00365702069713826,0.05,0.901309309309309,0.901289547456948,0.949172979787412,0.992593023832827,0.98892183228066,0.639047416004618,0.640007258587726
