"","intercept class1","intercept class2","age.centered class1","age.centered class2","varcov 1","varcov 2","varcov 3","stderr","bic.select","icl.select","ARI","MCR","RI","JI","FMI","mean.pprob.misc","mean.pprob.correct","btr.est.hm1","btr.est.best"
"1",5.61171228597487,9.63827735709173,-0.527230683240816,-0.748890379525617,17.3786233075803,2.70878186483719,0.42221446129065,3.23454842784974,1,2,0.0715084087520683,0.05,0.89239039039039,0.891676910985268,0.943380672509519,0.875879945148791,0.936903016487855,0.616527534650073,0.617625682970914
