"","intercept class1","intercept class2","age.centered class1","age.centered class2","varcov 1","varcov 2","varcov 3","stderr","bic.select","icl.select","ARI","MCR","RI","JI","FMI","mean.pprob.misc","mean.pprob.correct","btr.est.hm1","btr.est.best"
"1",3.93484213557555,6.19926517469332,-3.23584073688617,-0.554373686061654,19.006793424551,2.44427079942127,0.315071194110551,3.23443736557656,1,2,0.0665664786241021,0.049,0.906708708708709,0.906343834036105,0.951919945329838,0.971010633299734,0.980088394696869,0.621662606683211,0.622044141805509
