"","intercept class1","intercept class2","age.centered class1","age.centered class2","varcov 1","varcov 2","varcov 3","stderr","bic.select","icl.select","ARI","MCR","RI","JI","FMI","mean.pprob.misc","mean.pprob.correct","btr.est.hm1","btr.est.best"
"1",9.93795027578268,4.27903498658581,0.126153928564377,-0.886315115041976,13.1817345247609,1.79864605582803,0.415720072188008,3.16899936112972,1,2,0.0887845366124751,0.177,0.698148148148148,0.684770291573107,0.818994862304871,0.654256948116872,0.86696689175544,0.628932587840434,0.628923785711482
