"","intercept class1","intercept class2","age.centered class1","age.centered class2","varcov 1","varcov 2","varcov 3","stderr","bic.select","icl.select","ARI","MCR","RI","JI","FMI","mean.pprob.misc","mean.pprob.correct","btr.est.hm1","btr.est.best"
"1",4.46291892406581,8.81336035722529,-1.04485965954717,0.0418048673113798,12.9686937789321,1.05312191912131,0.0855676708219746,3.15918924717316,1,2,0.00433445478574153,0.359,0.533855855855856,0.511980465720693,0.700034126906934,0.65479863461292,0.716528989924081,0.613760065132356,0.61383910456622
