"","intercept class1","intercept class2","age.centered class1","age.centered class2","varcov 1","varcov 2","varcov 3","stderr","bic.select","icl.select","ARI","MCR","RI","JI","FMI","mean.pprob.misc","mean.pprob.correct","btr.est.hm1","btr.est.best"
"1",9.19255172466438,3.5011953547282,-0.412064930483771,-0.71740777903888,12.1805395066708,2.17607120605243,0.464514318883434,3.18856930714108,1,2,0.0140737111635643,0.427,0.510168168168168,0.484023281806871,0.680456008826552,0.762307984177647,0.822829398621446,0.643028284533887,0.643062336453646
