"","intercept class1","intercept class2","age.centered class1","age.centered class2","varcov 1","varcov 2","varcov 3","stderr","bic.select","icl.select","ARI","MCR","RI","JI","FMI","mean.pprob.misc","mean.pprob.correct","btr.est.hm1","btr.est.best"
"1",4.05769246163846,8.8660662920332,-0.582687319000587,-0.370418130920313,13.7316399395748,2.91186043919907,0.647407257405558,3.13778391192893,1,2,0.0213627255354784,0.329,0.556678678678679,0.534879959671491,0.717423736734246,0.701922044732095,0.796574160621209,0.633956705651812,0.634032519486371
