"","intercept class1","intercept class2","age.centered class1","age.centered class2","varcov 1","varcov 2","varcov 3","stderr","bic.select","icl.select","ARI","MCR","RI","JI","FMI","mean.pprob.misc","mean.pprob.correct","btr.est.hm1","btr.est.best"
"1",2.04604687740511,7.86580168904693,-0.984447706611238,-0.389942630741157,13.1988097226683,2.25949855407369,0.497438330860318,3.15318362788686,1,2,-0.0298785009855474,0.198,0.636924924924925,0.62762868817116,0.778934009970402,0.712084684655432,0.875705548455143,0.640571338163524,0.640708101974493
