"","intercept class1","intercept class2","age.centered class1","age.centered class2","varcov 1","varcov 2","varcov 3","stderr","bic.select","icl.select","ARI","MCR","RI","JI","FMI","mean.pprob.misc","mean.pprob.correct","btr.est.hm1","btr.est.best"
"1",2.50188422240115,8.09804183463894,-1.21030552636339,-0.214493781971305,12.6387885386451,1.28853588413131,0.13136803026638,3.17176090273245,1,2,-0.0160003782957016,0.295,0.560810810810811,0.544345207186624,0.721968875112738,0.72502756250938,0.81080457636165,0.638124112353667,0.638830260210278
