"","intercept class1","intercept class2","age.centered class1","age.centered class2","varcov 1","varcov 2","varcov 3","stderr","bic.select","icl.select","ARI","MCR","RI","JI","FMI","mean.pprob.misc","mean.pprob.correct","btr.est.hm1","btr.est.best"
"1",6.38474639606318,0.324814299804967,-0.522661659049554,-2.43921381754494,18.9912025702135,2.54151300426886,0.340120113897967,3.17420939969139,1,2,-0.00705192065381648,0.05,0.89772972972973,0.897688764269978,0.947085738657055,0.98609134610851,0.980806604243662,0.640744122234565,0.64184099519582
