"","intercept class1","intercept class2","age.centered class1","age.centered class2","varcov 1","varcov 2","varcov 3","stderr","bic.select","icl.select","ARI","MCR","RI","JI","FMI","mean.pprob.misc","mean.pprob.correct","btr.est.hm1","btr.est.best"
"1",5.9938101585083,5.34787079808289,-0.596529905943748,4.31769165614291,18.6216923082037,2.23082251996277,0.341685577030309,3.17001481401662,1,2,-0.00365702069713826,0.05,0.901309309309309,0.901289547456948,0.949172979787412,0.999836866663577,0.999219120295671,0.626000338072883,0.626557727887647
