"","intercept class1","intercept class2","age.centered class1","age.centered class2","varcov 1","varcov 2","varcov 3","stderr","bic.select","icl.select","ARI","MCR","RI","JI","FMI","mean.pprob.misc","mean.pprob.correct","btr.est.hm1","btr.est.best"
"1",9.22146635368076,3.79577769031274,-0.169066569786622,-0.946466873009549,12.1901694116502,1.64914331499316,0.353676794209416,3.0028811411667,1,2,0.0242201185281131,0.288,0.582814814814815,0.563515104291035,0.737445856429858,0.702087205796328,0.824249559606671,0.649881967037504,0.64991224534524
