"","intercept class1","intercept class2","age.centered class1","age.centered class2","varcov 1","varcov 2","varcov 3","stderr","bic.select","icl.select","ARI","MCR","RI","JI","FMI","mean.pprob.misc","mean.pprob.correct","btr.est.hm1","btr.est.best"
"1",13.8668133596222,6.04201005134235,-0.0462185542093619,-0.548477968096827,19.6234776963029,3.08610631739752,0.642699819470665,3.14235481359614,1,2,0.030510332816754,0.05,0.903105105105105,0.902901772279889,0.950020137254095,0.989943664874774,0.995514686073644,0.655455041083452,0.655390863570315
