"","intercept class1","intercept class2","age.centered class1","age.centered class2","varcov 1","varcov 2","varcov 3","stderr","bic.select","icl.select","ARI","MCR","RI","JI","FMI","mean.pprob.misc","mean.pprob.correct","btr.est.hm1","btr.est.best"
"1",8.82856111944005,3.30768315212935,0.0118040012645883,-1.05336097356766,11.5367250506814,0.955725208323597,0.0791887180983768,3.17866015047978,1,2,0.00274174335072143,0.467,0.50167967967968,0.476446387029738,0.673921012532805,0.738005630959186,0.754331608976325,0.626692708683736,0.627414894326625
