"","intercept class1","intercept class2","age.centered class1","age.centered class2","varcov 1","varcov 2","varcov 3","stderr","bic.select","icl.select","ARI","MCR","RI","JI","FMI","mean.pprob.misc","mean.pprob.correct","btr.est.hm1","btr.est.best"
"1",2.9263176925618,8.06749520022021,-1.00209094690223,-0.266066506582613,12.9816143742318,1.64236264464261,0.276783878835201,3.16443478699429,1,2,-0.0149205815028516,0.383,0.514652652652653,0.493680165410079,0.685339568267708,0.682878610535398,0.780291990172493,0.633923666036991,0.634064516802391
