"","intercept class1","intercept class2","age.centered class1","age.centered class2","varcov 1","varcov 2","varcov 3","stderr","bic.select","icl.select","ARI","MCR","RI","JI","FMI","mean.pprob.misc","mean.pprob.correct","btr.est.hm1","btr.est.best"
"1",8.25791507804922,2.56173320749091,0.00358369957111248,-1.53466123239314,11.0004554570589,0.683569540048775,0.0424774157302341,3.08363444696956,1,2,0.00608909367877076,0.302,0.565813813813814,0.547033146055682,0.725041883677302,0.738114007379447,0.818639711238843,0.63561287947074,0.636710404579659
