"","intercept class1","intercept class2","age.centered class1","age.centered class2","varcov 1","varcov 2","varcov 3","stderr","bic.select","icl.select","ARI","MCR","RI","JI","FMI","mean.pprob.misc","mean.pprob.correct","btr.est.hm1","btr.est.best"
"1",8.35833726701569,2.56360188716629,-0.124895381629518,-1.34064515925232,9.15709913252299,0.62421476188797,0.0425513480974672,3.20397438773805,1,2,-0.0238600563518255,0.336,0.5323003003003,0.514317908716315,0.699917812776671,0.751107686301506,0.834962622814481,0.59849509020003,0.598606374006671
