"","intercept class1","intercept class2","age.centered class1","age.centered class2","varcov 1","varcov 2","varcov 3","stderr","bic.select","icl.select","ARI","MCR","RI","JI","FMI","mean.pprob.misc","mean.pprob.correct","btr.est.hm1","btr.est.best"
"1",9.50681937062101,3.51267119223289,0.0452993848686518,-1.05761691203804,12.3493324762229,1.32087853615334,0.141281166852377,3.18805605029617,1,2,0.0288943239740821,0.342,0.549477477477477,0.525758769951825,0.711517436722587,0.738639547867865,0.811517018315113,0.645120180221548,0.645836785506074
