"","intercept class1","intercept class2","age.centered class1","age.centered class2","varcov 1","varcov 2","varcov 3","stderr","bic.select","icl.select","ARI","MCR","RI","JI","FMI","mean.pprob.misc","mean.pprob.correct","btr.est.hm1","btr.est.best"
"1",3.99924587562246,8.93340905328641,-0.77159437565593,-0.140574972613751,13.1387282715569,2.0355237963734,0.315354505478211,3.10920850474132,1,2,0.0401425810932025,0.329,0.55804004004004,0.533726613356313,0.717850650573547,0.68701454853635,0.782502312882734,0.627178788516761,0.627294092718143
