"","intercept class1","intercept class2","age.centered class1","age.centered class2","varcov 1","varcov 2","varcov 3","stderr","bic.select","icl.select","ARI","MCR","RI","JI","FMI","mean.pprob.misc","mean.pprob.correct","btr.est.hm1","btr.est.best"
"1",5.39351842236407,8.56156218111863,-0.582310071602904,-0.590459003349347,18.472552718824,3.30205998511943,0.590261687524364,3.21587178632171,1,2,0.128136839820258,0.05,0.885327327327327,0.883851697441367,0.938686024621931,0.810031743070831,0.856273272413763,0.625901011431006,0.625863303820835
