"","intercept class1","intercept class2","age.centered class1","age.centered class2","varcov 1","varcov 2","varcov 3","stderr","bic.select","icl.select","ARI","MCR","RI","JI","FMI","mean.pprob.misc","mean.pprob.correct","btr.est.hm1","btr.est.best"
"1",3.84550576034966,9.35475128992937,-0.782403762949731,-0.221066039139551,12.423664120055,1.57542100298806,0.340313837006256,3.12295359078471,1,2,0.0282664943560594,0.369,0.533855855855856,0.508315841487982,0.699134053523142,0.734640500762308,0.796595344913797,0.648791022736867,0.648835736238408
