"","intercept class1","intercept class2","age.centered class1","age.centered class2","varcov 1","varcov 2","varcov 3","stderr","bic.select","icl.select","ARI","MCR","RI","JI","FMI","mean.pprob.misc","mean.pprob.correct","btr.est.hm1","btr.est.best"
"1",3.88198170757767,9.12034223856217,-0.659983279462389,-0.493180323550273,15.3102544610313,3.06948810310566,0.615389817299815,3.1304688280751,1,2,0.0212029975895115,0.372,0.5323003003003,0.507679339121639,0.698147397926647,0.730081642873784,0.797257936201874,0.665572073646244,0.666373349122323
