"","intercept class1","intercept class2","age.centered class1","age.centered class2","varcov 1","varcov 2","varcov 3","stderr","bic.select","icl.select","ARI","MCR","RI","JI","FMI","mean.pprob.misc","mean.pprob.correct","btr.est.hm1","btr.est.best"
"1",10.2762076839359,4.44862568221525,-0.222930954007281,-0.734188029391842,12.045492319872,2.43674318831527,0.492953525036964,3.16003947367978,1,2,0.0518103040750448,0.227,0.64009009009009,0.623824549803098,0.779004833266664,0.73133869415335,0.895508756142302,0.625306980567928,0.625717036087704
