"","intercept class1","intercept class2","age.centered class1","age.centered class2","varcov 1","varcov 2","varcov 3","stderr","bic.select","icl.select","ARI","MCR","RI","JI","FMI","mean.pprob.misc","mean.pprob.correct","btr.est.hm1","btr.est.best"
"1",7.43759971216303,5.80431027539269,-2.04947691255756,-0.622239347437281,18.6649870633238,2.49657527386189,0.333934795036377,3.126129448704,1,2,0.102782873968372,0.047,0.910328328328328,0.909813752139334,0.953828196997029,0.962783329751042,0.974358231659822,0.631206840285798,0.631973487602616
