"","intercept class1","intercept class2","age.centered class1","age.centered class2","varcov 1","varcov 2","varcov 3","stderr","bic.select","icl.select","ARI","MCR","RI","JI","FMI","mean.pprob.misc","mean.pprob.correct","btr.est.hm1","btr.est.best"
"1",6.21598105317641,12.8697788372996,-0.535783221764494,-1.13974170091969,17.7055985257793,2.63639832997306,0.404899948390133,3.22207090673316,1,2,0.0665664786241021,0.049,0.906708708708709,0.906343834036105,0.951919945329838,0.986997190299859,0.996104327021065,0.614609813675326,0.614539122798809
