"","intercept class1","intercept class2","age.centered class1","age.centered class2","varcov 1","varcov 2","varcov 3","stderr","bic.select","icl.select","ARI","MCR","RI","JI","FMI","mean.pprob.misc","mean.pprob.correct","btr.est.hm1","btr.est.best"
"1",2.23606634257404,6.40596254811378,-3.1259210284319,-0.295426205508383,18.0511145829215,1.82994252515759,0.185511520603711,3.08742362984273,1,2,0.0281960793878604,0.05,0.901309309309309,0.901092683474918,0.948974771289446,0.950517601857965,0.974138467039925,0.643106003981622,0.64353705932355
