"","intercept class1","intercept class2","age.centered class1","age.centered class2","varcov 1","varcov 2","varcov 3","stderr","bic.select","icl.select","ARI","MCR","RI","JI","FMI","mean.pprob.misc","mean.pprob.correct","btr.est.hm1","btr.est.best"
"1",6.11319804824389,-2.40129846920211,-0.496271731078267,-1.77791792142173,18.0084615711763,2.49119040097739,0.558439863187805,3.13572432315024,1,2,-0.00865916076560105,0.05,0.895945945945946,0.895893840761142,0.946043881264565,0.995912999981842,0.995228804291766,0.641583054170108,0.641613606162397
