"","intercept class1","intercept class2","age.centered class1","age.centered class2","varcov 1","varcov 2","varcov 3","stderr","bic.select","icl.select","ARI","MCR","RI","JI","FMI","mean.pprob.misc","mean.pprob.correct","btr.est.hm1","btr.est.best"
"1",2.66712612531308,8.47963376203577,-1.30395759689682,-0.112400371216666,11.0330593425511,0.968160089125606,0.0849569435661111,3.14239639838768,1,2,-0.0124966584983875,0.359,0.525975975975976,0.505769415418784,0.694394214016117,0.720267655436831,0.816628007629676,0.633969248658312,0.635044360979706
