"","intercept class1","intercept class2","age.centered class1","age.centered class2","varcov 1","varcov 2","varcov 3","stderr","bic.select","icl.select","ARI","MCR","RI","JI","FMI","mean.pprob.misc","mean.pprob.correct","btr.est.hm1","btr.est.best"
"1",5.44225896297646,11.2913111952436,-0.538747002201279,-0.0723475210202906,15.1673880290878,2.11615185860213,0.429545906690468,3.17832347601656,1,2,0.0434810056659454,0.066,0.813445445445445,0.810416666666667,0.895395047463371,0.645079266787975,0.9334644303811,0.634410384750192,0.634449083074783
