"","intercept class1","intercept class2","age.centered class1","age.centered class2","varcov 1","varcov 2","varcov 3","stderr","bic.select","icl.select","ARI","MCR","RI","JI","FMI","mean.pprob.misc","mean.pprob.correct","btr.est.hm1","btr.est.best"
"1",1.06342388604146,6.70970191423087,-2.07280924055664,-0.315032332314014,14.8563110940305,1.1667908880715,0.175743454267494,3.11853775651275,1,2,0.0146072324144997,0.05,0.862814814814815,0.861959210642944,0.92608564699689,0.962490428698981,0.933953368119671,0.622827363814601,0.622752801960769
