"","intercept class1","intercept class2","age.centered class1","age.centered class2","varcov 1","varcov 2","varcov 3","stderr","bic.select","icl.select","ARI","MCR","RI","JI","FMI","mean.pprob.misc","mean.pprob.correct","btr.est.hm1","btr.est.best"
"1",6.50429651639852,4.64811912312881,-0.576745002277772,1.00121533957056,19.1781247591047,3.11493359803259,0.505936408689878,3.11465098637548,1,2,-0.0159028949759826,0.05,0.887087087087087,0.886973947895792,0.940852379500402,0.987300956431051,0.96535593792798,0.636468069408444,0.637922643370892
