"","intercept class1","intercept class2","age.centered class1","age.centered class2","varcov 1","varcov 2","varcov 3","stderr","bic.select","icl.select","ARI","MCR","RI","JI","FMI","mean.pprob.misc","mean.pprob.correct","btr.est.hm1","btr.est.best"
"1",7.56912093599485,1.98615352175135,-0.304891906520149,-1.17974284567402,15.8047815971418,2.18457689368303,0.305140471862251,3.18603259107649,1,2,-0.00849017563207364,0.185,0.65757957957958,0.647982431948498,0.793018434546303,0.668213633918748,0.843740765609298,0.655493573849405,0.655542896720725
