"","intercept class1","intercept class2","age.centered class1","age.centered class2","varcov 1","varcov 2","varcov 3","stderr","bic.select","icl.select","ARI","MCR","RI","JI","FMI","mean.pprob.misc","mean.pprob.correct","btr.est.hm1","btr.est.best"
"1",6.8349038345838,3.45814382744392,-0.250415122240051,-1.76933541118826,17.5878449108072,1.583961898297,0.142651732405796,3.05367371245378,1,2,0.0635738765966063,0.05,0.852652652652653,0.850815850815851,0.919441127562223,0.798999005533658,0.81600024397551,0.65428080365906,0.655055880647743
