"","intercept class1","intercept class2","age.centered class1","age.centered class2","varcov 1","varcov 2","varcov 3","stderr","bic.select","icl.select","ARI","MCR","RI","JI","FMI","mean.pprob.misc","mean.pprob.correct","btr.est.hm1","btr.est.best"
"1",6.44581127045367,0.738459703314563,-0.53783614686934,0.0241891298608815,16.6162537100978,2.34423134495052,0.330726933334656,3.17114840395966,1,2,-0.0220307976663777,0.05,0.878328328328328,0.878145363408521,0.935690875095759,0.991606370945566,0.980799534346311,0.620486175198163,0.621116629308956
