"","intercept class1","intercept class2","age.centered class1","age.centered class2","varcov 1","varcov 2","varcov 3","stderr","bic.select","icl.select","ARI","MCR","RI","JI","FMI","mean.pprob.misc","mean.pprob.correct","btr.est.hm1","btr.est.best"
"1",6.07644775097224,21.5575437261116,-0.576481331597076,5.76568667613296,20.2239193940164,2.55410260824027,0.322561433869809,3.19740682290029,1,2,-0.0018630068931255,0.05,0.903105105105105,0.90309540494544,0.950218355906702,0.999905397163198,0.999985046943865,0.641821086236124,0.642301877255944
