"","intercept class1","intercept class2","age.centered class1","age.centered class2","varcov 1","varcov 2","varcov 3","stderr","bic.select","icl.select","ARI","MCR","RI","JI","FMI","mean.pprob.misc","mean.pprob.correct","btr.est.hm1","btr.est.best"
"1",7.29054866445202,6.01718547394912,-2.33006646430266,-0.544840381936128,18.5861179954341,2.49348165389122,0.334521361406719,3.15252467760595,1,2,0.0665664786241021,0.049,0.906708708708709,0.906343834036105,0.951919945329838,0.971660953589489,0.979695517929027,0.625380859172121,0.627110215039865
