"","intercept class1","intercept class2","age.centered class1","age.centered class2","varcov 1","varcov 2","varcov 3","stderr","bic.select","icl.select","ARI","MCR","RI","JI","FMI","mean.pprob.misc","mean.pprob.correct","btr.est.hm1","btr.est.best"
"1",9.07885040402903,3.99463056083204,0.25243077760264,-1.1415377110025,12.1576616948115,1.22124091510016,0.310747987998345,3.21192090195911,1,2,0.022455228239927,0.356,0.541013013013013,0.517241379310345,0.705053616420209,0.712749228295396,0.736194809010058,0.620918270839036,0.62099934527707
