"","intercept class1","intercept class2","age.centered class1","age.centered class2","varcov 1","varcov 2","varcov 3","stderr","bic.select","icl.select","ARI","MCR","RI","JI","FMI","mean.pprob.misc","mean.pprob.correct","btr.est.hm1","btr.est.best"
"1",5.68551568618113,10.016190453177,-0.558260137292491,-0.727321580438191,17.5611711572208,2.67310224226967,0.406890613339226,3.12684083197116,1,2,0.0773192977054938,0.05,0.880072072072072,0.878968125686946,0.935951389080837,0.87922898042528,0.928372236137582,0.638517899927591,0.640028899977555
