"","intercept class1","intercept class2","age.centered class1","age.centered class2","varcov 1","varcov 2","varcov 3","stderr","bic.select","icl.select","ARI","MCR","RI","JI","FMI","mean.pprob.misc","mean.pprob.correct","btr.est.hm1","btr.est.best"
"1",8.99832081882145,3.4271837224283,-0.220249937932669,-0.971750393143466,13.1589994854328,1.67540737326701,0.213315530119989,3.16049904411012,1,2,0.00799575063025714,0.398,0.520328328328328,0.496382553862323,0.689000610871625,0.744475639437935,0.772905726212629,0.648683706839635,0.64871756485591
