"","intercept class1","intercept class2","age.centered class1","age.centered class2","varcov 1","varcov 2","varcov 3","stderr","bic.select","icl.select","ARI","MCR","RI","JI","FMI","mean.pprob.misc","mean.pprob.correct","btr.est.hm1","btr.est.best"
"1",4.65694671990254,9.9601583508685,-0.794646397221251,0.359881150221583,11.9600282438244,0.955466709911033,0.0763348606534853,3.16512749406281,1,2,-0.00493574685643238,0.13,0.720168168168168,0.714210939544622,0.835844961840725,0.655835770743562,0.871921354477973,0.59994981619334,0.601515137265355
