"","intercept class1","intercept class2","age.centered class1","age.centered class2","varcov 1","varcov 2","varcov 3","stderr","bic.select","icl.select","ARI","MCR","RI","JI","FMI","mean.pprob.misc","mean.pprob.correct","btr.est.hm1","btr.est.best"
"1",5.5812096233294,11.5669935890132,-0.604877564313333,-0.539891665694938,19.0973282994903,3.56300665714565,0.664757207613692,3.10281625694603,1,2,0.137856383541651,0.05,0.890618618618619,0.889236682695816,0.941793567116564,0.940436661675117,0.972551714528374,0.661456934119212,0.662566022815362
