"","intercept class1","intercept class2","age.centered class1","age.centered class2","varcov 1","varcov 2","varcov 3","stderr","bic.select","icl.select","ARI","MCR","RI","JI","FMI","mean.pprob.misc","mean.pprob.correct","btr.est.hm1","btr.est.best"
"1",9.39029746582067,3.37489413634085,0.058876928125095,-1.22377102029678,11.7081456310927,0.7228417783101,0.0805034888491711,3.14320327234587,1,2,3.14456627499017e-05,0.489,0.499741741741742,0.47474617955563,0.672429936881584,0.782239933156059,0.772633673615371,0.654325737670049,0.654435761869246
