"","intercept class1","intercept class2","age.centered class1","age.centered class2","varcov 1","varcov 2","varcov 3","stderr","bic.select","icl.select","ARI","MCR","RI","JI","FMI","mean.pprob.misc","mean.pprob.correct","btr.est.hm1","btr.est.best"
"1",9.64891049779283,5.52441388414096,0.644742020807229,-0.819423207446616,18.9089664977115,2.14237552283913,0.242730139372834,3.14723902274588,1,2,-0.0117075825376667,0.05,0.89239039039039,0.892314935390163,0.94396371196297,0.892335217724607,0.924579977867977,0.645988689590106,0.647931617634476
