"","intercept class1","intercept class2","age.centered class1","age.centered class2","varcov 1","varcov 2","varcov 3","stderr","bic.select","icl.select","ARI","MCR","RI","JI","FMI","mean.pprob.misc","mean.pprob.correct","btr.est.hm1","btr.est.best"
"1",6.02079279168335,12.733752814921,-0.433517776583908,-1.2261993932194,17.3761437843747,2.12879212828709,0.260950015175269,3.16729010528063,1,2,0.0579729173859066,0.05,0.901309309309309,0.900895829647619,0.9487803716587,0.989512764447817,0.99611226022358,0.623647196765935,0.62332310601896
