"","intercept class1","intercept class2","age.centered class1","age.centered class2","varcov 1","varcov 2","varcov 3","stderr","bic.select","icl.select","ARI","MCR","RI","JI","FMI","mean.pprob.misc","mean.pprob.correct","btr.est.hm1","btr.est.best"
"1",6.1561832771515,1.24433874229142,-0.591715871143023,0.753860349906194,18.3377765700673,2.75809523727787,0.469940436718633,3.14638458323562,1,2,-0.00365702069713826,0.05,0.901309309309309,0.901289547456948,0.949172979787412,0.999096111711805,0.997985784415588,0.621393533778651,0.621530302040073
