"","intercept class1","intercept class2","age.centered class1","age.centered class2","varcov 1","varcov 2","varcov 3","stderr","bic.select","icl.select","ARI","MCR","RI","JI","FMI","mean.pprob.misc","mean.pprob.correct","btr.est.hm1","btr.est.best"
"1",2.88355487781665,8.06153917933171,-0.873764834587297,-0.198222587111581,14.9650967114959,2.37288433875069,0.440743965139946,3.20727772413329,1,2,-0.0217909783539093,0.274,0.573301301301301,0.558593038090031,0.731756827591826,0.669388627228027,0.809603465677064,0.641375506048726,0.641380639555077
