"","intercept class1","intercept class2","age.centered class1","age.centered class2","varcov 1","varcov 2","varcov 3","stderr","bic.select","icl.select","ARI","MCR","RI","JI","FMI","mean.pprob.misc","mean.pprob.correct","btr.est.hm1","btr.est.best"
"1",5.36759973839792,10.658768909436,-0.701256370499199,1.01495460758062,15.9031795332761,1.4597414805913,0.133989246453855,3.18438163844176,1,2,-0.0317655268667137,0.05,0.861111111111111,0.860762669342699,0.925459829152259,0.908300056563189,0.926272008239182,0.625006369419545,0.626909964802944
