"","intercept class1","intercept class2","age.centered class1","age.centered class2","varcov 1","varcov 2","varcov 3","stderr","bic.select","icl.select","ARI","MCR","RI","JI","FMI","mean.pprob.misc","mean.pprob.correct","btr.est.hm1","btr.est.best"
"1",3.66312422536412,9.44128904095589,-0.694296401673124,-0.0869043275258576,11.8819143816507,2.513721419096,0.531800997055296,3.15445181413789,1,2,0.0132555254240348,0.403,0.518336336336336,0.493311290356549,0.687171491658761,0.775337992679074,0.827938830250091,0.632349226583052,0.633649451375113
