"","intercept class1","intercept class2","age.centered class1","age.centered class2","varcov 1","varcov 2","varcov 3","stderr","bic.select","icl.select","ARI","MCR","RI","JI","FMI","mean.pprob.misc","mean.pprob.correct","btr.est.hm1","btr.est.best"
"1",2.78189652021958,7.85932312809932,-0.885218365209365,-0.354114438384989,12.5939913934283,1.69072576705001,0.239372478308258,3.2126523119149,1,2,-0.0290611326810055,0.277,0.568018018018018,0.553724700208065,0.727982791893626,0.685074044536435,0.803727189631015,0.612025104753044,0.612003944277466
