"","intercept class1","intercept class2","age.centered class1","age.centered class2","varcov 1","varcov 2","varcov 3","stderr","bic.select","icl.select","ARI","MCR","RI","JI","FMI","mean.pprob.misc","mean.pprob.correct","btr.est.hm1","btr.est.best"
"1",9.30875127291209,4.50965140480836,-0.0247431776244124,-0.761473247954569,15.5654933174332,1.88891887606702,0.339698742848418,3.14605360684932,1,2,0.0429994163662059,0.212,0.649801801801802,0.635334928828145,0.786193588764553,0.63428855188982,0.773640175223579,0.650018484772027,0.650046211790906
