"","intercept class1","intercept class2","age.centered class1","age.centered class2","varcov 1","varcov 2","varcov 3","stderr","bic.select","icl.select","ARI","MCR","RI","JI","FMI","mean.pprob.misc","mean.pprob.correct","btr.est.hm1","btr.est.best"
"1",2.9569871295227,7.97974192441265,-0.689696964584213,-0.567279259274536,13.1228103223,2.45858352456489,0.460632804745345,3.15045558397438,1,2,-0.00874241602946985,0.369,0.523285285285285,0.502249210894877,0.692073765623584,0.728965091835419,0.814743963130228,0.635886893107582,0.635712177828855
