"","intercept class1","intercept class2","age.centered class1","age.centered class2","varcov 1","varcov 2","varcov 3","stderr","bic.select","icl.select","ARI","MCR","RI","JI","FMI","mean.pprob.misc","mean.pprob.correct","btr.est.hm1","btr.est.best"
"1",5.35198286367059,11.4470489572468,-0.676994522454053,0.450990759727434,17.0635734969766,2.04645419867849,0.283044293718699,3.0969768762682,1,2,0.0617829035964982,0.05,0.850972972972973,0.849102998114776,0.918431423546264,0.891805483868779,0.926581523787177,0.663519701381571,0.663585717141905
