"","intercept class1","intercept class2","age.centered class1","age.centered class2","varcov 1","varcov 2","varcov 3","stderr","bic.select","icl.select","ARI","MCR","RI","JI","FMI","mean.pprob.misc","mean.pprob.correct","btr.est.hm1","btr.est.best"
"1",6.07737969538906,-8.43977368364213,-0.568969828196393,-3.36853751856918,19.2838778333724,2.5939282484044,0.348916531692874,3.12654814442004,1,2,-0.00365702069713826,0.05,0.901309309309309,0.901289547456948,0.949172979787412,0.999978848180844,0.999957694029079,0.642280004508844,0.642358611711697
