"","intercept class1","intercept class2","age.centered class1","age.centered class2","varcov 1","varcov 2","varcov 3","stderr","bic.select","icl.select","ARI","MCR","RI","JI","FMI","mean.pprob.misc","mean.pprob.correct","btr.est.hm1","btr.est.best"
"1",1.50983557937332,7.20910365596914,-1.71268852410218,-0.362615510436016,13.3051393406511,1.4841523818568,0.191034252434815,3.17643897017986,1,2,-0.0223266424213449,0.125,0.7214994994995,0.7164576106054,0.837072105621128,0.680313114501887,0.875890200155373,0.623179270148624,0.623248600343066
