"","intercept class1","intercept class2","age.centered class1","age.centered class2","varcov 1","varcov 2","varcov 3","stderr","bic.select","icl.select","ARI","MCR","RI","JI","FMI","mean.pprob.misc","mean.pprob.correct","btr.est.hm1","btr.est.best"
"1",4.90147408984322,7.69237727643702,-0.280682059714965,-0.716846933651074,18.9706343220806,3.71967294831149,0.729348347392334,3.14142139259906,1,2,0.0268402380412767,0.342,0.549477477477477,0.526060401836485,0.711589099324265,0.621932656144009,0.665828293628985,0.655019544904072,0.655713351856157
