"","intercept class1","intercept class2","age.centered class1","age.centered class2","varcov 1","varcov 2","varcov 3","stderr","bic.select","icl.select","ARI","MCR","RI","JI","FMI","mean.pprob.misc","mean.pprob.correct","btr.est.hm1","btr.est.best"
"1",6.27304402256346,4.80237992187499,-0.443291558044098,-2.51594634451588,19.252805298081,2.58082755138064,0.38790253058311,3.13609826480394,1,2,0.0579729173859066,0.05,0.901309309309309,0.900895829647619,0.9487803716587,0.92963273808932,0.95764805774017,0.638111286392638,0.638012335683346
