"","intercept class1","intercept class2","age.centered class1","age.centered class2","varcov 1","varcov 2","varcov 3","stderr","bic.select","icl.select","ARI","MCR","RI","JI","FMI","mean.pprob.misc","mean.pprob.correct","btr.est.hm1","btr.est.best"
"1",8.41163138285018,3.47539366647596,0.123658063898616,-1.25554393271302,13.677695484492,1.07646990375642,0.0848319434251735,3.12743328613311,1,2,0.00257499509899136,0.454,0.503735735735736,0.478768814106743,0.675631057502304,0.704605370129356,0.709908895781089,0.646787335174708,0.646833535844776
