"","intercept class1","intercept class2","age.centered class1","age.centered class2","varcov 1","varcov 2","varcov 3","stderr","bic.select","icl.select","ARI","MCR","RI","JI","FMI","mean.pprob.misc","mean.pprob.correct","btr.est.hm1","btr.est.best"
"1",0.82240537398649,6.52380142813201,-1.50578973607592,-0.573667667687801,16.8777111217262,2.21627460182278,0.29102907690704,3.21978104088977,1,2,0.00132672437106957,0.05,0.874852852852853,0.87439670796446,0.933436852350992,0.973682698043516,0.936898855408329,0.629049834022031,0.629019782870144
