"","intercept class1","intercept class2","age.centered class1","age.centered class2","varcov 1","varcov 2","varcov 3","stderr","bic.select","icl.select","ARI","MCR","RI","JI","FMI","mean.pprob.misc","mean.pprob.correct","btr.est.hm1","btr.est.best"
"1",5.72627830642513,9.71450202843854,-0.413507553752427,-1.08288607689858,18.7451332195602,3.33470422131005,0.593238442632437,3.1352933882484,1,2,0.222989009290806,0.05,0.873121121121121,0.869705554618981,0.930329473021112,0.855911955161451,0.922507612821409,0.650039035418745,0.651072080154681
