"","intercept class1","intercept class2","age.centered class1","age.centered class2","varcov 1","varcov 2","varcov 3","stderr","bic.select","icl.select","ARI","MCR","RI","JI","FMI","mean.pprob.misc","mean.pprob.correct","btr.est.hm1","btr.est.best"
"1",6.14283200762649,5.13021562563744,-0.478983087282531,-3.30284844830775,19.4801371891312,2.66259728370887,0.363931330932037,3.15392934316116,1,2,0.0636017886019833,0.05,0.904904904904905,0.904524148355403,0.950872255969408,0.97360391274705,0.988689403990348,0.634343949215903,0.63495343693639
