"","intercept class1","intercept class2","age.centered class1","age.centered class2","varcov 1","varcov 2","varcov 3","stderr","bic.select","icl.select","ARI","MCR","RI","JI","FMI","mean.pprob.misc","mean.pprob.correct","btr.est.hm1","btr.est.best"
"1",10.203942065486,5.79113166071529,-0.361937527961127,-0.504573500804958,17.0662440143048,2.55435778151754,0.573528650193305,3.15730961473467,1,2,0.0638949093292119,0.05,0.887087087087087,0.886308201532823,0.94026947170018,0.837448041661436,0.928950608327723,0.627481921820266,0.627615110927175
