"","intercept class1","intercept class2","age.centered class1","age.centered class2","varcov 1","varcov 2","varcov 3","stderr","bic.select","icl.select","ARI","MCR","RI","JI","FMI","mean.pprob.misc","mean.pprob.correct","btr.est.hm1","btr.est.best"
"1",7.53323957826108,3.12887042230633,-0.541780109665376,-0.72134053550498,15.0389225074448,2.42347620052097,0.425039869860886,3.13926509183932,1,2,-0.0343626488146589,0.3,0.549477477477477,0.534345332196628,0.713865769114723,0.680820637123915,0.75838134695593,0.635312672460198,0.635245838684085
