"","intercept class1","intercept class2","age.centered class1","age.centered class2","varcov 1","varcov 2","varcov 3","stderr","bic.select","icl.select","ARI","MCR","RI","JI","FMI","mean.pprob.misc","mean.pprob.correct","btr.est.hm1","btr.est.best"
"1",3.90365292643658,8.42134453729068,-0.54563851089741,-0.412189218105957,13.0335088262671,2.08853546802563,0.387250078387216,3.12212394218623,1,2,0.000334062831206313,0.488,0.499787787787788,0.474745945855039,0.672454984843051,0.720276750749473,0.740503873734986,0.626930454642029,0.627033501672037
