"","intercept class1","intercept class2","age.centered class1","age.centered class2","varcov 1","varcov 2","varcov 3","stderr","bic.select","icl.select","ARI","MCR","RI","JI","FMI","mean.pprob.misc","mean.pprob.correct","btr.est.hm1","btr.est.best"
"1",6.4542080999536,0.328897533386177,-0.44104131439208,-1.58032523522356,16.159926931641,1.96939057694594,0.240007230302055,3.22485089931894,1,2,-0.0117075825376667,0.05,0.89239039039039,0.892314935390163,0.94396371196297,0.986886885267878,0.970024800419354,0.604667290194894,0.604798742076306
