"","intercept class1","intercept class2","age.centered class1","age.centered class2","varcov 1","varcov 2","varcov 3","stderr","bic.select","icl.select","ARI","MCR","RI","JI","FMI","mean.pprob.misc","mean.pprob.correct","btr.est.hm1","btr.est.best"
"1",6.37044148300216,4.87558197267133,-0.663075367305537,0.077044940006424,19.2529295843318,2.79651717612028,0.406199936529347,3.17836681725771,1,2,-0.0131539663745245,0.05,0.890618618618619,0.890530955720297,0.942925407745778,0.92741933709249,0.882336173368644,0.633175106860845,0.633644255856782
