"","intercept class1","intercept class2","age.centered class1","age.centered class2","varcov 1","varcov 2","varcov 3","stderr","bic.select","icl.select","ARI","MCR","RI","JI","FMI","mean.pprob.misc","mean.pprob.correct","btr.est.hm1","btr.est.best"
"1",1.99707462896184,7.72934229027146,-0.996713099873831,-0.283208423735693,14.8481094060638,2.73144841273296,0.60295087506065,3.11280817676286,1,2,-0.0245939355611197,0.253,0.588630630630631,0.575451348570437,0.743433755477873,0.689155117440348,0.849188540497052,0.661322201668734,0.661355151483471
