"","intercept class1","intercept class2","age.centered class1","age.centered class2","varcov 1","varcov 2","varcov 3","stderr","bic.select","icl.select","ARI","MCR","RI","JI","FMI","mean.pprob.misc","mean.pprob.correct","btr.est.hm1","btr.est.best"
"1",6.21712860829271,-5.00878507744502,-0.544700270618039,-2.5613209706233,20.3553947117787,2.86711555205912,0.403842064851213,3.21071661946314,1,2,-0.0018630068931255,0.05,0.903105105105105,0.90309540494544,0.950218355906702,0.999651746865158,0.999520385413547,0.644156750920497,0.644071870953125
