"","intercept class1","intercept class2","age.centered class1","age.centered class2","varcov 1","varcov 2","varcov 3","stderr","bic.select","icl.select","ARI","MCR","RI","JI","FMI","mean.pprob.misc","mean.pprob.correct","btr.est.hm1","btr.est.best"
"1",9.2587178515396,3.82368820144953,-0.357284178230134,-0.802108956372291,13.7606445827226,2.10979240493237,0.323515054735062,3.10344452119491,1,2,0.02723766685228,0.376,0.530282282282282,0.504458571820812,0.69630309232844,0.710003573414753,0.812190454574957,0.657987710409898,0.657998419843153
