"","intercept class1","intercept class2","age.centered class1","age.centered class2","varcov 1","varcov 2","varcov 3","stderr","bic.select","icl.select","ARI","MCR","RI","JI","FMI","mean.pprob.misc","mean.pprob.correct","btr.est.hm1","btr.est.best"
"1",3.2378108708553,8.43923747176709,-1.28605529250612,0.0827422389934207,10.3678276162698,1.10262839462211,0.117266269575005,3.15498851361924,1,2,-0.00126306412911584,0.452,0.502702702702703,0.478263061276785,0.674941784542102,0.724386426247412,0.764947976419881,0.601799236855129,0.602906107247039
