"","intercept class1","intercept class2","age.centered class1","age.centered class2","varcov 1","varcov 2","varcov 3","stderr","bic.select","icl.select","ARI","MCR","RI","JI","FMI","mean.pprob.misc","mean.pprob.correct","btr.est.hm1","btr.est.best"
"1",9.84231598208926,4.70568596878505,0.397315525163259,-0.935983873572143,13.6397195315146,1.20026069649722,0.105630726347509,3.17222755328177,1,2,-0.00276800363955948,0.209,0.635877877877878,0.624240233043406,0.777434736472666,0.653869516501895,0.796521318616559,0.632162096821333,0.632296434790732
