"","intercept class1","intercept class2","age.centered class1","age.centered class2","varcov 1","varcov 2","varcov 3","stderr","bic.select","icl.select","ARI","MCR","RI","JI","FMI","mean.pprob.misc","mean.pprob.correct","btr.est.hm1","btr.est.best"
"1",0.427778133938729,6.44715476391534,-2.5942192927438,-0.421337172944368,16.2565884629539,1.75194239932847,0.249661922968302,3.14186060251372,1,2,0.09317308982466,0.05,0.890618618618619,0.889667929466312,0.942155664946236,0.966995136051203,0.965150793457884,0.631694345423731,0.631572786979728
