"","intercept class1","intercept class2","age.centered class1","age.centered class2","varcov 1","varcov 2","varcov 3","stderr","bic.select","icl.select","ARI","MCR","RI","JI","FMI","mean.pprob.misc","mean.pprob.correct","btr.est.hm1","btr.est.best"
"1",10.2493335038959,5.07618597695141,0.805742063586241,-0.802625373132124,15.6994202024289,1.65992606728402,0.175528179295067,3.11500805411004,1,2,0.0467919161708222,0.126,0.739171171171171,0.731832122347323,0.847504455339141,0.616198733194701,0.847922050460417,0.653092864107435,0.65352564282257
