"","intercept class1","intercept class2","age.centered class1","age.centered class2","varcov 1","varcov 2","varcov 3","stderr","bic.select","icl.select","ARI","MCR","RI","JI","FMI","mean.pprob.misc","mean.pprob.correct","btr.est.hm1","btr.est.best"
"1",6.92447266199695,2.54406031752019,-0.546913155470273,-1.24277215165201,16.0079768909159,2.00514779721455,0.264290647446716,3.16673905354099,1,2,-0.0209202053523648,0.093,0.763301301301301,0.760029633237939,0.86443642323201,0.606675446717067,0.82538730666246,0.630885732610493,0.630803677087992
