"","intercept class1","intercept class2","age.centered class1","age.centered class2","varcov 1","varcov 2","varcov 3","stderr","bic.select","icl.select","ARI","MCR","RI","JI","FMI","mean.pprob.misc","mean.pprob.correct","btr.est.hm1","btr.est.best"
"1",5.95420357883808,7.44712025150064,-0.522377331741227,-1.48165972369453,0.984292068719126,0.142708902616847,0.0206916132830288,1.38459765383164,2,2,0.608007772341574,0.11,0.804004004004004,0.672026800670017,0.803846940599008,0.682875481056918,0.980092239215477,0.552446855467387,0.554876720685441
