"","intercept class1","intercept class2","age.centered class1","age.centered class2","varcov 1","varcov 2","varcov 3","stderr","bic.select","icl.select","ARI","MCR","RI","JI","FMI","mean.pprob.misc","mean.pprob.correct","btr.est.hm1","btr.est.best"
"1",7.53145533261924,5.81632737594421,-1.46584591949446,-0.480200701594298,0.90426577692062,0.109445051482034,0.0132464160861354,1.38372135954981,2,2,0.617413043860852,0.107,0.808706706706707,0.67858248116254,0.808518483766064,0.738682776673647,0.990940781941661,0.564824946999698,0.570051839645416
