"","intercept class1","intercept class2","age.centered class1","age.centered class2","varcov 1","varcov 2","varcov 3","stderr","bic.select","icl.select","ARI","MCR","RI","JI","FMI","mean.pprob.misc","mean.pprob.correct","btr.est.hm1","btr.est.best"
"1",5.8981040001004,7.46542470455897,-0.529277519372813,-1.47877707178072,0.937707988446952,0.139122993114142,0.0351079978805006,1.39523125241754,2,2,0.604888494569585,0.111,0.802444444444444,0.669793200374783,0.802246889286402,0.71040331112911,0.98005929279319,0.557274305123647,0.557566150139274
