"","intercept class1","intercept class2","age.centered class1","age.centered class2","varcov 1","varcov 2","varcov 3","stderr","bic.select","icl.select","ARI","MCR","RI","JI","FMI","mean.pprob.misc","mean.pprob.correct","btr.est.hm1","btr.est.best"
"1",5.97171063568404,7.63729742636981,-0.515499762532436,-1.46560616579063,0.962769829596071,0.196646166791975,0.0459898939581091,1.39172594550628,2,2,0.608008243674158,0.11,0.804004004004004,0.67219152854512,0.803965015596656,0.689814795370063,0.990811773828759,0.566311868427748,0.567731498883483
