"","intercept class1","intercept class2","age.centered class1","age.centered class2","varcov 1","varcov 2","varcov 3","stderr","bic.select","icl.select","ARI","MCR","RI","JI","FMI","mean.pprob.misc","mean.pprob.correct","btr.est.hm1","btr.est.best"
"1",7.56570420999316,6.02749653064137,-1.51410988840044,-0.481660460898189,1.08206869746994,0.112763067964826,0.0117527733738004,1.44202035291478,2,2,0.63963928433444,0.1,0.81981981981982,0.694399358917766,0.819640724349184,0.690015020430814,0.981221496992227,0.562188571458268,0.563788987705704
