"","intercept class1","intercept class2","age.centered class1","age.centered class2","varcov 1","varcov 2","varcov 3","stderr","bic.select","icl.select","ARI","MCR","RI","JI","FMI","mean.pprob.misc","mean.pprob.correct","btr.est.hm1","btr.est.best"
"1",6.0464210193947,7.47834613262007,-0.476931763609718,-1.51565704824654,1.05265581447011,0.153538496658846,0.0223950955970122,1.388591047403,2,2,0.608007615230461,0.11,0.804004004004004,0.671971854582007,0.803807615230461,0.669230643173978,0.98364298382597,0.557498221193944,0.561636175884193
