"","intercept class1","intercept class2","age.centered class1","age.centered class2","varcov 1","varcov 2","varcov 3","stderr","bic.select","icl.select","ARI","MCR","RI","JI","FMI","mean.pprob.misc","mean.pprob.correct","btr.est.hm1","btr.est.best"
"1",5.95279801560542,7.50939294830057,-0.513582930452817,-1.54976112568488,0.992463995405221,0.126505438189595,0.0175836025975259,1.4270142791151,2,2,0.614270632036129,0.108,0.807135135135135,0.676627169279313,0.80712933601529,0.70361337739946,0.987323565603526,0.555612945889712,0.55772678416973
