"","intercept class1","intercept class2","age.centered class1","age.centered class2","varcov 1","varcov 2","varcov 3","stderr","bic.select","icl.select","ARI","MCR","RI","JI","FMI","mean.pprob.misc","mean.pprob.correct","btr.est.hm1","btr.est.best"
"1",6.03347900164951,7.60314489873018,-0.509414735735336,-1.51349229755606,1.00825520189508,0.141203717916721,0.019776002684769,1.40298655469325,2,2,0.681957854705902,0.087,0.840978978978979,0.725437262357414,0.840873580002309,0.668377425937166,0.984924861304974,0.560994754637441,0.563845114220275
