"","intercept class1","intercept class2","age.centered class1","age.centered class2","varcov 1","varcov 2","varcov 3","stderr","bic.select","icl.select","ARI","MCR","RI","JI","FMI","mean.pprob.misc","mean.pprob.correct","btr.est.hm1","btr.est.best"
"1",5.93905083919457,7.50138891520084,-0.550747457547019,-1.47132664072537,0.859886575876496,0.115830401583119,0.0196219964015207,1.44120277524678,2,2,0.633248934681516,0.102,0.816624624624625,0.689837326795704,0.816454125674638,0.673818654912842,0.974164866518728,0.525675880478777,0.525991051465662
