"","intercept class1","intercept class2","age.centered class1","age.centered class2","varcov 1","varcov 2","varcov 3","stderr","bic.select","icl.select","ARI","MCR","RI","JI","FMI","mean.pprob.misc","mean.pprob.correct","btr.est.hm1","btr.est.best"
"1",7.53375918833871,6.10025876266435,-1.48865814256691,-0.484436426150029,0.842531382340035,0.134703128474398,0.0215362101552079,1.41153546394589,2,2,0.608007772341574,0.11,0.804004004004004,0.672026800670017,0.803846940599008,0.691424867937555,0.985744239894707,0.525081755203336,0.528416860841994
