"","intercept class1","intercept class2","age.centered class1","age.centered class2","varcov 1","varcov 2","varcov 3","stderr","bic.select","icl.select","ARI","MCR","RI","JI","FMI","mean.pprob.misc","mean.pprob.correct","btr.est.hm1","btr.est.best"
"1",7.57870325464296,5.98782043049697,-1.51110161489633,-0.524099830628338,0.886248070632858,0.136950796024553,0.0396500837526472,1.4148365277463,2,2,0.547146874891032,0.13,0.773573573573574,0.630512904279647,0.7733921213141,0.691946238769283,0.984356618870318,0.553991050934433,0.553954181575907
