"","intercept class1","intercept class2","age.centered class1","age.centered class2","varcov 1","varcov 2","varcov 3","stderr","bic.select","icl.select","ARI","MCR","RI","JI","FMI","mean.pprob.misc","mean.pprob.correct","btr.est.hm1","btr.est.best"
"1",7.52450120369175,6.07241663762764,-1.53410337123164,-0.500443399265107,0.935920065549826,0.127764150666048,0.01744131999876,1.4175239005434,2,2,0.617414319657544,0.107,0.808706706706707,0.679031629581855,0.808838355113694,0.674037016892541,0.987976063187194,0.546741041175805,0.549107365665446
