"","intercept class1","intercept class2","age.centered class1","age.centered class2","varcov 1","varcov 2","varcov 3","stderr","bic.select","icl.select","ARI","MCR","RI","JI","FMI","mean.pprob.misc","mean.pprob.correct","btr.est.hm1","btr.est.best"
"1",7.45438398674797,5.97751047569705,-1.5282280903185,-0.517875330921657,1.19751071398301,0.177345737061828,0.0262646483728455,1.41552439100082,2,2,0.655755809565415,0.095,0.827877877877878,0.706200962300774,0.827805277579891,0.651673962873626,0.985624233545684,0.562646757282724,0.568868049480654
