"","intercept class1","intercept class2","age.centered class1","age.centered class2","varcov 1","varcov 2","varcov 3","stderr","bic.select","icl.select","ARI","MCR","RI","JI","FMI","mean.pprob.misc","mean.pprob.correct","btr.est.hm1","btr.est.best"
"1",6.04673299167928,7.59054369461686,-0.484664174306091,-1.48626119281783,1.04574830388566,0.140279040012372,0.0188175353751967,1.42266002138401,2,2,0.617413043860852,0.107,0.808706706706707,0.67858248116254,0.808518483766064,0.646755430765111,0.985241433032358,0.559860669903544,0.561015769901908
