"","intercept class1","intercept class2","age.centered class1","age.centered class2","varcov 1","varcov 2","varcov 3","stderr","bic.select","icl.select","ARI","MCR","RI","JI","FMI","mean.pprob.misc","mean.pprob.correct","btr.est.hm1","btr.est.best"
"1",7.44557796911334,6.03658994924415,-1.57310603867647,-0.489977300884665,1.08642629633696,0.167456961442873,0.0258130351375987,1.44455150279851,2,2,0.633249593215218,0.102,0.816624624624625,0.690072409826081,0.816619133937424,0.699654656852671,0.986703414456879,0.559026050041364,0.558557043824302
