"","intercept class1","intercept class2","age.centered class1","age.centered class2","varcov 1","varcov 2","varcov 3","stderr","bic.select","icl.select","ARI","MCR","RI","JI","FMI","mean.pprob.misc","mean.pprob.correct","btr.est.hm1","btr.est.best"
"1",7.53113084200472,6.03447323013608,-1.50736961391582,-0.471391021092498,0.929189351947585,0.150770401564349,0.0244644451616531,1.43499363678327,2,2,0.646061758484075,0.098,0.823031031031031,0.699042612591755,0.822866488727256,0.70312513336783,0.988159494279159,0.55254449229422,0.551109381970706
