"","intercept class1","intercept class2","age.centered class1","age.centered class2","varcov 1","varcov 2","varcov 3","stderr","bic.select","icl.select","ARI","MCR","RI","JI","FMI","mean.pprob.misc","mean.pprob.correct","btr.est.hm1","btr.est.best"
"1",7.50646965250029,5.97855720230314,-1.50323074274548,-0.480162740515692,0.977745591042615,0.138381375300357,0.0195852994548999,1.41846036999058,2,2,0.608007640368248,0.11,0.804004004004004,0.67198064719324,0.803813906179726,0.726385958865015,0.98881873546759,0.555137125431045,0.557450358350791
