"","intercept class1","intercept class2","age.centered class1","age.centered class2","varcov 1","varcov 2","varcov 3","stderr","bic.select","icl.select","ARI","MCR","RI","JI","FMI","mean.pprob.misc","mean.pprob.correct","btr.est.hm1","btr.est.best"
"1",5.97022299002953,7.37788194819398,-0.459961765391324,-1.47733307144237,0.996323507920644,0.151509671156542,0.0230399706868828,1.40252608466845,2,2,0.574138614351395,0.121,0.787069069069069,0.648915311080596,0.787081872054512,0.69243441877457,0.988887551141544,0.55137597570702,0.552663133934741
