"","intercept class1","intercept class2","age.centered class1","age.centered class2","varcov 1","varcov 2","varcov 3","stderr","bic.select","icl.select","ARI","MCR","RI","JI","FMI","mean.pprob.misc","mean.pprob.correct","btr.est.hm1","btr.est.best"
"1",7.51389747949537,6.02121014796301,-1.52387897502146,-0.522788394531965,0.887884110577984,0.139412337790197,0.0218914855161063,1.42232420860606,2,2,0.598674853219952,0.113,0.799337337337337,0.665669321805494,0.799281690593566,0.676807013090234,0.985408850495646,0.53689755539867,0.5381357223317
