"","intercept class1","intercept class2","age.centered class1","age.centered class2","varcov 1","varcov 2","varcov 3","stderr","bic.select","icl.select","ARI","MCR","RI","JI","FMI","mean.pprob.misc","mean.pprob.correct","btr.est.hm1","btr.est.best"
"1",7.56116327204806,5.97921136741713,-1.48972559084322,-0.530735399185071,1.07516938287174,0.168831940022667,0.0265115075654257,1.41469488347129,2,2,0.639639977612228,0.1,0.81981981981982,0.694648200799343,0.819814432984623,0.706121840786665,0.982772271174651,0.562969617994595,0.562983236134464
