"","intercept class1","intercept class2","age.centered class1","age.centered class2","varcov 1","varcov 2","varcov 3","stderr","bic.select","icl.select","ARI","MCR","RI","JI","FMI","mean.pprob.misc","mean.pprob.correct","btr.est.hm1","btr.est.best"
"1",7.43860861160044,5.95803365429705,-1.49974709328943,-0.483384980280654,1.02110147192866,0.101699112029052,0.0101289909767924,1.42810928425291,2,2,0.580224410977906,0.119,0.790112112112112,0.652965905329361,0.790053895062648,0.634456309081285,0.981037669345742,0.548709601263099,0.550814471138383
