"","intercept class1","intercept class2","age.centered class1","age.centered class2","varcov 1","varcov 2","varcov 3","stderr","bic.select","icl.select","ARI","MCR","RI","JI","FMI","mean.pprob.misc","mean.pprob.correct","btr.est.hm1","btr.est.best"
"1",5.88777599365946,7.49611445116144,-0.529150803225008,-1.43936032209209,0.861422574394239,0.13968973440787,0.0226529432791775,1.42517711939753,2,2,0.601778298098999,0.112,0.800888888888889,0.667944283443956,0.800919711818729,0.677131422715288,0.982621322260755,0.52714906125856,0.527750312131668
