"","intercept class1","intercept class2","age.centered class1","age.centered class2","varcov 1","varcov 2","varcov 3","stderr","bic.select","icl.select","ARI","MCR","RI","JI","FMI","mean.pprob.misc","mean.pprob.correct","btr.est.hm1","btr.est.best"
"1",7.46402460724589,6.11086745902645,-1.50541063619148,-0.499832816596428,0.965653691407147,0.12833989289789,0.0325221658149201,1.40417918019045,2,2,0.595579180832398,0.114,0.79778978978979,0.663324489006813,0.797588796909017,0.647156372782141,0.977291742518505,0.544812995505747,0.54618259155385
