"","intercept class1","intercept class2","age.centered class1","age.centered class2","varcov 1","varcov 2","varcov 3","stderr","bic.select","icl.select","ARI","MCR","RI","JI","FMI","mean.pprob.misc","mean.pprob.correct","btr.est.hm1","btr.est.best"
"1",7.52722873497555,5.92626430009754,-1.5039768639166,-0.512003425754451,1.04105663575256,0.168641581871666,0.0273189319990364,1.40097281566844,2,2,0.698594297417326,0.082,0.849297297297297,0.737842167583757,0.849147501850914,0.677108386434412,0.983888256013489,0.565474980908452,0.568056548556995
