"","intercept class1","intercept class2","age.centered class1","age.centered class2","varcov 1","varcov 2","varcov 3","stderr","bic.select","icl.select","ARI","MCR","RI","JI","FMI","mean.pprob.misc","mean.pprob.correct","btr.est.hm1","btr.est.best"
"1",7.52119266074178,5.85730214236225,-1.4676048057154,-0.470810626659035,1.09197207252867,0.135610801215229,0.0168413590770615,1.41786641143897,2,2,0.64284681105999,0.099,0.821423423423423,0.696820659932294,0.82132513725101,0.665880167964991,0.984450593573154,0.573376977464836,0.575816719789877
