"","intercept class1","intercept class2","age.centered class1","age.centered class2","varcov 1","varcov 2","varcov 3","stderr","bic.select","icl.select","ARI","MCR","RI","JI","FMI","mean.pprob.misc","mean.pprob.correct","btr.est.hm1","btr.est.best"
"1",7.4386976850222,5.96712808903282,-1.50700637620436,-0.503595662896676,1.02659812740203,0.177455102316136,0.0306746948343991,1.41710245703298,2,2,0.611136056250808,0.109,0.805567567567568,0.674621415170196,0.805701353108157,0.654086763015176,0.986706679968912,0.547160159445173,0.55019025868124
