"","intercept class1","intercept class2","age.centered class1","age.centered class2","varcov 1","varcov 2","varcov 3","stderr","bic.select","icl.select","ARI","MCR","RI","JI","FMI","mean.pprob.misc","mean.pprob.correct","btr.est.hm1","btr.est.best"
"1",7.5718355893479,5.87475932685505,-1.47922478220608,-0.523634084598888,1.02166154909126,0.168243948305736,0.0277068724748589,1.39531532959804,2,2,0.633249028757904,0.102,0.816624624624625,0.689870931917602,0.816477676176117,0.668630119624529,0.989976483580654,0.571123911035254,0.574732668466736
