"","intercept class1","intercept class2","age.centered class1","age.centered class2","varcov 1","varcov 2","varcov 3","stderr","bic.select","icl.select","ARI","MCR","RI","JI","FMI","mean.pprob.misc","mean.pprob.correct","btr.est.hm1","btr.est.best"
"1",7.35464582183483,6.14353586552313,-1.54472725650518,-0.470045396001369,1.09904259109931,0.139699973238653,0.0197955445994329,1.38873363130908,2,2,0.574137726784611,0.121,0.787069069069069,0.648613735777246,0.786859555767255,0.674315206595572,0.984121921465127,0.554023414669159,0.555350986931054
