"","intercept class1","intercept class2","age.centered class1","age.centered class2","varcov 1","varcov 2","varcov 3","stderr","bic.select","icl.select","ARI","MCR","RI","JI","FMI","mean.pprob.misc","mean.pprob.correct","btr.est.hm1","btr.est.best"
"1",7.52661810633685,5.9180466992169,-1.47535141060144,-0.496756873300786,1.0149762398815,0.159458790548439,0.0446927547579896,1.39680678190048,2,2,0.608009224042303,0.11,0.804004004004004,0.672533633036975,0.804211084341653,0.722817951900638,0.984134786675935,0.573126812150656,0.572841519522263
