"","intercept class1","intercept class2","age.centered class1","age.centered class2","varcov 1","varcov 2","varcov 3","stderr","bic.select","icl.select","ARI","MCR","RI","JI","FMI","mean.pprob.misc","mean.pprob.correct","btr.est.hm1","btr.est.best"
"1",7.39062455406389,6.13930077240214,-1.54299782018536,-0.487758953909609,1.07913167158171,0.125962697788525,0.0147040846120101,1.40540882374636,2,2,0.595579822717719,0.114,0.79778978978979,0.663546545326147,0.797749555052666,0.667948507141924,0.981575158172497,0.546382382239827,0.549584508326749
