"","intercept class1","intercept class2","age.centered class1","age.centered class2","varcov 1","varcov 2","varcov 3","stderr","bic.select","icl.select","ARI","MCR","RI","JI","FMI","mean.pprob.misc","mean.pprob.correct","btr.est.hm1","btr.est.best"
"1",7.44082980307702,6.02952279210503,-1.50159470855603,-0.437355651127662,1.02301451186089,0.129691952520641,0.01644272405696,1.37964284202596,2,2,0.577178278715628,0.12,0.788588588588589,0.651197357555739,0.788759029852244,0.689183026079509,0.988842739922976,0.570239454249625,0.571686731566279
