"","intercept class1","intercept class2","age.centered class1","age.centered class2","varcov 1","varcov 2","varcov 3","stderr","bic.select","icl.select","ARI","MCR","RI","JI","FMI","mean.pprob.misc","mean.pprob.correct","btr.est.hm1","btr.est.best"
"1",7.64801962675023,6.02655851045935,-1.47509480890123,-0.51150155426966,0.923853129507563,0.11075282721851,0.0235255317349211,1.41727632365883,2,2,0.668792472869209,0.091,0.834396396396396,0.715609356950327,0.834233450834969,0.68489542568284,0.97881634470364,0.55355089253976,0.5549146044233
