"","intercept class1","intercept class2","age.centered class1","age.centered class2","varcov 1","varcov 2","varcov 3","stderr","bic.select","icl.select","ARI","MCR","RI","JI","FMI","mean.pprob.misc","mean.pprob.correct","btr.est.hm1","btr.est.best"
"1",7.41966788454316,6.1026125946614,-1.50710496157987,-0.456736194932488,0.966691453142037,0.136429225746846,0.0192542654286817,1.42601008726546,2,2,0.626890523015783,0.104,0.813445445445445,0.685289131154296,0.813260013973912,0.662196569925029,0.986047557478572,0.52495524975132,0.532333415913237
