"","intercept class1","intercept class2","age.centered class1","age.centered class2","varcov 1","varcov 2","varcov 3","stderr","bic.select","icl.select","ARI","MCR","RI","JI","FMI","mean.pprob.misc","mean.pprob.correct","btr.est.hm1","btr.est.best"
"1",7.66466852340342,5.97539903459282,-1.50287039454363,-0.507303090594458,0.844417220324696,0.113131808497662,0.0151569697685445,1.40827831096305,2,2,0.620564208701293,0.106,0.810282282282282,0.680811074808852,0.810098273818463,0.672491504760219,0.989293611246892,0.550725838013074,0.554559160499062
