"","intercept class1","intercept class2","age.centered class1","age.centered class2","varcov 1","varcov 2","varcov 3","stderr","bic.select","icl.select","ARI","MCR","RI","JI","FMI","mean.pprob.misc","mean.pprob.correct","btr.est.hm1","btr.est.best"
"1",7.58311353947811,6.09733391487918,-1.4819316765138,-0.510099489462389,0.945751758771678,0.114272429207361,0.0138072130525819,1.41425573705369,2,2,0.614271275173757,0.108,0.807135135135135,0.676852789834898,0.807290766226961,0.659000168487804,0.981514522435196,0.530678029957034,0.536116700899234
