"","intercept class1","intercept class2","age.centered class1","age.centered class2","varcov 1","varcov 2","varcov 3","stderr","bic.select","icl.select","ARI","MCR","RI","JI","FMI","mean.pprob.misc","mean.pprob.correct","btr.est.hm1","btr.est.best"
"1",5.98470280507476,7.58751702731947,-0.520009761192221,-1.5107620624855,0.954783069252965,0.133734689622854,0.0295627381468447,1.40308935075612,2,2,0.568083653033733,0.123,0.784042042042042,0.644501641202758,0.783826084518439,0.679046852508426,0.988490444796966,0.568710869247131,0.568126749761274
