"","intercept class1","intercept class2","age.centered class1","age.centered class2","varcov 1","varcov 2","varcov 3","stderr","bic.select","icl.select","ARI","MCR","RI","JI","FMI","mean.pprob.misc","mean.pprob.correct","btr.est.hm1","btr.est.best"
"1",7.53619724690877,5.95090628858028,-1.48365171289914,-0.538307457271582,0.952642132503238,0.150736675180692,0.0425067473646123,1.40342910258246,2,2,0.601777787354254,0.112,0.800888888888889,0.667766806077045,0.800791683142305,0.662910821459196,0.980788090162565,0.559574813442706,0.558723158542786
