"","intercept class1","intercept class2","age.centered class1","age.centered class2","varcov 1","varcov 2","varcov 3","stderr","bic.select","icl.select","ARI","MCR","RI","JI","FMI","mean.pprob.misc","mean.pprob.correct","btr.est.hm1","btr.est.best"
"1",6.04601172144607,7.46345317851275,-0.427202815967883,-1.4958576688011,0.956036459726898,0.109495081716705,0.0310776911362942,1.40363412008183,2,2,0.630067120262515,0.103,0.815033033033033,0.688053724812274,0.815205091834052,0.673610534727492,0.98052454480897,0.562923914775187,0.561798151118123
