"","intercept class1","intercept class2","age.centered class1","age.centered class2","varcov 1","varcov 2","varcov 3","stderr","bic.select","icl.select","ARI","MCR","RI","JI","FMI","mean.pprob.misc","mean.pprob.correct","btr.est.hm1","btr.est.best"
"1",7.42802065734917,6.16298854038702,-1.53601270863112,-0.522660798461156,1.11781545011637,0.150977907074173,0.0403500387478084,1.36810302006397,2,2,0.571107509354571,0.122,0.785553553553554,0.646831519947247,0.785547052977188,0.650027729215416,0.9772972452817,0.56737274167687,0.568605323369075
