"","intercept class1","intercept class2","age.centered class1","age.centered class2","varcov 1","varcov 2","varcov 3","stderr","bic.select","icl.select","ARI","MCR","RI","JI","FMI","mean.pprob.misc","mean.pprob.correct","btr.est.hm1","btr.est.best"
"1",7.45129909258952,5.99995158201628,-1.50744642218447,-0.507654465174915,1.16255633333628,0.130880980904481,0.0147346389870257,1.36006831011211,2,2,0.649284969009522,0.097,0.824642642642643,0.701368527281902,0.82447572870358,0.653235509269089,0.983910102732368,0.582233043253641,0.583005444152012
