"","intercept class1","intercept class2","age.centered class1","age.centered class2","varcov 1","varcov 2","varcov 3","stderr","bic.select","icl.select","ARI","MCR","RI","JI","FMI","mean.pprob.misc","mean.pprob.correct","btr.est.hm1","btr.est.best"
"1",7.51093792023616,5.97342384483796,-1.50446456132878,-0.515942039064604,1.03784177798214,0.141439195424419,0.0340991532986526,1.39324238758144,2,2,0.630065732458343,0.103,0.815033033033033,0.687560025430492,0.814856972116188,0.681708631703311,0.982054440135267,0.568892619425686,0.570181029721598
