"","intercept class1","intercept class2","age.centered class1","age.centered class2","varcov 1","varcov 2","varcov 3","stderr","bic.select","icl.select","ARI","MCR","RI","JI","FMI","mean.pprob.misc","mean.pprob.correct","btr.est.hm1","btr.est.best"
"1",7.54207874114929,5.86296903185167,-1.47359674331964,-0.499189794066051,0.920934960585032,0.158355830966055,0.0272294682333612,1.44811363422867,2,2,0.652516970541984,0.096,0.826258258258258,0.703990722423085,0.826285238631103,0.695551259851099,0.990349745190078,0.538690874649843,0.544295079374158
