"","intercept class1","intercept class2","age.centered class1","age.centered class2","varcov 1","varcov 2","varcov 3","stderr","bic.select","icl.select","ARI","MCR","RI","JI","FMI","mean.pprob.misc","mean.pprob.correct","btr.est.hm1","btr.est.best"
"1",7.417888701021,6.02827077941212,-1.54322111506202,-0.485468519620166,0.920489912746032,0.1448004760685,0.0227782850388886,1.43113393107203,2,2,0.64606170741483,0.098,0.823031031031031,0.699024167682449,0.82285370741483,0.663159791740106,0.988074661824981,0.53733273227075,0.540894212332524
