"","intercept class1","intercept class2","age.centered class1","age.centered class2","varcov 1","varcov 2","varcov 3","stderr","bic.select","icl.select","ARI","MCR","RI","JI","FMI","mean.pprob.misc","mean.pprob.correct","btr.est.hm1","btr.est.best"
"1",7.46358803456776,6.06101686326575,-1.46863881307978,-0.512786883308975,0.959136366065084,0.119855901043954,0.0149780349323674,1.40542694110281,2,2,0.571106849255772,0.122,0.785553553553554,0.646607809757578,0.785381702801001,0.655160362543104,0.977933267021353,0.535949119802274,0.537212505219012
