"","intercept class1","intercept class2","age.centered class1","age.centered class2","varcov 1","varcov 2","varcov 3","stderr","bic.select","icl.select","ARI","MCR","RI","JI","FMI","mean.pprob.misc","mean.pprob.correct","btr.est.hm1","btr.est.best"
"1",6.02404062825232,7.46682897242811,-0.496460354642828,-1.52833275963492,1.0816738034328,0.141390407518605,0.0204015381248084,1.40699746014576,2,2,0.604888507238491,0.111,0.802444444444444,0.669797620163028,0.802250059748644,0.709199695700654,0.983907380565966,0.568187871539442,0.567914941899521
