"","intercept class1","intercept class2","age.centered class1","age.centered class2","varcov 1","varcov 2","varcov 3","stderr","bic.select","icl.select","ARI","MCR","RI","JI","FMI","mean.pprob.misc","mean.pprob.correct","btr.est.hm1","btr.est.best"
"1",7.53544435809571,6.05283671945923,-1.47192699756067,-0.513289185629525,1.01816555462158,0.117670844712773,0.0170966146055085,1.40553324895942,2,2,0.595579232701995,0.114,0.79778978978979,0.663342443837078,0.79760177829994,0.671623059556457,0.977328156312996,0.550585666492795,0.551288319015829
