"","intercept class1","intercept class2","age.centered class1","age.centered class2","varcov 1","varcov 2","varcov 3","stderr","bic.select","icl.select","ARI","MCR","RI","JI","FMI","mean.pprob.misc","mean.pprob.correct","btr.est.hm1","btr.est.best"
"1",6.00531743444936,7.50467273659509,-0.498492261625858,-1.51080265247601,1.02927719589502,0.167401772355043,0.0272271587129112,1.40711988166012,2,2,0.662258083634356,0.093,0.831129129129129,0.710865302876573,0.831000924000616,0.667001207716219,0.989896247724562,0.558724297538368,0.5638022804513
