"","intercept class1","intercept class2","age.centered class1","age.centered class2","varcov 1","varcov 2","varcov 3","stderr","bic.select","icl.select","ARI","MCR","RI","JI","FMI","mean.pprob.misc","mean.pprob.correct","btr.est.hm1","btr.est.best"
"1",7.55200351749625,6.07795360527014,-1.54978805863167,-0.550833645621941,0.993550061995807,0.129680137662377,0.0199484414742793,1.424144368671,2,2,0.589414292181142,0.116,0.794706706706707,0.65950777649387,0.794824341625569,0.689187332458188,0.981894047910385,0.551995609112189,0.550611410453691
