"","intercept class1","intercept class2","age.centered class1","age.centered class2","varcov 1","varcov 2","varcov 3","stderr","bic.select","icl.select","ARI","MCR","RI","JI","FMI","mean.pprob.misc","mean.pprob.correct","btr.est.hm1","btr.est.best"
"1",6.0602989466786,7.45180808431254,-0.508757346991149,-1.49444112444398,0.976992674100781,0.0776727080139529,0.00617512324317196,1.42307702353423,2,2,0.592492948181284,0.115,0.796246246246246,0.661485704402432,0.796258521599233,0.662758519999756,0.97349164041716,0.525635286848386,0.529816596584508
