"","intercept class1","intercept class2","age.centered class1","age.centered class2","varcov 1","varcov 2","varcov 3","stderr","bic.select","icl.select","ARI","MCR","RI","JI","FMI","mean.pprob.misc","mean.pprob.correct","btr.est.hm1","btr.est.best"
"1",7.55684484854419,5.93790192660372,-1.51394638666453,-0.515106160515408,1.0893783069035,0.151090094194143,0.0209557544822452,1.37566671737923,2,2,0.589413008586565,0.116,0.794706706706707,0.659066275675424,0.794502649302886,0.683759647929345,0.991809963425742,0.590093784877992,0.591853792180552
