"","intercept class1","intercept class2","age.centered class1","age.centered class2","varcov 1","varcov 2","varcov 3","stderr","bic.select","icl.select","ARI","MCR","RI","JI","FMI","mean.pprob.misc","mean.pprob.correct","btr.est.hm1","btr.est.best"
"1",5.99064215541668,7.5476368358335,-0.525070646816056,-1.4842540773831,0.97350197171107,0.159823072109761,0.0262386881003095,1.4498228950508,2,2,0.608007621514908,0.11,0.804004004004004,0.671974052779006,0.803809187928126,0.673071370512393,0.979897443082383,0.530459595931546,0.532844882356347
