"","intercept class1","intercept class2","age.centered class1","age.centered class2","varcov 1","varcov 2","varcov 3","stderr","bic.select","icl.select","ARI","MCR","RI","JI","FMI","mean.pprob.misc","mean.pprob.correct","btr.est.hm1","btr.est.best"
"1",5.95983458226325,7.42620776545226,-0.493025909507778,-1.50135143264043,0.870209724758182,0.121550163857526,0.0197679322774558,1.4496541578607,2,2,0.652516190620204,0.096,0.826258258258258,0.703707750085353,0.826089745042035,0.668004873399184,0.982677020248269,0.531392894696247,0.531941603922347
