"","intercept class1","intercept class2","age.centered class1","age.centered class2","varcov 1","varcov 2","varcov 3","stderr","bic.select","icl.select","ARI","MCR","RI","JI","FMI","mean.pprob.misc","mean.pprob.correct","btr.est.hm1","btr.est.best"
"1",5.95321446334855,7.59127579659801,-0.515476238133511,-1.49289788935899,0.956982553480673,0.175402403089508,0.032150309910252,1.42793159723006,2,2,0.571107014280662,0.122,0.785553553553554,0.646663763870746,0.785423020660037,0.655969657212641,0.9893976904342,0.550382592409618,0.551910715064127
