"","intercept class1","intercept class2","age.centered class1","age.centered class2","varcov 1","varcov 2","varcov 3","stderr","bic.select","icl.select","ARI","MCR","RI","JI","FMI","mean.pprob.misc","mean.pprob.correct","btr.est.hm1","btr.est.best"
"1",7.52117287296714,6.02590066926494,-1.474008713173,-0.45288498715689,0.939853716270556,0.166965737752311,0.0296616310198787,1.40721304530401,2,2,0.617413043860852,0.107,0.808706706706707,0.67858248116254,0.808518483766064,0.669593782275514,0.988872751689498,0.546314860906631,0.549780147446652
