"","intercept class1","intercept class2","age.centered class1","age.centered class2","varcov 1","varcov 2","varcov 3","stderr","bic.select","icl.select","ARI","MCR","RI","JI","FMI","mean.pprob.misc","mean.pprob.correct","btr.est.hm1","btr.est.best"
"1",7.56131497794118,6.03846183264718,-1.45711366495723,-0.491812185798693,0.918761580140981,0.150022469255033,0.0244968281231909,1.45526974589169,2,2,0.614269939423977,0.108,0.807135135135135,0.676383840691198,0.806955812902947,0.685345679456273,0.982665070458118,0.529885932075893,0.529154864812074
