"","intercept class1","intercept class2","age.centered class1","age.centered class2","varcov 1","varcov 2","varcov 3","stderr","bic.select","icl.select","ARI","MCR","RI","JI","FMI","mean.pprob.misc","mean.pprob.correct","btr.est.hm1","btr.est.best"
"1",6.04988115366339,7.57008105672249,-0.514242561938209,-1.49039130394367,1.06323375305442,0.152776639771327,0.0219525639353595,1.43694016460641,2,2,0.58634352113778,0.117,0.793171171171171,0.657497778779721,0.793363347832218,0.669879712245099,0.984918590793339,0.545286088718053,0.547650048863833
