"","intercept class1","intercept class2","age.centered class1","age.centered class2","varcov 1","varcov 2","varcov 3","stderr","bic.select","icl.select","ARI","MCR","RI","JI","FMI","mean.pprob.misc","mean.pprob.correct","btr.est.hm1","btr.est.best"
"1",5.94842016246048,7.5290668063881,-0.488171970675471,-1.4847769124267,1.03666654222243,0.147496077820358,0.025994348140235,1.41204280718719,2,2,0.574139146889689,0.121,0.787069069069069,0.649096007918179,0.787215448432675,0.639160715042681,0.986448013658999,0.57031794707817,0.568675092961326
