"","intercept class1","intercept class2","age.centered class1","age.centered class2","varcov 1","varcov 2","varcov 3","stderr","bic.select","icl.select","ARI","MCR","RI","JI","FMI","mean.pprob.misc","mean.pprob.correct","btr.est.hm1","btr.est.best"
"1",7.526884619342,5.97260978125803,-1.51314661136706,-0.470007753331212,0.881301474894137,0.125728522259654,0.0179367306378359,1.42107770309748,2,2,0.617413706294812,0.107,0.808706706706707,0.678815849624869,0.808684424085758,0.682563728178527,0.990120338751491,0.553461865060771,0.554376835592787
