"","intercept class1","intercept class2","age.centered class1","age.centered class2","varcov 1","varcov 2","varcov 3","stderr","bic.select","icl.select","ARI","MCR","RI","JI","FMI","mean.pprob.misc","mean.pprob.correct","btr.est.hm1","btr.est.best"
"1",5.96698298699313,7.52192919538553,-0.499771318730144,-1.52678870704313,1.01312710259718,0.136619546465677,0.0267226106486804,1.40147870111468,2,2,0.675359097825267,0.089,0.83767967967968,0.720478928788129,0.837532991779863,0.656654288210737,0.984953933064304,0.570730087818089,0.572235394013376
