"","intercept class1","intercept class2","age.centered class1","age.centered class2","varcov 1","varcov 2","varcov 3","stderr","bic.select","icl.select","ARI","MCR","RI","JI","FMI","mean.pprob.misc","mean.pprob.correct","btr.est.hm1","btr.est.best"
"1",5.93450583562091,7.54530308394993,-0.576828546823954,-1.51191884045983,0.951024957388992,0.127764900786411,0.017164765797993,1.42717785229808,2,2,0.608008124270011,0.11,0.804004004004004,0.67214981313544,0.803935089256983,0.67058527018984,0.983271621893715,0.540741357338029,0.544113683284572
