"","intercept class1","intercept class2","age.centered class1","age.centered class2","varcov 1","varcov 2","varcov 3","stderr","bic.select","icl.select","ARI","MCR","RI","JI","FMI","mean.pprob.misc","mean.pprob.correct","btr.est.hm1","btr.est.best"
"1",7.51405911077608,5.98668940386471,-1.45983279718946,-0.520069743058896,0.932265128214635,0.150702375673919,0.0243616709706318,1.4213273577645,2,2,0.608007841470424,0.11,0.804004004004004,0.672050971117707,0.803864248989301,0.683345378673805,0.982518865855953,0.535628722742737,0.537567106925414
