"","intercept class1","intercept class2","age.centered class1","age.centered class2","varcov 1","varcov 2","varcov 3","stderr","bic.select","icl.select","ARI","MCR","RI","JI","FMI","mean.pprob.misc","mean.pprob.correct","btr.est.hm1","btr.est.best"
"1",7.57033608633369,5.81427639321626,-1.46558269675871,-0.567722276993417,0.956148675205026,0.150436149372614,0.0426488665303324,1.45484987226864,2,2,0.611136243278839,0.109,0.805567567567568,0.674686809137804,0.805748336738752,0.686140180301046,0.978727869428073,0.548945151348365,0.549569878524993
