"","intercept class1","intercept class2","age.centered class1","age.centered class2","varcov 1","varcov 2","varcov 3","stderr","bic.select","icl.select","ARI","MCR","RI","JI","FMI","mean.pprob.misc","mean.pprob.correct","btr.est.hm1","btr.est.best"
"1",7.51731756042756,6.03470200257556,-1.46903295409312,-0.505310532897847,0.820540153847752,0.126798334794754,0.0441478118176723,1.39968521937373,2,2,0.595579492049778,0.114,0.79778978978979,0.663432189270243,0.79766670945384,0.649558984709403,0.979062091329756,0.541254654065553,0.541236390174125
