"","intercept class1","intercept class2","age.centered class1","age.centered class2","varcov 1","varcov 2","varcov 3","stderr","bic.select","icl.select","ARI","MCR","RI","JI","FMI","mean.pprob.misc","mean.pprob.correct","btr.est.hm1","btr.est.best"
"1",7.49860365835924,5.95059932850744,-1.47646902422593,-0.529887025002064,0.879289826885377,0.144649232991392,0.0418231655410757,1.40152887998611,2,2,0.592494320141386,0.115,0.796246246246246,0.661957936971887,0.796603090647588,0.656400299843253,0.984799390703129,0.551138582578825,0.551368113440143
