"","intercept class1","intercept class2","age.centered class1","age.centered class2","varcov 1","varcov 2","varcov 3","stderr","bic.select","icl.select","ARI","MCR","RI","JI","FMI","mean.pprob.misc","mean.pprob.correct","btr.est.hm1","btr.est.best"
"1",7.51153982011714,5.95357665646485,-1.45670667110544,-0.531057646582143,0.993950540661387,0.151867796837727,0.023204204241945,1.43425031919971,2,2,0.659002929200104,0.094,0.829501501501501,0.708522143883907,0.829397735385423,0.632636378582732,0.979042673361286,0.529365641055094,0.535138045422464
