"","intercept class1","intercept class2","age.centered class1","age.centered class2","varcov 1","varcov 2","varcov 3","stderr","bic.select","icl.select","ARI","MCR","RI","JI","FMI","mean.pprob.misc","mean.pprob.correct","btr.est.hm1","btr.est.best"
"1",7.48217183937942,6.02788869148187,-1.50723218670954,-0.45721912309801,0.907949701082738,0.133110434727703,0.0195147240988563,1.42431017256958,2,2,0.646061713089191,0.098,0.823031031031031,0.699026217228464,0.822855127440245,0.707866868946866,0.986041322200076,0.545894604475696,0.546777645979915
