"","intercept class1","intercept class2","age.centered class1","age.centered class2","varcov 1","varcov 2","varcov 3","stderr","bic.select","icl.select","ARI","MCR","RI","JI","FMI","mean.pprob.misc","mean.pprob.correct","btr.est.hm1","btr.est.best"
"1",6.01825014924484,7.42955303932609,-0.487385923084278,-1.49742837703599,1.04511114867135,0.143482712651777,0.0259271688701103,1.39605253717575,2,2,0.662257986169774,0.093,0.831129129129129,0.71082961947206,0.830976521341545,0.696435930153879,0.983517354630456,0.56432107490172,0.563912115980682
