"","intercept class1","intercept class2","age.centered class1","age.centered class2","varcov 1","varcov 2","varcov 3","stderr","bic.select","icl.select","ARI","MCR","RI","JI","FMI","mean.pprob.misc","mean.pprob.correct","btr.est.hm1","btr.est.best"
"1",5.92327162544174,7.56014762561568,-0.522949221709224,-1.50631169758783,0.83769641346459,0.121995362571486,0.017766627335067,1.41488336986521,2,2,0.649284946518779,0.097,0.824642642642643,0.701360381861575,0.824470099871775,0.672183454487013,0.98933798619726,0.547547036863324,0.548768665767847
