"","intercept class1","intercept class2","age.centered class1","age.centered class2","varcov 1","varcov 2","varcov 3","stderr","bic.select","icl.select","ARI","MCR","RI","JI","FMI","mean.pprob.misc","mean.pprob.correct","btr.est.hm1","btr.est.best"
"1",7.51471466367881,6.08471958117979,-1.51260948879974,-0.521369915465587,0.90560149001997,0.0964326424915042,0.0102685949671174,1.43779089720828,2,2,0.636440718756084,0.101,0.81822022022022,0.692331932773109,0.818199065159455,0.623586259055258,0.980358759922191,0.522637681311068,0.526928076055661
