"","intercept class1","intercept class2","age.centered class1","age.centered class2","varcov 1","varcov 2","varcov 3","stderr","bic.select","icl.select","ARI","MCR","RI","JI","FMI","mean.pprob.misc","mean.pprob.correct","btr.est.hm1","btr.est.best"
"1",7.56168106610022,6.08741135395989,-1.5032131995925,-0.445192892454677,0.989476858917529,0.166136550878316,0.0359740831511442,1.35983775321112,2,2,0.611134784455432,0.109,0.805567567567568,0.674176038004241,0.805382496877606,0.668589280032466,0.990075102280389,0.582290972290577,0.582615375277047
