"","intercept class1","intercept class2","age.centered class1","age.centered class2","varcov 1","varcov 2","varcov 3","stderr","bic.select","icl.select","ARI","MCR","RI","JI","FMI","mean.pprob.misc","mean.pprob.correct","btr.est.hm1","btr.est.best"
"1",5.94530711894097,7.43164805722093,-0.476191572561453,-1.45742256886707,1.06984426431609,0.164808694606882,0.025388852253553,1.40979798716188,2,2,0.685269201151249,0.086,0.842634634634635,0.727919695396331,0.842538867336886,0.66339813630226,0.982709919348251,0.553826952568385,0.55745725542306
