"","intercept class1","intercept class2","age.centered class1","age.centered class2","varcov 1","varcov 2","varcov 3","stderr","bic.select","icl.select","ARI","MCR","RI","JI","FMI","mean.pprob.misc","mean.pprob.correct","btr.est.hm1","btr.est.best"
"1",7.49892972657788,6.12431588132884,-1.52105700212286,-0.453234800170871,1.07691599477445,0.163851942665741,0.0280287524510173,1.38996724822424,2,2,0.586342659009569,0.117,0.793171171171171,0.657202298789552,0.793147047248239,0.661672407300444,0.988380211734443,0.571104371327446,0.570606689828813
