"","intercept class1","intercept class2","age.centered class1","age.centered class2","varcov 1","varcov 2","varcov 3","stderr","bic.select","icl.select","ARI","MCR","RI","JI","FMI","mean.pprob.misc","mean.pprob.correct","btr.est.hm1","btr.est.best"
"1",6.04044869318581,7.52635858580804,-0.561093993757866,-1.52804712391429,1.05854240911967,0.145874232971811,0.0201024462782762,1.36959634894548,2,2,0.642847692846053,0.099,0.821423423423423,0.697137715605052,0.82154641425857,0.670831061506692,0.983290084905976,0.568912097715462,0.570573238818386
