"","intercept class1","intercept class2","age.centered class1","age.centered class2","varcov 1","varcov 2","varcov 3","stderr","bic.select","icl.select","ARI","MCR","RI","JI","FMI","mean.pprob.misc","mean.pprob.correct","btr.est.hm1","btr.est.best"
"1",6.04203470789786,7.55106776328739,-0.482574069286353,-1.47970556405099,0.934130917377323,0.137661324202216,0.0202894033703018,1.42408074110758,2,2,0.68858833771211,0.085,0.844294294294294,0.730333689305577,0.844153584178458,0.672657811886246,0.985316269340542,0.544565745030357,0.545990256933288
