"","intercept class1","intercept class2","age.centered class1","age.centered class2","varcov 1","varcov 2","varcov 3","stderr","bic.select","icl.select","ARI","MCR","RI","JI","FMI","mean.pprob.misc","mean.pprob.correct","btr.est.hm1","btr.est.best"
"1",7.54204730807574,5.94324904038734,-1.48277294831618,-0.512030993593328,0.927867625367013,0.127087703761696,0.0183991770680335,1.42828584396096,2,2,0.598674544384778,0.113,0.799337337337337,0.665562228895562,0.799204323313498,0.667323439526459,0.982908725907556,0.54208956191996,0.54325659101708
