"","intercept class1","intercept class2","age.centered class1","age.centered class2","varcov 1","varcov 2","varcov 3","stderr","bic.select","icl.select","ARI","MCR","RI","JI","FMI","mean.pprob.misc","mean.pprob.correct","btr.est.hm1","btr.est.best"
"1",7.39295798784828,6.05248612384748,-1.5301649114682,-0.485163068999679,1.0009178198939,0.130846661280431,0.0171051494126354,1.43891623418706,2,2,0.639639301666418,0.1,0.81981981981982,0.694405584907711,0.81964506190231,0.674635971691857,0.982509133623071,0.526946434173992,0.534020704812208
