"","intercept class1","intercept class2","age.centered class1","age.centered class2","varcov 1","varcov 2","varcov 3","stderr","bic.select","icl.select","ARI","MCR","RI","JI","FMI","mean.pprob.misc","mean.pprob.correct","btr.est.hm1","btr.est.best"
"1",7.63483317149739,5.91159709941745,-1.48472657410901,-0.520194000581024,0.929551293404194,0.137248196259371,0.0202647716209018,1.40419637805642,2,2,0.630065945967355,0.103,0.815033033033033,0.687636080870918,0.814910427757742,0.699557074173833,0.991145221343179,0.57039854120277,0.571028258124644
