"","intercept class1","intercept class2","age.centered class1","age.centered class2","varcov 1","varcov 2","varcov 3","stderr","bic.select","icl.select","ARI","MCR","RI","JI","FMI","mean.pprob.misc","mean.pprob.correct","btr.est.hm1","btr.est.best"
"1",6.01970071507003,7.59386895111408,-0.498260905530801,-1.50605279273355,1.00695530812485,0.186823995163528,0.0346625760095029,1.39792333996073,2,2,0.614269939423977,0.108,0.807135135135135,0.676383840691198,0.806955812902947,0.705569281166007,0.992332333075574,0.560731464498994,0.565475700026913
