"","intercept class1","intercept class2","age.centered class1","age.centered class2","varcov 1","varcov 2","varcov 3","stderr","bic.select","icl.select","ARI","MCR","RI","JI","FMI","mean.pprob.misc","mean.pprob.correct","btr.est.hm1","btr.est.best"
"1",7.56991602691742,5.92116367654725,-1.4843963840334,-0.530093029829153,1.01245399619714,0.148956073037307,0.0336847062846126,1.40271862500893,2,2,0.617413154266671,0.107,0.808706706706707,0.67862139945378,0.808546118394889,0.676815291928838,0.985087144985717,0.575443013373274,0.573184515491706
