"","intercept class1","intercept class2","age.centered class1","age.centered class2","varcov 1","varcov 2","varcov 3","stderr","bic.select","icl.select","ARI","MCR","RI","JI","FMI","mean.pprob.misc","mean.pprob.correct","btr.est.hm1","btr.est.best"
"1",7.47603074908288,6.01854240945211,-1.48925118045766,-0.473374872295235,1.09962078800295,0.130155603940824,0.015405795449577,1.43994841964736,2,2,0.583279289300609,0.118,0.79163963963964,0.654995922642923,0.791537912316599,0.66558896350053,0.979239227417137,0.551193409202707,0.552814573010159
