"","intercept class1","intercept class2","age.centered class1","age.centered class2","varcov 1","varcov 2","varcov 3","stderr","bic.select","icl.select","ARI","MCR","RI","JI","FMI","mean.pprob.misc","mean.pprob.correct","btr.est.hm1","btr.est.best"
"1",7.44407685716781,6.05630548594559,-1.51673217526786,-0.499775536473895,1.15392573004916,0.161599563968178,0.0226335465770295,1.41866479709917,2,2,0.626890517034068,0.104,0.813445445445445,0.685287005390217,0.813258517034068,0.65029332002286,0.984190758194698,0.560428791084799,0.56108514692356
