"","intercept class1","intercept class2","age.centered class1","age.centered class2","varcov 1","varcov 2","varcov 3","stderr","bic.select","icl.select","ARI","MCR","RI","JI","FMI","mean.pprob.misc","mean.pprob.correct","btr.est.hm1","btr.est.best"
"1",7.44209655411909,5.94537550005158,-1.51195835566007,-0.507742352423267,1.05894197998149,0.120910079294211,0.0138057734674225,1.3833251176861,2,2,0.583279102235709,0.118,0.79163963963964,0.654931865654322,0.791491065585292,0.65023960505703,0.98533869797753,0.569357077611408,0.571104234803893
