"","intercept class1","intercept class2","age.centered class1","age.centered class2","varcov 1","varcov 2","varcov 3","stderr","bic.select","icl.select","ARI","MCR","RI","JI","FMI","mean.pprob.misc","mean.pprob.correct","btr.est.hm1","btr.est.best"
"1",6.04942962550162,7.44909903045705,-0.45705953935105,-1.50768799918519,0.984553757524455,0.131683268816428,0.0176125334065033,1.41291147709388,2,2,0.620564190451877,0.106,0.810282282282282,0.68080462402824,0.810093706689701,0.65636811849809,0.988141535989036,0.556051498632482,0.556136219200638
