"","intercept class1","intercept class2","age.centered class1","age.centered class2","varcov 1","varcov 2","varcov 3","stderr","bic.select","icl.select","ARI","MCR","RI","JI","FMI","mean.pprob.misc","mean.pprob.correct","btr.est.hm1","btr.est.best"
"1",5.93020065430241,7.44067770159091,-0.510889026549976,-1.52922798948923,1.08651085432887,0.152066454136515,0.0212833900930108,1.45813528237864,2,2,0.541238219115175,0.132,0.770618618618619,0.627006966599388,0.770749911864118,0.6661575977358,0.984532841359712,0.546339788318175,0.548617613239899
