"","intercept class1","intercept class2","age.centered class1","age.centered class2","varcov 1","varcov 2","varcov 3","stderr","bic.select","icl.select","ARI","MCR","RI","JI","FMI","mean.pprob.misc","mean.pprob.correct","btr.est.hm1","btr.est.best"
"1",5.95574791562525,7.53087966968316,-0.518368694326426,-1.51181214597743,0.985506283859912,0.123129061672676,0.0153838916205476,1.42062231896764,2,2,0.685268999319904,0.086,0.842634634634635,0.727844332109965,0.842488319668269,0.65072310234866,0.986236432850924,0.553494961032008,0.557621697579868
