"","intercept class1","intercept class2","age.centered class1","age.centered class2","varcov 1","varcov 2","varcov 3","stderr","bic.select","icl.select","ARI","MCR","RI","JI","FMI","mean.pprob.misc","mean.pprob.correct","btr.est.hm1","btr.est.best"
"1",7.49114414097816,6.02419551343957,-1.49155271784095,-0.521062723538464,1.10395592251419,0.111212684285556,0.0112035909782862,1.41131041531282,2,2,0.568083694580792,0.123,0.784042042042042,0.644515699559727,0.783836482121848,0.680444589396155,0.976777870952689,0.549688408625243,0.553379592037578
