"","intercept class1","intercept class2","age.centered class1","age.centered class2","varcov 1","varcov 2","varcov 3","stderr","bic.select","icl.select","ARI","MCR","RI","JI","FMI","mean.pprob.misc","mean.pprob.correct","btr.est.hm1","btr.est.best"
"1",7.39054892346752,6.13522174847782,-1.50274200106397,-0.434700952076238,0.886379107715459,0.0828358248091029,0.00774143933659953,1.43721736368701,2,2,0.639639330553042,0.1,0.81981981981982,0.694415960993895,0.819652291747131,0.658199852381898,0.980854353319695,0.527326641799589,0.528978505047513
