"","intercept class1","intercept class2","age.centered class1","age.centered class2","varcov 1","varcov 2","varcov 3","stderr","bic.select","icl.select","ARI","MCR","RI","JI","FMI","mean.pprob.misc","mean.pprob.correct","btr.est.hm1","btr.est.best"
"1",7.48254677458248,5.94754748952751,-1.52497422634309,-0.502174660352191,1.04590307553175,0.135079117341946,0.0174455649435651,1.4150097261835,2,2,0.61741321560321,0.107,0.808706706706707,0.678643016654559,0.808561474790676,0.674642169790062,0.985018840877892,0.554491995365421,0.559969720143128
