"","intercept class1","intercept class2","age.centered class1","age.centered class2","varcov 1","varcov 2","varcov 3","stderr","bic.select","icl.select","ARI","MCR","RI","JI","FMI","mean.pprob.misc","mean.pprob.correct","btr.est.hm1","btr.est.best"
"1",7.52098255016869,5.91738675013332,-1.51017607022383,-0.51928792281235,0.92925647224449,0.125264513840975,0.0169020174380212,1.40700774233272,2,2,0.562061919885914,0.125,0.781031031031031,0.640535441972972,0.780885877007609,0.680090315099999,0.988068452492814,0.561184095527825,0.560087480177009
