"","intercept class1","intercept class2","age.centered class1","age.centered class2","varcov 1","varcov 2","varcov 3","stderr","bic.select","icl.select","ARI","MCR","RI","JI","FMI","mean.pprob.misc","mean.pprob.correct","btr.est.hm1","btr.est.best"
"1",5.9555802507946,7.49483616070055,-0.510710980837012,-1.50858357814453,0.959634071652812,0.174517529927655,0.0433122360603472,1.40252437811076,2,2,0.595579200283498,0.114,0.79778978978979,0.66333122229259,0.797593664741384,0.658656395561842,0.984645951590572,0.561188296237421,0.559233430835336
