"","intercept class1","intercept class2","age.centered class1","age.centered class2","varcov 1","varcov 2","varcov 3","stderr","bic.select","icl.select","ARI","MCR","RI","JI","FMI","mean.pprob.misc","mean.pprob.correct","btr.est.hm1","btr.est.best"
"1",7.64367756491216,6.09035127668167,-1.49269058031956,-0.537430448540568,1.02850513846433,0.155581384506889,0.032015571588748,1.41223773907744,2,2,0.608008677299135,0.11,0.804004004004004,0.672342932112401,0.804073775167994,0.685095687660774,0.981900204522424,0.558153185430733,0.558493522776416
