"","intercept class1","intercept class2","age.centered class1","age.centered class2","varcov 1","varcov 2","varcov 3","stderr","bic.select","icl.select","ARI","MCR","RI","JI","FMI","mean.pprob.misc","mean.pprob.correct","btr.est.hm1","btr.est.best"
"1",6.07149290767113,7.48733339414693,-0.484535650264107,-1.49061287326691,0.97261837636908,0.148629951420342,0.0270144040856558,1.42518409969951,2,2,0.614269982712309,0.108,0.807135135135135,0.676399059455828,0.806966648188478,0.682644722404345,0.982365018306699,0.548495476414855,0.546116185997376
