"","intercept class1","intercept class2","age.centered class1","age.centered class2","varcov 1","varcov 2","varcov 3","stderr","bic.select","icl.select","ARI","MCR","RI","JI","FMI","mean.pprob.misc","mean.pprob.correct","btr.est.hm1","btr.est.best"
"1",6.05007894158158,7.40679601187027,-0.485883921527246,-1.45945824197694,1.08930853410448,0.127845344383685,0.015004421893422,1.44114495880732,2,2,0.574137917953154,0.121,0.787069069069069,0.64867873422739,0.786907406303083,0.630295123390894,0.972710057610784,0.527386761929894,0.532266086189318
