"","intercept class1","intercept class2","age.centered class1","age.centered class2","varcov 1","varcov 2","varcov 3","stderr","bic.select","icl.select","ARI","MCR","RI","JI","FMI","mean.pprob.misc","mean.pprob.correct","btr.est.hm1","btr.est.best"
"1",6.01090618251386,7.47082138893958,-0.492462133049863,-1.49065103577575,1.08547060518798,0.167105882042965,0.0376293079999881,1.40132202956459,2,2,0.416737761172888,0.177,0.708366366366366,0.549753350477227,0.709480193711858,0.634808845257038,0.917361162804453,0.541882814239812,0.542344923613643
