"","intercept class1","intercept class2","age.centered class1","age.centered class2","varcov 1","varcov 2","varcov 3","stderr","bic.select","icl.select","ARI","MCR","RI","JI","FMI","mean.pprob.misc","mean.pprob.correct","btr.est.hm1","btr.est.best"
"1",7.5249998585363,6.03589617922381,-1.46527190850684,-0.528403107103942,0.75854430386408,0.0928467978456357,0.01140696925636,1.44363255530221,2,2,0.435035773224027,0.17,0.717517517517517,0.559527748815314,0.717560968244354,0.633905632003529,0.93890481428175,0.490329347283859,0.490678113679303
