"","intercept class1","intercept class2","age.centered class1","age.centered class2","varcov 1","varcov 2","varcov 3","stderr","bic.select","icl.select","ARI","MCR","RI","JI","FMI","mean.pprob.misc","mean.pprob.correct","btr.est.hm1","btr.est.best"
"1",7.50904683801296,6.12443041070054,-1.50448404134509,-0.483046172101804,0.919587339429926,0.132981256228806,0.0238228842148656,1.42500286091204,2,2,0.45643259365066,0.162,0.728216216216216,0.572475908546955,0.728120572090814,0.610116748920188,0.93684883382235,0.520598908135888,0.520393964249185
