"","intercept class1","intercept class2","age.centered class1","age.centered class2","varcov 1","varcov 2","varcov 3","stderr","bic.select","icl.select","ARI","MCR","RI","JI","FMI","mean.pprob.misc","mean.pprob.correct","btr.est.hm1","btr.est.best"
"1",7.51622694622343,6.05133986002717,-1.49262199991644,-0.530260650822493,1.1557576637012,0.157638378895012,0.0215036047221257,1.38037296475743,2,2,0.435035564900948,0.17,0.717517517517517,0.559464488654103,0.717508805596217,0.646383889615257,0.922082106234237,0.555441459025899,0.556112341723826
