"","intercept class1","intercept class2","age.centered class1","age.centered class2","varcov 1","varcov 2","varcov 3","stderr","bic.select","icl.select","ARI","MCR","RI","JI","FMI","mean.pprob.misc","mean.pprob.correct","btr.est.hm1","btr.est.best"
"1",7.55285977863706,6.02987654144649,-1.50978798996736,-0.520133777247483,1.06358717471848,0.160026235221369,0.0240774469474056,1.40655996798278,2,2,0.5064534453552,0.144,0.753225225225225,0.604940803938285,0.753852797304012,0.66130375320348,0.943898728439956,0.550913354019571,0.551399605231427
