"","intercept class1","intercept class2","age.centered class1","age.centered class2","varcov 1","varcov 2","varcov 3","stderr","bic.select","icl.select","ARI","MCR","RI","JI","FMI","mean.pprob.misc","mean.pprob.correct","btr.est.hm1","btr.est.best"
"1",7.58025164519046,5.97606416037126,-1.46163639556451,-0.546911617895305,1.05258383354323,0.141573987175069,0.0246426013706006,1.40314098616926,2,2,0.424529280445429,0.174,0.712264264264264,0.55316648531012,0.712308510672095,0.658760277953342,0.934765983570519,0.549542216658018,0.549545350320957
