"","intercept class1","intercept class2","age.centered class1","age.centered class2","varcov 1","varcov 2","varcov 3","stderr","bic.select","icl.select","ARI","MCR","RI","JI","FMI","mean.pprob.misc","mean.pprob.correct","btr.est.hm1","btr.est.best"
"1",7.38861979001562,5.95235796790198,-1.50369330610656,-0.479055882789291,1.16873313259311,0.166691649379528,0.0237745546027169,1.4172927921109,2,2,0.406452446385915,0.181,0.703225225225225,0.542703693192335,0.703576431872247,0.660724380628534,0.938402026812786,0.543636269087444,0.547299230556613
