"","intercept class1","intercept class2","age.centered class1","age.centered class2","varcov 1","varcov 2","varcov 3","stderr","bic.select","icl.select","ARI","MCR","RI","JI","FMI","mean.pprob.misc","mean.pprob.correct","btr.est.hm1","btr.est.best"
"1",6.0457537331888,7.56773436422893,-0.520531357637498,-1.54060830296352,0.846316390736619,0.130577261866943,0.0430972687635469,1.45090487115377,2,2,0.443000318383696,0.167,0.7214994994995,0.564565100351826,0.721690518786422,0.661754212069597,0.943610290412725,0.523556207670773,0.523052883337412
