"","intercept class1","intercept class2","age.centered class1","age.centered class2","varcov 1","varcov 2","varcov 3","stderr","bic.select","icl.select","ARI","MCR","RI","JI","FMI","mean.pprob.misc","mean.pprob.correct","btr.est.hm1","btr.est.best"
"1",6.05322137160765,7.61235776342146,-0.473809414307619,-1.39438563123887,1.00694892045564,0.15362297770442,0.0234379160778085,1.39762264638325,2,2,0.393777180059684,0.186,0.696888888888889,0.534433770802327,0.696587602526568,0.64958644941288,0.9366088629497,0.536157661625918,0.537318990489842
