"","intercept class1","intercept class2","age.centered class1","age.centered class2","varcov 1","varcov 2","varcov 3","stderr","bic.select","icl.select","ARI","MCR","RI","JI","FMI","mean.pprob.misc","mean.pprob.correct","btr.est.hm1","btr.est.best"
"1",6.14317380119583,7.5676576931131,-0.50064961749676,-1.54358138463123,1.03244994746089,0.122806987655087,0.0148529132089344,1.40468251959011,2,2,0.461861357155184,0.16,0.730930930930931,0.575634338254796,0.730669958853865,0.657033233900478,0.94288053934916,0.549750265676633,0.550127727744718
