"","intercept class1","intercept class2","age.centered class1","age.centered class2","varcov 1","varcov 2","varcov 3","stderr","bic.select","icl.select","ARI","MCR","RI","JI","FMI","mean.pprob.misc","mean.pprob.correct","btr.est.hm1","btr.est.best"
"1",5.98167658439495,7.52189082227024,-0.519571639055076,-1.47962802618993,0.843515613584281,0.161840789683409,0.033899247249155,1.41375238727668,2,2,0.520805939888595,0.139,0.760402402402402,0.613639591942149,0.76056693649789,0.665133962825754,0.94605292105795,0.516975406174994,0.518133314596564
