"","intercept class1","intercept class2","age.centered class1","age.centered class2","varcov 1","varcov 2","varcov 3","stderr","bic.select","icl.select","ARI","MCR","RI","JI","FMI","mean.pprob.misc","mean.pprob.correct","btr.est.hm1","btr.est.best"
"1",7.42724266808367,6.16546796024738,-1.54059223080669,-0.483764593499638,0.997651685612276,0.137886998523897,0.0289698271904848,1.41479239361316,2,2,0.406451589967098,0.181,0.703225225225225,0.542449627142081,0.703361970184429,0.614589712301382,0.92946281371035,0.52075147159027,0.521597838305965
