"","intercept class1","intercept class2","age.centered class1","age.centered class2","varcov 1","varcov 2","varcov 3","stderr","bic.select","icl.select","ARI","MCR","RI","JI","FMI","mean.pprob.misc","mean.pprob.correct","btr.est.hm1","btr.est.best"
"1",7.53271613682809,5.9341584515398,-1.45680563907727,-0.484939617741408,0.793594804851884,0.128240667586617,0.0207231945934784,1.44136362858339,2,2,0.478342831591461,0.154,0.739171171171171,0.586247634049364,0.739163163048918,0.65842217161281,0.96713942091074,0.521514094700973,0.523009080307548
