"","intercept class1","intercept class2","age.centered class1","age.centered class2","varcov 1","varcov 2","varcov 3","stderr","bic.select","icl.select","ARI","MCR","RI","JI","FMI","mean.pprob.misc","mean.pprob.correct","btr.est.hm1","btr.est.best"
"1",7.44525625314162,6.23036079244795,-1.5664718439604,-0.488992503256391,1.0506721485777,0.135697106723487,0.0175256589389932,1.41260894201753,2,2,0.419324082041398,0.176,0.709661661661662,0.550034129692833,0.709706302271204,0.600875621613633,0.917170528912384,0.52415307613864,0.52503103380559
