"","intercept class1","intercept class2","age.centered class1","age.centered class2","varcov 1","varcov 2","varcov 3","stderr","bic.select","icl.select","ARI","MCR","RI","JI","FMI","mean.pprob.misc","mean.pprob.correct","btr.est.hm1","btr.est.best"
"1",6.05695910575559,7.39875115356629,-0.466716847208721,-1.53325042854712,1.02012606698122,0.0891747610882118,0.00779536049427128,1.41657240714092,2,2,0.440335775551102,0.168,0.720168168168168,0.562363019274362,0.719887775551102,0.62568263981669,0.928515935329348,0.545868635361377,0.545323447847444
