"","intercept class1","intercept class2","age.centered class1","age.centered class2","varcov 1","varcov 2","varcov 3","stderr","bic.select","icl.select","ARI","MCR","RI","JI","FMI","mean.pprob.misc","mean.pprob.correct","btr.est.hm1","btr.est.best"
"1",7.60145118572619,5.95355135602824,-1.44496950018826,-0.500290496742395,0.924571410708777,0.120274695465204,0.0156461712728483,1.38594823581866,2,2,0.41673411433511,0.177,0.708366366366366,0.548665245572507,0.708566326722444,0.659783772187892,0.948432605954751,0.545962144548226,0.54856537675241
