"","intercept class1","intercept class2","age.centered class1","age.centered class2","varcov 1","varcov 2","varcov 3","stderr","bic.select","icl.select","ARI","MCR","RI","JI","FMI","mean.pprob.misc","mean.pprob.correct","btr.est.hm1","btr.est.best"
"1",7.47894587708011,6.03636955486258,-1.48885969441323,-0.456128005153578,0.963062236132798,0.103127209416179,0.0110431300279608,1.40105420911067,2,2,0.470066148901335,0.157,0.735033033033033,0.580929010195681,0.73492118085671,0.649319220858794,0.936694868858785,0.546709484459386,0.546457661530149
