"","intercept class1","intercept class2","age.centered class1","age.centered class2","varcov 1","varcov 2","varcov 3","stderr","bic.select","icl.select","ARI","MCR","RI","JI","FMI","mean.pprob.misc","mean.pprob.correct","btr.est.hm1","btr.est.best"
"1",7.64563746673734,5.77062820937631,-1.36342826521717,-0.545605106928458,0.835180785452092,0.151041650522381,0.0608177248418247,1.38671596638212,2,2,0.437685682110195,0.169,0.718840840840841,0.562129753189579,0.719702500283316,0.673677073282152,0.972052938072591,0.56201036530913,0.561051844508893
