"","intercept class1","intercept class2","age.centered class1","age.centered class2","varcov 1","varcov 2","varcov 3","stderr","bic.select","icl.select","ARI","MCR","RI","JI","FMI","mean.pprob.misc","mean.pprob.correct","btr.est.hm1","btr.est.best"
"1",7.39454355805646,5.98997241900792,-1.51771728452841,-0.476028147232538,1.14164763334601,0.162047557255183,0.02300188097847,1.3885571269472,2,2,0.42452906824822,0.174,0.712264264264264,0.553102573351078,0.712255381598816,0.633924945151163,0.93414956700491,0.561000597636193,0.561134407285527
