"","intercept class1","intercept class2","age.centered class1","age.centered class2","varcov 1","varcov 2","varcov 3","stderr","bic.select","icl.select","ARI","MCR","RI","JI","FMI","mean.pprob.misc","mean.pprob.correct","btr.est.hm1","btr.est.best"
"1",7.65027788919791,6.06436950996673,-1.50190124803744,-0.514107239281098,0.984907325835797,0.159670622619157,0.0348815442073721,1.41958395569105,2,2,0.419328103679556,0.176,0.709661661661662,0.551237142751049,0.710713983873213,0.664405018885697,0.954210534878661,0.551135954290613,0.549610667069599
