"","intercept class1","intercept class2","age.centered class1","age.centered class2","varcov 1","varcov 2","varcov 3","stderr","bic.select","icl.select","ARI","MCR","RI","JI","FMI","mean.pprob.misc","mean.pprob.correct","btr.est.hm1","btr.est.best"
"1",7.42969271495225,6.08967208194236,-1.54338481122023,-0.431389993708111,0.950236667876395,0.183840941721712,0.0411584088476628,1.40637165809299,2,2,0.424528099519846,0.174,0.712264264264264,0.552810568958973,0.712012893981282,0.650300496232859,0.948756372369291,0.532727072888231,0.532649117861068
