"","intercept class1","intercept class2","age.centered class1","age.centered class2","varcov 1","varcov 2","varcov 3","stderr","bic.select","icl.select","ARI","MCR","RI","JI","FMI","mean.pprob.misc","mean.pprob.correct","btr.est.hm1","btr.est.best"
"1",7.49809328006749,5.93446180491347,-1.57931507077396,-0.538078942195947,0.973780301477081,0.140547486402205,0.0202857712051633,1.41812239390299,2,2,0.506451293141987,0.144,0.753225225225225,0.604250810671975,0.753312835656025,0.657867376940971,0.95469899213026,0.548856018911004,0.550148036227376
