"","intercept class1","intercept class2","age.centered class1","age.centered class2","varcov 1","varcov 2","varcov 3","stderr","bic.select","icl.select","ARI","MCR","RI","JI","FMI","mean.pprob.misc","mean.pprob.correct","btr.est.hm1","btr.est.best"
"1",7.39149543756639,6.05097386299192,-1.53578368737255,-0.536014734421794,1.09350806854041,0.132467233485912,0.016047040324863,1.41408339806288,2,2,0.435036787664647,0.17,0.717517517517517,0.559835538834921,0.717815050174184,0.650895489949183,0.897627780953882,0.52494963064451,0.527655149306626
