"","intercept class1","intercept class2","age.centered class1","age.centered class2","varcov 1","varcov 2","varcov 3","stderr","bic.select","icl.select","ARI","MCR","RI","JI","FMI","mean.pprob.misc","mean.pprob.correct","btr.est.hm1","btr.est.best"
"1",7.58786954477116,6.05497743131767,-1.43898278910872,-0.47624900720199,1.13971207217361,0.191923186469033,0.0323191361354488,1.43166746087224,2,2,0.442999246802693,0.167,0.7214994994995,0.564237742610483,0.721422165801449,0.641375408290016,0.940617223387619,0.546079561506765,0.54514057330399
