"","intercept class1","intercept class2","age.centered class1","age.centered class2","varcov 1","varcov 2","varcov 3","stderr","bic.select","icl.select","ARI","MCR","RI","JI","FMI","mean.pprob.misc","mean.pprob.correct","btr.est.hm1","btr.est.best"
"1",5.9059690375351,7.53677644647699,-0.542922900475915,-1.49861793310023,1.09885057743877,0.159491752116733,0.0231493607451692,1.41895204105292,2,2,0.432397486101133,0.171,0.716198198198198,0.558030703614097,0.716329012111071,0.651034496752527,0.9538798718383,0.551615525548563,0.553637655310298
