"","intercept class1","intercept class2","age.centered class1","age.centered class2","varcov 1","varcov 2","varcov 3","stderr","bic.select","icl.select","ARI","MCR","RI","JI","FMI","mean.pprob.misc","mean.pprob.correct","btr.est.hm1","btr.est.best"
"1",6.08983034754325,7.49390851973822,-0.521174845898301,-1.4661314467157,1.02668184792025,0.146706528893159,0.0209634730646889,1.3912090191109,2,2,0.451036465199123,0.164,0.725517517517517,0.569534885181255,0.725738323596943,0.650094224844121,0.919075072505765,0.526268188119504,0.528298372330069
