"","intercept class1","intercept class2","age.centered class1","age.centered class2","varcov 1","varcov 2","varcov 3","stderr","bic.select","icl.select","ARI","MCR","RI","JI","FMI","mean.pprob.misc","mean.pprob.correct","btr.est.hm1","btr.est.best"
"1",5.90777962920252,7.68812461221967,-0.601710027651547,-1.44941293397081,1.0328549263777,0.161152559202825,0.0430160063925728,1.40388653000325,2,2,0.401358775379839,0.183,0.700678678678679,0.539507077825278,0.700883872831335,0.663012427116753,0.943161643198885,0.556846246899613,0.556869065318271
