"","intercept class1","intercept class2","age.centered class1","age.centered class2","varcov 1","varcov 2","varcov 3","stderr","bic.select","icl.select","ARI","MCR","RI","JI","FMI","mean.pprob.misc","mean.pprob.correct","btr.est.hm1","btr.est.best"
"1",5.97517564767555,7.54474032975781,-0.486391760511461,-1.51393556680488,0.958284801293387,0.123661010314851,0.0159606929844285,1.42256892894481,2,2,0.393777257811698,0.186,0.696888888888889,0.534456675481213,0.6966070602212,0.640377921604993,0.951300664043957,0.543514111760526,0.544589353837833
