"","intercept class1","intercept class2","age.centered class1","age.centered class2","varcov 1","varcov 2","varcov 3","stderr","bic.select","icl.select","ARI","MCR","RI","JI","FMI","mean.pprob.misc","mean.pprob.correct","btr.est.hm1","btr.est.best"
"1",7.57160856943871,6.00268360768725,-1.4730115230901,-0.504834402022536,0.953318045495587,0.154539703275196,0.0250524309421635,1.39138167955481,2,2,0.424530027747395,0.174,0.712264264264264,0.553391421078145,0.71249565360551,0.650102123388817,0.947895691208827,0.542607036166229,0.543915282169061
