"","intercept class1","intercept class2","age.centered class1","age.centered class2","varcov 1","varcov 2","varcov 3","stderr","bic.select","icl.select","ARI","MCR","RI","JI","FMI","mean.pprob.misc","mean.pprob.correct","btr.est.hm1","btr.est.best"
"1",7.49721115229841,5.90843224460737,-1.52487240125265,-0.524008519124918,1.03181733887475,0.132019742062854,0.0168918547091861,1.4050382292998,2,2,0.445669123115525,0.166,0.722834834834835,0.565630451425057,0.722559338224912,0.646470626860387,0.940117464023156,0.547196335864195,0.549601924705998
