"","intercept class1","intercept class2","age.centered class1","age.centered class2","varcov 1","varcov 2","varcov 3","stderr","bic.select","icl.select","ARI","MCR","RI","JI","FMI","mean.pprob.misc","mean.pprob.correct","btr.est.hm1","btr.est.best"
"1",5.96654501285452,7.53913833650954,-0.508318201418927,-1.45852078061974,0.894364397315744,0.134962038680389,0.0203661415982883,1.38896995572631,2,2,0.472817505639747,0.156,0.736408408408408,0.582840124199987,0.73644899783728,0.668992879146833,0.956249039289969,0.534057436667083,0.536484321585587
