"","intercept class1","intercept class2","age.centered class1","age.centered class2","varcov 1","varcov 2","varcov 3","stderr","bic.select","icl.select","ARI","MCR","RI","JI","FMI","mean.pprob.misc","mean.pprob.correct","btr.est.hm1","btr.est.best"
"1",5.99579827737474,7.50813788831735,-0.508365133585255,-1.50724545856982,1.10806075741071,0.151513788154714,0.0207176626591431,1.43050895573071,2,2,0.442999425399813,0.167,0.7214994994995,0.56429233641113,0.721466880910201,0.65341273929396,0.930686719807716,0.535333258973262,0.538479667032516
