"","intercept class1","intercept class2","age.centered class1","age.centered class2","varcov 1","varcov 2","varcov 3","stderr","bic.select","icl.select","ARI","MCR","RI","JI","FMI","mean.pprob.misc","mean.pprob.correct","btr.est.hm1","btr.est.best"
"1",6.0602175579948,7.61451916159024,-0.52294909435423,-1.4814169067016,1.003136337717,0.0993862556411545,0.0171706241691461,1.39246126659683,2,2,0.421924866742596,0.175,0.710960960960961,0.552253386592567,0.711553849744878,0.648744643034695,0.940878974898057,0.554917211920165,0.555000473687025
