"","intercept class1","intercept class2","age.centered class1","age.centered class2","varcov 1","varcov 2","varcov 3","stderr","bic.select","icl.select","ARI","MCR","RI","JI","FMI","mean.pprob.misc","mean.pprob.correct","btr.est.hm1","btr.est.best"
"1",7.53743438417235,5.9680101626189,-1.50376268019302,-0.552878201883718,0.953175391660041,0.145398444583261,0.0221792420076674,1.43034883276976,2,2,0.406450714514197,0.181,0.703225225225225,0.542189623224212,0.703142800001489,0.659095688660805,0.94739869071846,0.528069541271587,0.529412159769331
