"","intercept class1","intercept class2","age.centered class1","age.centered class2","varcov 1","varcov 2","varcov 3","stderr","bic.select","icl.select","ARI","MCR","RI","JI","FMI","mean.pprob.misc","mean.pprob.correct","btr.est.hm1","btr.est.best"
"1",5.94611278179342,7.53368972984305,-0.485255153112612,-1.51374334442697,1.1120011148478,0.216187447448866,0.0535285679307472,1.39441823433697,2,2,0.440339364557181,0.168,0.720168168168168,0.563456469324272,0.720786741924018,0.663635008690657,0.953256140723485,0.574007327568631,0.573072506224143
