"","intercept class1","intercept class2","age.centered class1","age.centered class2","varcov 1","varcov 2","varcov 3","stderr","bic.select","icl.select","ARI","MCR","RI","JI","FMI","mean.pprob.misc","mean.pprob.correct","btr.est.hm1","btr.est.best"
"1",6.109855783368,7.47290954750794,-0.42607815682574,-1.50663643205488,1.15265736089785,0.165035117575448,0.0236294416910844,1.42679753069953,2,2,0.512168625692927,0.142,0.756084084084084,0.607815618360909,0.756076625674696,0.630184950707841,0.934307365076636,0.551663043430456,0.551942589107754
