"","intercept class1","intercept class2","age.centered class1","age.centered class2","varcov 1","varcov 2","varcov 3","stderr","bic.select","icl.select","ARI","MCR","RI","JI","FMI","mean.pprob.misc","mean.pprob.correct","btr.est.hm1","btr.est.best"
"1",5.9700346698092,7.59915276520574,-0.557070023806809,-1.48989407624346,0.956782885987316,0.12875677902848,0.0173273946256169,1.42695939148771,2,2,0.421923569264328,0.175,0.710960960960961,0.551864244741874,0.711228789618724,0.646641279970407,0.947499959380293,0.536961385584562,0.536971542357324
