"","intercept class1","intercept class2","age.centered class1","age.centered class2","varcov 1","varcov 2","varcov 3","stderr","bic.select","icl.select","ARI","MCR","RI","JI","FMI","mean.pprob.misc","mean.pprob.correct","btr.est.hm1","btr.est.best"
"1",6.07690846840802,7.48186816516148,-0.517533981668565,-1.47551817599956,0.999685026524247,0.0690755074858312,0.00477333072322964,1.43170527913113,2,2,0.424528034937839,0.174,0.712264264264264,0.552791088431141,0.711996731547484,0.622334357859089,0.905558585971619,0.520543685687962,0.522526804304382
