"","intercept class1","intercept class2","age.centered class1","age.centered class2","varcov 1","varcov 2","varcov 3","stderr","bic.select","icl.select","ARI","MCR","RI","JI","FMI","mean.pprob.misc","mean.pprob.correct","btr.est.hm1","btr.est.best"
"1",6.02299718290744,7.48677410183123,-0.504545913764425,-1.53865645335065,0.906201228806381,0.117269836688698,0.0151756888010753,1.40980788817117,2,2,0.523699252989226,0.138,0.76184984984985,0.61501168337724,0.761618866319635,0.658793594575462,0.948221710448666,0.535838455562965,0.536563199816982
