"","intercept class1","intercept class2","age.centered class1","age.centered class2","varcov 1","varcov 2","varcov 3","stderr","bic.select","icl.select","ARI","MCR","RI","JI","FMI","mean.pprob.misc","mean.pprob.correct","btr.est.hm1","btr.est.best"
"1",6.06806576001864,7.40470463192298,-0.491071507074716,-1.58609030792148,0.992215103857136,0.132563777107325,0.0180774585870189,1.40460827664298,2,2,0.398822567413027,0.184,0.699411411411411,0.53751185914417,0.699197054403969,0.642684370146373,0.929939189334611,0.534610903609109,0.535558174314313
