"","intercept class1","intercept class2","age.centered class1","age.centered class2","varcov 1","varcov 2","varcov 3","stderr","bic.select","icl.select","ARI","MCR","RI","JI","FMI","mean.pprob.misc","mean.pprob.correct","btr.est.hm1","btr.est.best"
"1",7.67000166663775,5.86244249012444,-1.41100125124483,-0.49613481227986,0.640902185144457,0.0959785893118843,0.0797406021618767,1.39350041035995,2,2,0.440336672806937,0.168,0.720168168168168,0.562636895002316,0.720112365551511,0.677295040142017,0.971412407560058,0.559474608065464,0.559026202441108
