"","intercept class1","intercept class2","age.centered class1","age.centered class2","varcov 1","varcov 2","varcov 3","stderr","bic.select","icl.select","ARI","MCR","RI","JI","FMI","mean.pprob.misc","mean.pprob.correct","btr.est.hm1","btr.est.best"
"1",6.12939410849425,7.52684716497968,-0.447921087987558,-1.53647501446591,0.963466118233119,0.134788729884152,0.0333316657897186,1.38710732415422,2,2,0.396296758449417,0.185,0.698148148148148,0.536231037070758,0.698112761911126,0.628438157379453,0.952320160462046,0.554235992312553,0.553759347945499
