"","intercept class1","intercept class2","age.centered class1","age.centered class2","varcov 1","varcov 2","varcov 3","stderr","bic.select","icl.select","ARI","MCR","RI","JI","FMI","mean.pprob.misc","mean.pprob.correct","btr.est.hm1","btr.est.best"
"1",5.95052187889228,7.41751662807382,-0.486541519862951,-1.46606544969662,0.990351657384751,0.111523096752719,0.015131274395902,1.40536214999782,2,2,0.432397249505888,0.171,0.716198198198198,0.557959038579073,0.716269762327721,0.63056803132783,0.92382128698914,0.539815707377505,0.539251634125761
