"","intercept class1","intercept class2","age.centered class1","age.centered class2","varcov 1","varcov 2","varcov 3","stderr","bic.select","icl.select","ARI","MCR","RI","JI","FMI","mean.pprob.misc","mean.pprob.correct","btr.est.hm1","btr.est.best"
"1",7.4183544814232,6.08269737965401,-1.51467005921768,-0.46646849683082,0.998617326325732,0.128015055991385,0.016410545705284,1.38867848704026,2,2,0.478344529320601,0.154,0.739171171171171,0.586780424371214,0.739588646505358,0.624457698986275,0.925720480742775,0.534620594116474,0.535825772597385
