"","intercept class1","intercept class2","age.centered class1","age.centered class2","varcov 1","varcov 2","varcov 3","stderr","bic.select","icl.select","ARI","MCR","RI","JI","FMI","mean.pprob.misc","mean.pprob.correct","btr.est.hm1","btr.est.best"
"1",7.4401410647585,6.04537957866135,-1.49577633795705,-0.530822853250827,0.992963022711771,0.1551449180193,0.0309157459876298,1.44847323611567,2,2,0.475575069017332,0.155,0.737787787787788,0.584195789099406,0.737529784151906,0.656663473355853,0.916041193458013,0.513285840699716,0.513059202271549
