"","intercept class1","intercept class2","age.centered class1","age.centered class2","varcov 1","varcov 2","varcov 3","stderr","bic.select","icl.select","ARI","MCR","RI","JI","FMI","mean.pprob.misc","mean.pprob.correct","btr.est.hm1","btr.est.best"
"1",7.46718757197202,6.06933987197011,-1.48467724190306,-0.527861973329996,0.856853142631276,0.0613093536054102,0.00439248061903006,1.44419178178942,2,2,0.483899415862162,0.152,0.74194994994995,0.589445654805132,0.741699665321852,0.63453859932255,0.920928244147467,0.507106448175597,0.50727849977098
