"","intercept class1","intercept class2","age.centered class1","age.centered class2","varcov 1","varcov 2","varcov 3","stderr","bic.select","icl.select","ARI","MCR","RI","JI","FMI","mean.pprob.misc","mean.pprob.correct","btr.est.hm1","btr.est.best"
"1",6.00420107857917,7.41386708817477,-0.549410878936317,-1.50191408386034,0.967583984762248,0.136679019831629,0.0363469866593223,1.40937263897728,2,2,0.393777520224598,0.186,0.696888888888889,0.534533962136537,0.696672732660275,0.612360559818354,0.916335032816161,0.521685099087267,0.52198656659083
