"","intercept class1","intercept class2","age.centered class1","age.centered class2","varcov 1","varcov 2","varcov 3","stderr","bic.select","icl.select","ARI","MCR","RI","JI","FMI","mean.pprob.misc","mean.pprob.correct","btr.est.hm1","btr.est.best"
"1",7.40060774371559,5.95174842255886,-1.52731453073392,-0.54340681696208,1.07968336303125,0.123568844510803,0.0141423497859697,1.41508846878916,2,2,0.470067848080615,0.157,0.735033033033033,0.581459110745683,0.735346852078546,0.642456649920746,0.924028330260093,0.539796008335035,0.541345235336029
