"","intercept class1","intercept class2","age.centered class1","age.centered class2","varcov 1","varcov 2","varcov 3","stderr","bic.select","icl.select","ARI","MCR","RI","JI","FMI","mean.pprob.misc","mean.pprob.correct","btr.est.hm1","btr.est.best"
"1",7.45228030891505,6.12285404339292,-1.4968101758404,-0.41557100914192,1.10861306826646,0.201495131837921,0.0540251995483483,1.4096300035806,2,2,0.421921345002319,0.175,0.710960960960961,0.551195568376812,0.710671922502584,0.621745719400526,0.935364186624069,0.543993110525815,0.543252421811677
