"","intercept class1","intercept class2","age.centered class1","age.centered class2","varcov 1","varcov 2","varcov 3","stderr","bic.select","icl.select","ARI","MCR","RI","JI","FMI","mean.pprob.misc","mean.pprob.correct","btr.est.hm1","btr.est.best"
"1",7.53760750437813,5.88225860990213,-1.50409268402851,-0.579366235415825,0.826807449115176,0.160315345283984,0.0506718818636421,1.42699827746403,2,2,0.427142626538815,0.173,0.713571571571572,0.554362587525853,0.713298933814304,0.673497008241619,0.960150743543452,0.527344576709615,0.527038411266569
