"","intercept class1","intercept class2","age.centered class1","age.centered class2","varcov 1","varcov 2","varcov 3","stderr","bic.select","icl.select","ARI","MCR","RI","JI","FMI","mean.pprob.misc","mean.pprob.correct","btr.est.hm1","btr.est.best"
"1",5.91178445511095,7.52325588930407,-0.550485522620794,-1.55264315059399,1.00481472904955,0.112487326485513,0.0139860841892541,1.40554869761825,2,2,0.547147738849308,0.13,0.773573573573574,0.630799966050572,0.773608533801998,0.645153790295815,0.955821083844112,0.566520457845426,0.566820813474459
