"","intercept class1","intercept class2","age.centered class1","age.centered class2","varcov 1","varcov 2","varcov 3","stderr","bic.select","icl.select","ARI","MCR","RI","JI","FMI","mean.pprob.misc","mean.pprob.correct","btr.est.hm1","btr.est.best"
"1",5.91301204293614,7.58045651668649,-0.539520123325267,-1.46281196642715,0.902956619436389,0.15472357307239,0.0653606722587597,1.4004759751487,2,2,0.453729184554192,0.163,0.726864864864865,0.570588198265117,0.726591730278553,0.674281997043412,0.95393606503913,0.558826966870213,0.557319304730487
