"","intercept class1","intercept class2","age.centered class1","age.centered class2","varcov 1","varcov 2","varcov 3","stderr","bic.select","icl.select","ARI","MCR","RI","JI","FMI","mean.pprob.misc","mean.pprob.correct","btr.est.hm1","btr.est.best"
"1",7.48336764391681,6.00081988190319,-1.52952762031919,-0.513207797864876,0.996110495813244,0.127877349387934,0.0343819111471035,1.37050320109747,2,2,0.429765523502063,0.172,0.714882882882883,0.556032171581769,0.714679561098622,0.655678304227052,0.937884469452657,0.555425104992621,0.556415122061579
