"","intercept class1","intercept class2","age.centered class1","age.centered class2","varcov 1","varcov 2","varcov 3","stderr","bic.select","icl.select","ARI","MCR","RI","JI","FMI","mean.pprob.misc","mean.pprob.correct","btr.est.hm1","btr.est.best"
"1",6.13512074030045,7.3066549828796,-0.45722298572467,-1.59992694780143,1.11488987983729,0.186036162490886,0.0310429357395316,1.43072165505933,2,2,0.472820379237458,0.156,0.736408408408408,0.583736958583623,0.737169534291492,0.632420740723602,0.921979967524378,0.528249028083598,0.528998138674219
