"","intercept class1","intercept class2","age.centered class1","age.centered class2","varcov 1","varcov 2","varcov 3","stderr","bic.select","icl.select","ARI","MCR","RI","JI","FMI","mean.pprob.misc","mean.pprob.correct","btr.est.hm1","btr.est.best"
"1",7.48635496919185,6.03613717934964,-1.45592796165813,-0.44225992381984,0.870333953955705,0.103827013163529,0.0123861143854758,1.41099411579278,2,2,0.409008653703946,0.18,0.704504504504505,0.543528684088449,0.704267695963488,0.637424039380567,0.940053727478419,0.523589124154778,0.524482110242316
