"","intercept class1","intercept class2","age.centered class1","age.centered class2","varcov 1","varcov 2","varcov 3","stderr","bic.select","icl.select","ARI","MCR","RI","JI","FMI","mean.pprob.misc","mean.pprob.correct","btr.est.hm1","btr.est.best"
"1",7.57199728456963,5.88701292813003,-1.47051477416487,-0.506188590687578,0.963192572095172,0.158010554074196,0.0434267027907465,1.42103914542982,2,2,0.435035048621353,0.17,0.717517517517517,0.55930763512796,0.717379554946262,0.657223176418576,0.952380954558891,0.552555571466314,0.551316657612078
