"","intercept class1","intercept class2","age.centered class1","age.centered class2","varcov 1","varcov 2","varcov 3","stderr","bic.select","icl.select","ARI","MCR","RI","JI","FMI","mean.pprob.misc","mean.pprob.correct","btr.est.hm1","btr.est.best"
"1",5.88677202215858,7.4469463506509,-0.549844048809438,-1.50753226221703,1.11428454666462,0.140207062739743,0.0176418455141546,1.39892342186271,2,2,0.461862366567593,0.16,0.730930930930931,0.57594764972771,0.730922654979824,0.650131684841181,0.934258217688672,0.556979162053138,0.557065120530908
