"","intercept class1","intercept class2","age.centered class1","age.centered class2","varcov 1","varcov 2","varcov 3","stderr","bic.select","icl.select","ARI","MCR","RI","JI","FMI","mean.pprob.misc","mean.pprob.correct","btr.est.hm1","btr.est.best"
"1",7.51147540453151,6.11992032336803,-1.53189726004476,-0.432279399814763,1.06048762303034,0.124012279844442,0.0263569571502724,1.41819807092953,2,2,0.509305523610044,0.143,0.754652652652653,0.605889579233075,0.754584555990684,0.637691793822652,0.932029617916988,0.559191573228296,0.558121353556993
