"","intercept class1","intercept class2","age.centered class1","age.centered class2","varcov 1","varcov 2","varcov 3","stderr","bic.select","icl.select","ARI","MCR","RI","JI","FMI","mean.pprob.misc","mean.pprob.correct","btr.est.hm1","btr.est.best"
"1",6.0705004999206,7.48598360061703,-0.481485584154823,-1.50315111019814,0.992398222070118,0.153148768325125,0.04069730227549,1.38633521899833,2,2,0.388766660933624,0.188,0.694382382382382,0.532217932217932,0.694704111034386,0.628468315484894,0.946947107856573,0.550747401731719,0.549355063664371
