"","intercept class1","intercept class2","age.centered class1","age.centered class2","varcov 1","varcov 2","varcov 3","stderr","bic.select","icl.select","ARI","MCR","RI","JI","FMI","mean.pprob.misc","mean.pprob.correct","btr.est.hm1","btr.est.best"
"1",7.55909222164822,6.01285235767906,-1.50547210122428,-0.41956669354517,0.863193684896882,0.126495435026192,0.0185370855918531,1.37848390457479,2,2,0.464588225925265,0.159,0.732294294294294,0.577373577749684,0.732069553463171,0.645335317744416,0.972728788451921,0.55559045265666,0.557948387344693
