"","intercept class1","intercept class2","age.centered class1","age.centered class2","varcov 1","varcov 2","varcov 3","stderr","bic.select","icl.select","ARI","MCR","RI","JI","FMI","mean.pprob.misc","mean.pprob.correct","btr.est.hm1","btr.est.best"
"1",6.03860183091761,7.53229992566471,-0.497634965747905,-1.53697260507493,1.07500825453192,0.155954060903015,0.0407670444277176,1.37840570122205,2,2,0.443002961599209,0.167,0.7214994994995,0.565370483772198,0.722353088271692,0.636429643569024,0.941530986219359,0.569757418222086,0.568597563320287
