"","intercept class1","intercept class2","age.centered class1","age.centered class2","varcov 1","varcov 2","varcov 3","stderr","bic.select","icl.select","ARI","MCR","RI","JI","FMI","mean.pprob.misc","mean.pprob.correct","btr.est.hm1","btr.est.best"
"1",7.45887535357142,5.98260689696659,-1.49698154376214,-0.473205945206712,0.90398372006302,0.124496413667727,0.0171478836086379,1.40727954509858,2,2,0.383798972691682,0.19,0.691891891891892,0.53314121037464,0.695544491953481,0.655369817418537,0.951235855260019,0.523132825517116,0.525220719014933
