"","intercept class1","intercept class2","age.centered class1","age.centered class2","varcov 1","varcov 2","varcov 3","stderr","bic.select","icl.select","ARI","MCR","RI","JI","FMI","mean.pprob.misc","mean.pprob.correct","btr.est.hm1","btr.est.best"
"1",5.95224191207613,7.34390317367727,-0.528743853452112,-1.54253981922052,1.07406007002591,0.140972423516361,0.0185029314832746,1.34039078459635,2,2,0.456431887775551,0.162,0.728216216216216,0.572257686418088,0.727943887775551,0.638509297864454,0.942420437236119,0.561658598520302,0.56392546426877
