"","intercept class1","intercept class2","age.centered class1","age.centered class2","varcov 1","varcov 2","varcov 3","stderr","bic.select","icl.select","ARI","MCR","RI","JI","FMI","mean.pprob.misc","mean.pprob.correct","btr.est.hm1","btr.est.best"
"1",7.65709276996564,5.98619776542198,-1.46122043022815,-0.532821728303225,0.880372020798399,0.11772038863381,0.0308001358063857,1.41932080584258,2,2,0.43239588452947,0.171,0.716198198198198,0.557545132213039,0.715928060614857,0.658119858341418,0.94400119798442,0.538545300679724,0.538624815361199
