"","intercept class1","intercept class2","age.centered class1","age.centered class2","varcov 1","varcov 2","varcov 3","stderr","bic.select","icl.select","ARI","MCR","RI","JI","FMI","mean.pprob.misc","mean.pprob.correct","btr.est.hm1","btr.est.best"
"1",7.49810964879468,5.85154556454347,-1.48542011537878,-0.537565396130947,0.893950803743119,0.179347778414184,0.0636433234557646,1.42285792684485,2,2,0.492296033796312,0.149,0.746148148148148,0.594839596114519,0.745955411494943,0.654309924488977,0.966084799657419,0.537810272777224,0.538635565641775
