"","intercept class1","intercept class2","age.centered class1","age.centered class2","varcov 1","varcov 2","varcov 3","stderr","bic.select","icl.select","ARI","MCR","RI","JI","FMI","mean.pprob.misc","mean.pprob.correct","btr.est.hm1","btr.est.best"
"1",7.44513207064981,5.90431289534355,-1.52237104828419,-0.576642880660543,0.916169274820383,0.101055488842877,0.0111466563337128,1.40589028089356,2,2,0.416732674289171,0.177,0.708366366366366,0.54823413387585,0.708205790792885,0.61060171778661,0.94089927239604,0.528868205013165,0.529960153275325
