"","intercept class1","intercept class2","age.centered class1","age.centered class2","varcov 1","varcov 2","varcov 3","stderr","bic.select","icl.select","ARI","MCR","RI","JI","FMI","mean.pprob.misc","mean.pprob.correct","btr.est.hm1","btr.est.best"
"1",7.5453224496593,6.08729244432297,-1.5522058247528,-0.490460409731657,1.04259941177861,0.155704519296579,0.0232534170007031,1.39688470125935,2,2,0.472816423806609,0.156,0.736408408408408,0.58250149034132,0.736178131504258,0.653184223220116,0.939884752950421,0.553648829617625,0.554567320166241
