"","intercept class1","intercept class2","age.centered class1","age.centered class2","varcov 1","varcov 2","varcov 3","stderr","bic.select","icl.select","ARI","MCR","RI","JI","FMI","mean.pprob.misc","mean.pprob.correct","btr.est.hm1","btr.est.best"
"1",7.57115414871059,5.98000613031937,-1.51470687234845,-0.568191638742532,1.01240192308225,0.161836002598719,0.0488482922538877,1.42263627795914,2,2,0.403901175717348,0.182,0.70194994994995,0.540973699626923,0.702120179415832,0.638928708217671,0.942234940120077,0.550714230970763,0.548606975544266
