"","intercept class1","intercept class2","age.centered class1","age.centered class2","varcov 1","varcov 2","varcov 3","stderr","bic.select","icl.select","ARI","MCR","RI","JI","FMI","mean.pprob.misc","mean.pprob.correct","btr.est.hm1","btr.est.best"
"1",6.05816981954992,7.5519579624733,-0.501773255818834,-1.53402781237871,0.867356400275881,0.101549764090155,0.0118896244651684,1.41177369459024,2,2,0.464589393313143,0.159,0.732294294294294,0.577736585489086,0.732361843970333,0.650915034769395,0.937296909652583,0.530768906017445,0.529989985092692
