"","intercept class1","intercept class2","age.centered class1","age.centered class2","varcov 1","varcov 2","varcov 3","stderr","bic.select","icl.select","ARI","MCR","RI","JI","FMI","mean.pprob.misc","mean.pprob.correct","btr.est.hm1","btr.est.best"
"1",5.95393738907961,7.5644507345077,-0.510634779502967,-1.46094370461363,0.900975333685438,0.133492283462164,0.0266605596052626,1.40635379373431,2,2,0.429765230956939,0.172,0.714882882882883,0.555943576248145,0.714606345654849,0.660481390400734,0.953057115949546,0.542496835741138,0.542816017537781
