"","intercept class1","intercept class2","age.centered class1","age.centered class2","varcov 1","varcov 2","varcov 3","stderr","bic.select","icl.select","ARI","MCR","RI","JI","FMI","mean.pprob.misc","mean.pprob.correct","btr.est.hm1","btr.est.best"
"1",7.51842070610745,6.08381647134753,-1.49016065501447,-0.526232085622773,0.942620160069091,0.132677138536318,0.0186748286553953,1.43761883637046,2,2,0.440336861230297,0.168,0.720168168168168,0.562694365359947,0.720159542399783,0.634950640987087,0.943251131942187,0.510363080507932,0.511578056764155
