"","intercept class1","intercept class2","age.centered class1","age.centered class2","varcov 1","varcov 2","varcov 3","stderr","bic.select","icl.select","ARI","MCR","RI","JI","FMI","mean.pprob.misc","mean.pprob.correct","btr.est.hm1","btr.est.best"
"1",5.83025096964805,7.56024285919239,-0.525578164168587,-1.46424643304703,0.839224301620853,0.11511384343358,0.0186847156314461,1.41716540790565,2,2,0.432397249505888,0.171,0.716198198198198,0.557959038579073,0.716269762327721,0.676798262274789,0.958567425424356,0.537333058531815,0.537799560248998
