"","intercept class1","intercept class2","age.centered class1","age.centered class2","varcov 1","varcov 2","varcov 3","stderr","bic.select","icl.select","ARI","MCR","RI","JI","FMI","mean.pprob.misc","mean.pprob.correct","btr.est.hm1","btr.est.best"
"1",6.04635996637029,7.33195804135083,-0.514418409406327,-1.5576212501636,0.964497759580619,0.108687827702184,0.0122480644598582,1.4252837328003,2,2,0.432397249505888,0.171,0.716198198198198,0.557959038579073,0.716269762327721,0.620303396500301,0.927256488798475,0.517254121476295,0.518536245339505
