"","intercept class1","intercept class2","age.centered class1","age.centered class2","varcov 1","varcov 2","varcov 3","stderr","bic.select","icl.select","ARI","MCR","RI","JI","FMI","mean.pprob.misc","mean.pprob.correct","btr.est.hm1","btr.est.best"
"1",6.00582443341753,7.50496117861288,-0.459587154783267,-1.50981320686142,0.863200416964675,0.122933884042845,0.0175089710473324,1.42400587994313,2,2,0.381305997150812,0.191,0.690652652652653,0.527499510739273,0.690670999001773,0.665627546052475,0.959209860100103,0.528842250144541,0.528119943737239
