"","intercept class1","intercept class2","age.centered class1","age.centered class2","varcov 1","varcov 2","varcov 3","stderr","bic.select","icl.select","ARI","MCR","RI","JI","FMI","mean.pprob.misc","mean.pprob.correct","btr.est.hm1","btr.est.best"
"1",6.01476902131337,7.54903708958598,-0.52329298726205,-1.52108726126459,1.02464942248689,0.130910484993335,0.0167252892295338,1.42697852194592,2,2,0.483899391039689,0.152,0.74194994994995,0.589437808568243,0.74169345338292,0.645956923127931,0.933810470932957,0.539217359720917,0.540654010944325
