"","intercept class1","intercept class2","age.centered class1","age.centered class2","varcov 1","varcov 2","varcov 3","stderr","bic.select","icl.select","ARI","MCR","RI","JI","FMI","mean.pprob.misc","mean.pprob.correct","btr.est.hm1","btr.est.best"
"1",7.58172512887008,5.85704719523937,-1.51051299662791,-0.568707043847271,0.90224661744796,0.145709354462401,0.0235315562727271,1.44050683802094,2,2,0.497933432874014,0.147,0.748966966966967,0.598358082742892,0.748715934438509,0.66250042906921,0.958713616620352,0.542350198723837,0.542472141986094
