"","intercept class1","intercept class2","age.centered class1","age.centered class2","varcov 1","varcov 2","varcov 3","stderr","bic.select","icl.select","ARI","MCR","RI","JI","FMI","mean.pprob.misc","mean.pprob.correct","btr.est.hm1","btr.est.best"
"1",6.10441599123928,7.32107912847425,-0.459080644942558,-1.58363837762095,1.14857470897505,0.20876281734609,0.0379450457253294,1.38056957106765,2,2,0.386271192707433,0.189,0.693135135135135,0.530470023158075,0.693212451317412,0.630923499905128,0.943310587011227,0.545915592045997,0.548270908016175
