"","intercept class1","intercept class2","age.centered class1","age.centered class2","varcov 1","varcov 2","varcov 3","stderr","bic.select","icl.select","ARI","MCR","RI","JI","FMI","mean.pprob.misc","mean.pprob.correct","btr.est.hm1","btr.est.best"
"1",7.44210473836015,6.21498748681934,-1.52272641894774,-0.437857322594942,1.25272526600871,0.212779677357381,0.0361413758531126,1.41335592245676,2,2,0.373917541516015,0.194,0.686958958958959,0.522890654559213,0.6867080883179,0.626272538362004,0.904643265382212,0.532989455870256,0.53778911361381
