"","intercept class1","intercept class2","age.centered class1","age.centered class2","varcov 1","varcov 2","varcov 3","stderr","bic.select","icl.select","ARI","MCR","RI","JI","FMI","mean.pprob.misc","mean.pprob.correct","btr.est.hm1","btr.est.best"
"1",7.50586890763943,6.0033987134895,-1.43818451363807,-0.502570685220821,1.01745595894692,0.0956958106452936,0.010666586802382,1.42986042163269,2,2,0.461863531269515,0.16,0.730930930930931,0.576308588577986,0.731214435102935,0.641365907439256,0.9209901386615,0.534230209975137,0.533486773477064
