"","intercept class1","intercept class2","age.centered class1","age.centered class2","varcov 1","varcov 2","varcov 3","stderr","bic.select","icl.select","ARI","MCR","RI","JI","FMI","mean.pprob.misc","mean.pprob.correct","btr.est.hm1","btr.est.best"
"1",7.56565893345099,6.0707733773123,-1.51127957576414,-0.454360062925954,0.988541510406382,0.172935704151587,0.0352222052127286,1.40707708015891,2,2,0.386270071023479,0.189,0.693135135135135,0.530141865711903,0.692931692119843,0.632710313159591,0.946476866981634,0.544232057391463,0.544963509247524
