"","intercept class1","intercept class2","age.centered class1","age.centered class2","varcov 1","varcov 2","varcov 3","stderr","bic.select","icl.select","ARI","MCR","RI","JI","FMI","mean.pprob.misc","mean.pprob.correct","btr.est.hm1","btr.est.best"
"1",6.06693717162627,7.35641006590211,-0.477028907751249,-1.54429171951942,1.09734181229149,0.181846489236268,0.0350415247092702,1.39703055068566,2,2,0.41673411433511,0.177,0.708366366366366,0.548665245572507,0.708566326722444,0.61361658444014,0.930734359193142,0.545175912678683,0.544151839755944
