"","intercept class1","intercept class2","age.centered class1","age.centered class2","varcov 1","varcov 2","varcov 3","stderr","bic.select","icl.select","ARI","MCR","RI","JI","FMI","mean.pprob.misc","mean.pprob.correct","btr.est.hm1","btr.est.best"
"1",7.33220629113984,6.0363144946488,-1.60472017366003,-0.419194994230878,1.12778401505951,0.156920754032651,0.0218341317239592,1.38931750227532,2,2,0.453729237101279,0.163,0.726864864864865,0.570604416356128,0.726604880426863,0.643212790923681,0.935276666009421,0.559141214321283,0.560182437919209
