"","intercept class1","intercept class2","age.centered class1","age.centered class2","varcov 1","varcov 2","varcov 3","stderr","bic.select","icl.select","ARI","MCR","RI","JI","FMI","mean.pprob.misc","mean.pprob.correct","btr.est.hm1","btr.est.best"
"1",5.84020448366465,7.52835532715949,-0.5306863083334,-1.46815694042003,0.674188777276394,0.0749402887013813,0.00833017782914484,1.42295590203976,2,2,0.478341828002536,0.154,0.739171171171171,0.585932037477276,0.738911912553499,0.654226849453476,0.970348207136285,0.520232854673399,0.521755264282868
