"","intercept class1","intercept class2","age.centered class1","age.centered class2","varcov 1","varcov 2","varcov 3","stderr","bic.select","icl.select","ARI","MCR","RI","JI","FMI","mean.pprob.misc","mean.pprob.correct","btr.est.hm1","btr.est.best"
"1",6.05381095445003,7.48127586226451,-0.497512984362847,-1.50513625996293,0.922340576017275,0.176434519395735,0.033751394198127,1.42550810895785,2,2,0.475577624919477,0.155,0.737787787787788,0.584996831432193,0.738170037922585,0.647720171270908,0.954299003482376,0.524495382062481,0.524826004408953
