"","intercept class1","intercept class2","age.centered class1","age.centered class2","varcov 1","varcov 2","varcov 3","stderr","bic.select","icl.select","ARI","MCR","RI","JI","FMI","mean.pprob.misc","mean.pprob.correct","btr.est.hm1","btr.est.best"
"1",7.4223269380339,6.06617116068461,-1.51507382200158,-0.48722285116552,1.12507769243412,0.133003427898736,0.0157233552655637,1.42280422843342,2,2,0.448348434578366,0.165,0.724174174174174,0.567468888526114,0.724057731214081,0.647492170309648,0.914002119483789,0.540499878099273,0.540558433840966
