"","intercept class1","intercept class2","age.centered class1","age.centered class2","varcov 1","varcov 2","varcov 3","stderr","bic.select","icl.select","ARI","MCR","RI","JI","FMI","mean.pprob.misc","mean.pprob.correct","btr.est.hm1","btr.est.best"
"1",7.55451532600193,5.9234350877741,-1.48113622113156,-0.525348566882295,0.949167283203411,0.109229272501987,0.0125700192333195,1.4162311516844,2,2,0.467323097015928,0.158,0.733661661661662,0.579119870922838,0.73347173407945,0.64588400847928,0.941247038494486,0.547881139916955,0.54733650675892
