"","intercept class1","intercept class2","age.centered class1","age.centered class2","varcov 1","varcov 2","varcov 3","stderr","bic.select","icl.select","ARI","MCR","RI","JI","FMI","mean.pprob.misc","mean.pprob.correct","btr.est.hm1","btr.est.best"
"1",5.92696512621079,7.59754442301723,-0.541986955548769,-1.50092250370369,0.763822814502141,0.116624602948378,0.0178075619107328,1.43338447889565,2,2,0.500764296544173,0.146,0.750382382382382,0.600179573512907,0.750140276448881,0.684842313393121,0.967298709159127,0.530715391966219,0.530347972193096
