"","intercept class1","intercept class2","age.centered class1","age.centered class2","varcov 1","varcov 2","varcov 3","stderr","bic.select","icl.select","ARI","MCR","RI","JI","FMI","mean.pprob.misc","mean.pprob.correct","btr.est.hm1","btr.est.best"
"1",6.13784599329083,7.45188998741937,-0.457989215748216,-1.53137796161743,0.943715179278804,0.0782582785737099,0.00649119951689891,1.41615736153509,2,2,0.416735012022486,0.177,0.708366366366366,0.548933574445422,0.708791170279226,0.626141582019516,0.919105578467867,0.527712294560277,0.527980755064501
