"","intercept class1","intercept class2","age.centered class1","age.centered class2","varcov 1","varcov 2","varcov 3","stderr","bic.select","icl.select","ARI","MCR","RI","JI","FMI","mean.pprob.misc","mean.pprob.correct","btr.est.hm1","btr.est.best"
"1",7.74134947073445,5.82607333155014,-1.32960876729127,-0.592561626128779,0.78484933534115,0.208566607715714,0.0869596829418784,1.41456797014752,2,2,0.448347797802213,0.165,0.724174174174174,0.567273264067741,0.723898348902558,0.708295565746408,0.971843062627047,0.537780741869718,0.537831075076232
