"","intercept class1","intercept class2","age.centered class1","age.centered class2","varcov 1","varcov 2","varcov 3","stderr","bic.select","icl.select","ARI","MCR","RI","JI","FMI","mean.pprob.misc","mean.pprob.correct","btr.est.hm1","btr.est.best"
"1",7.45140764643108,5.84460082824492,-1.46580939897389,-0.531940750787079,0.931588952739161,0.13730336084141,0.0276676223285284,1.41642976399853,2,2,0.453730778478006,0.163,0.726864864864865,0.571079602615694,0.726990802139642,0.624557669691731,0.948029780372956,0.541822106040233,0.541404637375985
