"","intercept class1","intercept class2","age.centered class1","age.centered class2","varcov 1","varcov 2","varcov 3","stderr","bic.select","icl.select","ARI","MCR","RI","JI","FMI","mean.pprob.misc","mean.pprob.correct","btr.est.hm1","btr.est.best"
"1",6.02864693604452,7.4678506707449,-0.521717643595287,-1.49197896865927,0.931423314459395,0.099695866836755,0.0106730487775401,1.42160410474019,2,2,0.381304806878014,0.191,0.690652652652653,0.527152492166079,0.690373092944269,0.656895007870708,0.925522321263575,0.519264858673571,0.519379846162433
