"","intercept class1","intercept class2","age.centered class1","age.centered class2","varcov 1","varcov 2","varcov 3","stderr","bic.select","icl.select","ARI","MCR","RI","JI","FMI","mean.pprob.misc","mean.pprob.correct","btr.est.hm1","btr.est.best"
"1",7.61872368564664,5.93326819110541,-1.49906527777389,-0.563966575241266,0.990049844117165,0.110857543266548,0.0124150118513251,1.38643625583969,2,2,0.419322890434208,0.176,0.709661661661662,0.549676441728459,0.709408017631376,0.678441333602165,0.946288121624998,0.560089110532004,0.560690333833328
