"","intercept class1","intercept class2","age.centered class1","age.centered class2","varcov 1","varcov 2","varcov 3","stderr","bic.select","icl.select","ARI","MCR","RI","JI","FMI","mean.pprob.misc","mean.pprob.correct","btr.est.hm1","btr.est.best"
"1",7.61324455803951,5.8789965624412,-1.49624881034627,-0.597484155467994,0.939212420578885,0.0997371983093141,0.0105916326007638,1.37062748573546,2,2,0.451035197854092,0.164,0.725517517517517,0.569145292161878,0.72542092159578,0.665255321066789,0.941492389297776,0.559787980304079,0.559822530164767
