"","intercept class1","intercept class2","age.centered class1","age.centered class2","varcov 1","varcov 2","varcov 3","stderr","bic.select","icl.select","ARI","MCR","RI","JI","FMI","mean.pprob.misc","mean.pprob.correct","btr.est.hm1","btr.est.best"
"1",5.93402225506208,7.585545868951,-0.520777625848625,-1.49710433759311,0.957161797741861,0.155970341135835,0.0254162828879647,1.40807486955489,2,2,0.486690524045296,0.151,0.743345345345345,0.591311638464187,0.743175199704236,0.666118287924523,0.960765234575797,0.548446330522696,0.550172982506832
