"","intercept class1","intercept class2","age.centered class1","age.centered class2","varcov 1","varcov 2","varcov 3","stderr","bic.select","icl.select","ARI","MCR","RI","JI","FMI","mean.pprob.misc","mean.pprob.correct","btr.est.hm1","btr.est.best"
"1",7.58607584520532,5.94770443860397,-1.49948139670028,-0.540658250337258,1.05090406947338,0.131787339925354,0.0165277452341734,1.42635756381362,2,2,0.451034520174139,0.164,0.725517517517517,0.568936678614098,0.725251294920464,0.653149156375854,0.927411590915566,0.545568081684556,0.546477157027962
