"","intercept class1","intercept class2","age.centered class1","age.centered class2","varcov 1","varcov 2","varcov 3","stderr","bic.select","icl.select","ARI","MCR","RI","JI","FMI","mean.pprob.misc","mean.pprob.correct","btr.est.hm1","btr.est.best"
"1",7.53902949427838,5.88090185776062,-1.47343619540465,-0.513420385313892,0.916309748480818,0.136556105792228,0.0203508904919474,1.44989032338349,2,2,0.517917504428737,0.14,0.758958958958959,0.611259274565895,0.758734842747256,0.648265748358416,0.941941145740335,0.529358456278338,0.530236824978791
