"","intercept class1","intercept class2","age.centered class1","age.centered class2","varcov 1","varcov 2","varcov 3","stderr","bic.select","icl.select","ARI","MCR","RI","JI","FMI","mean.pprob.misc","mean.pprob.correct","btr.est.hm1","btr.est.best"
"1",7.51290275675539,6.08017586080523,-1.54934469429244,-0.48765058473293,0.836680180023816,0.163276904997658,0.0745958674974732,1.44084234172692,2,2,0.419323495547845,0.176,0.709661661661662,0.549858151185384,0.709559473583416,0.63098070461513,0.936674774227189,0.520678197824799,0.520705760610849
