"","intercept class1","intercept class2","age.centered class1","age.centered class2","varcov 1","varcov 2","varcov 3","stderr","bic.select","icl.select","ARI","MCR","RI","JI","FMI","mean.pprob.misc","mean.pprob.correct","btr.est.hm1","btr.est.best"
"1",7.63940465239968,5.97860380885977,-1.48041483138636,-0.52744038782684,0.861897615195729,0.120275162374099,0.0167845151669515,1.40414054966188,2,2,0.403900917687293,0.182,0.70194994994995,0.54089726035846,0.702055574073445,0.667350691841747,0.952167116767153,0.536301402114917,0.538779250387509
