"","intercept class1","intercept class2","age.centered class1","age.centered class2","varcov 1","varcov 2","varcov 3","stderr","bic.select","icl.select","ARI","MCR","RI","JI","FMI","mean.pprob.misc","mean.pprob.correct","btr.est.hm1","btr.est.best"
"1",7.49842415978416,5.86590757834989,-1.41403527574221,-0.538561769787577,0.932682995063919,0.103609981675034,0.0115098712061396,1.42391758336188,2,2,0.437682310485201,0.169,0.718840840840841,0.561106180309015,0.718857566538787,0.634197393334333,0.935571482925041,0.534932593002454,0.533796715896184
