"","intercept class1","intercept class2","age.centered class1","age.centered class2","varcov 1","varcov 2","varcov 3","stderr","bic.select","icl.select","ARI","MCR","RI","JI","FMI","mean.pprob.misc","mean.pprob.correct","btr.est.hm1","btr.est.best"
"1",5.70872425045102,8.30524411138429,-1.61768799685382,-0.210711526385227,18.7746070831785,1.10618733515131,0.0656223657385188,3.23782602570853,1,2,0.0448789346292098,0.393,0.52242042042042,0.36195155613091,0.531625678282976,0.661588666641312,0.744421455848242,0.659210487751647,0.659088105802448
