"","intercept class1","intercept class2","age.centered class1","age.centered class2","varcov 1","varcov 2","varcov 3","stderr","bic.select","icl.select","ARI","MCR","RI","JI","FMI","mean.pprob.misc","mean.pprob.correct","btr.est.hm1","btr.est.best"
"1",9.53214167181341,4.65583375956537,-1.12010663398148,-0.939965862631743,13.5530047736674,2.37002765270214,0.546900772428726,3.19867040376878,1,2,0.0915475085057892,0.348,0.545753753753754,0.384381630427115,0.555446353020442,0.718722675770289,0.815257892774501,0.652555662274579,0.653114134661255
