"","intercept class1","intercept class2","age.centered class1","age.centered class2","varcov 1","varcov 2","varcov 3","stderr","bic.select","icl.select","ARI","MCR","RI","JI","FMI","mean.pprob.misc","mean.pprob.correct","btr.est.hm1","btr.est.best"
"1",4.47683288685626,8.73257330475899,-0.794481343567748,-1.12759415771792,13.480118614371,2.55249799138346,0.568959161821808,3.18069215811807,1,2,0.097749293255683,0.343,0.548846846846847,0.390923489410467,0.562365655126523,0.72128339523196,0.815561391556984,0.635464059641494,0.636255782234342
