"","intercept class1","intercept class2","age.centered class1","age.centered class2","varcov 1","varcov 2","varcov 3","stderr","bic.select","icl.select","ARI","MCR","RI","JI","FMI","mean.pprob.misc","mean.pprob.correct","btr.est.hm1","btr.est.best"
"1",5.38674097704647,8.68379907558145,-0.770180552295473,-1.41809106327396,17.5926636483196,2.988706334398,0.507732464993549,3.11123047670256,1,2,0.170626317977374,0.293,0.585283283283283,0.428056699835445,0.59986789282779,0.675104394238183,0.793513946633149,0.672340116260762,0.673433207960389
