"","intercept class1","intercept class2","age.centered class1","age.centered class2","varcov 1","varcov 2","varcov 3","stderr","bic.select","icl.select","ARI","MCR","RI","JI","FMI","mean.pprob.misc","mean.pprob.correct","btr.est.hm1","btr.est.best"
"1",1.06967295478547,7.83147282136978,-2.23802190731575,-0.813622328772074,14.8145753435071,1.13012974677188,0.384325764805512,3.08582356647932,1,2,-0.000136045320668126,0.492,0.499627627627628,0.445225274017908,0.633665161121749,0.933333683600416,0.940377443509388,0.683433796029431,0.683599219997325
