"","intercept class1","intercept class2","age.centered class1","age.centered class2","varcov 1","varcov 2","varcov 3","stderr","bic.select","icl.select","ARI","MCR","RI","JI","FMI","mean.pprob.misc","mean.pprob.correct","btr.est.hm1","btr.est.best"
"1",9.04100027679304,5.70868652614598,-1.51147541625915,-0.787312776616071,17.9066314592825,3.1955163888628,0.57025484945012,3.17186772863483,1,2,0.108232293616312,0.335,0.554004004004004,0.432258376912648,0.607432682371948,0.717601919815741,0.855096708496234,0.664317633225421,0.664733762926051
