"","intercept class1","intercept class2","age.centered class1","age.centered class2","varcov 1","varcov 2","varcov 3","stderr","bic.select","icl.select","ARI","MCR","RI","JI","FMI","mean.pprob.misc","mean.pprob.correct","btr.est.hm1","btr.est.best"
"1",9.04667968266849,3.77340788179909,-0.70796183101495,-1.38938095616493,12.9826205769246,1.16220737334482,0.424941184211575,3.14822630259691,1,2,0.0227895575475007,0.423,0.511369369369369,0.354562234892159,0.523682798312208,0.733819609839249,0.773522149898719,0.6642235601627,0.664293092489881
