"","intercept class1","intercept class2","age.centered class1","age.centered class2","varcov 1","varcov 2","varcov 3","stderr","bic.select","icl.select","ARI","MCR","RI","JI","FMI","mean.pprob.misc","mean.pprob.correct","btr.est.hm1","btr.est.best"
"1",7.10375231711236,0.05565832109258,-1.03139460370759,-1.19575324655125,18.0990749768508,2.52421496865232,0.814500174858174,3.23046900920259,1,2,0.000512993299565585,0.488,0.499787787787788,0.491703895385266,0.695709915522574,0.97076547182348,0.98857957746582,0.669012288035156,0.668948383920146
