"","intercept class1","intercept class2","age.centered class1","age.centered class2","varcov 1","varcov 2","varcov 3","stderr","bic.select","icl.select","ARI","MCR","RI","JI","FMI","mean.pprob.misc","mean.pprob.correct","btr.est.hm1","btr.est.best"
"1",3.43745771936234,6.81334266829833,-2.84515418221067,-0.856502990323537,19.9391966487466,1.86827423678947,0.322787654710233,3.18617676982757,1,2,0.00150635149059983,0.48,0.5003003003003,0.488092405883656,0.690528551448657,0.944155024640765,0.971546410443253,0.667327294924816,0.668287877209707
