"","intercept class1","intercept class2","age.centered class1","age.centered class2","varcov 1","varcov 2","varcov 3","stderr","bic.select","icl.select","ARI","MCR","RI","JI","FMI","mean.pprob.misc","mean.pprob.correct","btr.est.hm1","btr.est.best"
"1",5.94661707453051,7.33006512746443,-1.8316931144911,-0.397825439892804,18.3326841771244,1.74743445113682,0.166563041546932,3.17838494887586,1,2,0.105500548665835,0.337,0.552690690690691,0.408850142872262,0.58155385904815,0.667514661468491,0.759374885391648,0.646592158760051,0.648774987637634
