"","intercept class1","intercept class2","age.centered class1","age.centered class2","varcov 1","varcov 2","varcov 3","stderr","bic.select","icl.select","ARI","MCR","RI","JI","FMI","mean.pprob.misc","mean.pprob.correct","btr.est.hm1","btr.est.best"
"1",9.19381242987298,4.67821951994064,-0.832162542001076,-1.13856094672633,13.6305736908231,1.82702083644569,0.456539934337855,3.23511276117915,1,2,0.034440816519688,0.406,0.517189189189189,0.362462130624891,0.532338349793451,0.686135674186536,0.737460298462338,0.633068472980583,0.633093576758207
