"","intercept class1","intercept class2","age.centered class1","age.centered class2","varcov 1","varcov 2","varcov 3","stderr","bic.select","icl.select","ARI","MCR","RI","JI","FMI","mean.pprob.misc","mean.pprob.correct","btr.est.hm1","btr.est.best"
"1",4.06778680424778,9.47348521354856,-1.55399365574539,-0.334616571801306,12.4280398296934,0.828146349718403,0.332895327422586,3.17009979197383,1,2,-0.000803685670742564,0.493,0.499597597597598,0.333001547739766,0.499626928462551,0.769662454586825,0.792639356848189,0.661414746290468,0.661480562826358
