"","intercept class1","intercept class2","age.centered class1","age.centered class2","varcov 1","varcov 2","varcov 3","stderr","bic.select","icl.select","ARI","MCR","RI","JI","FMI","mean.pprob.misc","mean.pprob.correct","btr.est.hm1","btr.est.best"
"1",2.98146426712669,8.68782604040001,-1.72888614552847,-0.494023009546242,12.7902360989202,0.364987576462885,0.129074447054607,3.13058584233648,1,2,-0.000421185895826995,0.489,0.499741741741742,0.353402233653856,0.522794561424006,0.836285751260245,0.815131293988344,0.674461347424612,0.674536284111093
