"","intercept class1","intercept class2","age.centered class1","age.centered class2","varcov 1","varcov 2","varcov 3","stderr","bic.select","icl.select","ARI","MCR","RI","JI","FMI","mean.pprob.misc","mean.pprob.correct","btr.est.hm1","btr.est.best"
"1",4.08137171071795,8.88358052215538,-0.848292681304965,-1.01226364602895,13.972670977229,2.57334905981341,0.607085351492716,3.19721354196035,1,2,0.0952663807979294,0.345,0.547597597597598,0.393238424608246,0.564910330833275,0.724927383997337,0.822847511716142,0.652982683525538,0.652811278177689
