"","intercept class1","intercept class2","age.centered class1","age.centered class2","varcov 1","varcov 2","varcov 3","stderr","bic.select","icl.select","ARI","MCR","RI","JI","FMI","mean.pprob.misc","mean.pprob.correct","btr.est.hm1","btr.est.best"
"1",7.81077353950368,1.83072600191462,-0.905230639072889,-1.52691918873962,14.4361822860907,1.81915762263489,0.470575158002789,3.11113670329866,1,2,0.00419089181754875,0.466,0.501813813813814,0.440309484716943,0.6268772216749,0.849459827899504,0.910331254181173,0.671787619163859,0.671725885131529
