"","intercept class1","intercept class2","age.centered class1","age.centered class2","varcov 1","varcov 2","varcov 3","stderr","bic.select","icl.select","ARI","MCR","RI","JI","FMI","mean.pprob.misc","mean.pprob.correct","btr.est.hm1","btr.est.best"
"1",6.11280421334098,11.02695365438,-0.936658540098513,-1.4120392346713,15.9572889099746,2.74260567315016,0.636403866474136,3.18947505474861,1,2,0.0131785283242163,0.442,0.506234234234234,0.466970387243736,0.660223369428317,0.883943165215062,0.953780340117533,0.653561364794123,0.653220638791509
