"","intercept class1","intercept class2","age.centered class1","age.centered class2","varcov 1","varcov 2","varcov 3","stderr","bic.select","icl.select","ARI","MCR","RI","JI","FMI","mean.pprob.misc","mean.pprob.correct","btr.est.hm1","btr.est.best"
"1",5.45306099956186,10.044446898477,-1.41297952086456,0.0699101725824295,16.0361555187537,1.34628715000289,0.35348702936182,3.12500204024417,1,2,0.0055300792586816,0.461,0.502544544544545,0.421043188935282,0.602627756554434,0.80383636867238,0.851713240801661,0.675661468480782,0.675523868331893
