"","intercept class1","intercept class2","age.centered class1","age.centered class2","varcov 1","varcov 2","varcov 3","stderr","bic.select","icl.select","ARI","MCR","RI","JI","FMI","mean.pprob.misc","mean.pprob.correct","btr.est.hm1","btr.est.best"
"1",6.10202920475316,7.6767872039103,-0.47066611779382,-1.56452290006334,19.5343717511393,2.74707690586312,0.386320872592229,3.14666398707446,1,2,0.152816456891504,0.304,0.576408408408408,0.404599227833996,0.576106317949585,0.627642021194096,0.764612535393415,0.667781704908142,0.668487836322594
