"","intercept class1","intercept class2","age.centered class1","age.centered class2","varcov 1","varcov 2","varcov 3","stderr","bic.select","icl.select","ARI","MCR","RI","JI","FMI","mean.pprob.misc","mean.pprob.correct","btr.est.hm1","btr.est.best"
"1",4.04436597079499,9.68451475154723,-1.70198533075856,-0.319131205774255,13.66052220794,0.852419968803533,0.243288884127354,3.18635960945313,1,2,-0.000674306344322078,0.491,0.499661661661662,0.333336000853606,0.500003708691099,0.779968151819169,0.805334856505266,0.679278075568157,0.679020176825366
