"","intercept class1","intercept class2","age.centered class1","age.centered class2","varcov 1","varcov 2","varcov 3","stderr","bic.select","icl.select","ARI","MCR","RI","JI","FMI","mean.pprob.misc","mean.pprob.correct","btr.est.hm1","btr.est.best"
"1",10.230079655831,5.35385388429602,-0.678958823330342,-1.13916878389774,15.2002767164421,1.70015457772336,0.552415887731442,3.15556288123398,1,2,0.0108390246497684,0.447,0.505123123123123,0.448209741506317,0.636168038061172,0.80571419022495,0.837764447821755,0.661389094159476,0.661362901303234
