"","intercept class1","intercept class2","age.centered class1","age.centered class2","varcov 1","varcov 2","varcov 3","stderr","bic.select","icl.select","ARI","MCR","RI","JI","FMI","mean.pprob.misc","mean.pprob.correct","btr.est.hm1","btr.est.best"
"1",7.94891806297094,5.11229035193049,-1.38499876744615,-0.498967273965405,20.0009259135888,3.17656947161925,0.504506408986412,3.1083330911882,1,2,0.14973259125874,0.306,0.574846846846847,0.412570467533761,0.584293865785261,0.669560458299814,0.782883909729662,0.690729812571139,0.692686638470948
