"","intercept class1","intercept class2","age.centered class1","age.centered class2","varcov 1","varcov 2","varcov 3","stderr","bic.select","icl.select","ARI","MCR","RI","JI","FMI","mean.pprob.misc","mean.pprob.correct","btr.est.hm1","btr.est.best"
"1",5.21075769307152,7.95932462215877,-2.084148158969,-0.325276779351961,18.2979313747237,1.41927284403421,0.110110082769727,3.04856038978093,1,2,0.0578292199652403,0.379,0.528810810810811,0.403840503353665,0.578214396093581,0.74390588611827,0.83901682202578,0.68292280542253,0.683555542738904
