"","intercept class1","intercept class2","age.centered class1","age.centered class2","varcov 1","varcov 2","varcov 3","stderr","bic.select","icl.select","ARI","MCR","RI","JI","FMI","mean.pprob.misc","mean.pprob.correct","btr.est.hm1","btr.est.best"
"1",9.03006547977521,3.85987000818847,-0.291492419817273,-1.77362972487344,13.5131375068754,0.649364898178192,0.191022522778485,3.11530558100062,1,2,0.0047941432508389,0.462,0.50239039039039,0.338204048160435,0.505472576839634,0.78119539255402,0.810341532858741,0.675235522575757,0.675482165133992
