"","intercept class1","intercept class2","age.centered class1","age.centered class2","varcov 1","varcov 2","varcov 3","stderr","bic.select","icl.select","ARI","MCR","RI","JI","FMI","mean.pprob.misc","mean.pprob.correct","btr.est.hm1","btr.est.best"
"1",6.92164302799426,5.89497346181891,-1.37821197726719,-0.182629717696886,20.5355283405623,2.54482854926386,0.315364329875868,3.17150611574039,1,2,0.104376924089813,0.338,0.55204004004004,0.444567456869803,0.621851250246322,0.69469168780209,0.794521772522045,0.670878973474586,0.671754931761962
