"","intercept class1","intercept class2","age.centered class1","age.centered class2","varcov 1","varcov 2","varcov 3","stderr","bic.select","icl.select","ARI","MCR","RI","JI","FMI","mean.pprob.misc","mean.pprob.correct","btr.est.hm1","btr.est.best"
"1",5.29183046798434,7.41590554732309,-0.272996061647272,-1.3097943263956,20.5571891133487,2.97414439803354,0.50167610728029,3.12206167642627,1,2,0.0756017960369569,0.362,0.537625625625626,0.439984481462622,0.619045255519637,0.733242738571379,0.838793045329912,0.688612444378528,0.688737949240978
