"","intercept class1","intercept class2","age.centered class1","age.centered class2","varcov 1","varcov 2","varcov 3","stderr","bic.select","icl.select","ARI","MCR","RI","JI","FMI","mean.pprob.misc","mean.pprob.correct","btr.est.hm1","btr.est.best"
"1",9.20131796069823,2.90880729597792,-0.670767410792057,-1.38738288410334,10.2550675661523,1.57602249979752,0.563777377560514,3.22869348780339,1,2,0.0135187671312194,0.44,0.506706706706707,0.361902690160249,0.532162722558853,0.836794815690555,0.865109887900106,0.648907882386661,0.64899106042115
