"","intercept class1","intercept class2","age.centered class1","age.centered class2","varcov 1","varcov 2","varcov 3","stderr","bic.select","icl.select","ARI","MCR","RI","JI","FMI","mean.pprob.misc","mean.pprob.correct","btr.est.hm1","btr.est.best"
"1",6.11520499605954,7.83274035395836,-1.40222006620471,0.135778229762607,19.2232444160589,1.89504738844651,0.186816716563807,3.17859726585056,1,2,0.0160743283543782,0.436,0.5076996996997,0.463267488813707,0.654963110732063,0.817776083293928,0.887404557556657,0.654250304342304,0.655733027571271
