"","intercept class1","intercept class2","age.centered class1","age.centered class2","varcov 1","varcov 2","varcov 3","stderr","bic.select","icl.select","ARI","MCR","RI","JI","FMI","mean.pprob.misc","mean.pprob.correct","btr.est.hm1","btr.est.best"
"1",9.0492709311934,4.65993398691031,-1.26875220882,-0.947684194342898,17.0123995192424,2.88909756791269,0.583334236473517,3.249925540748,1,2,0.124457252949851,0.323,0.56222022022022,0.394859916536601,0.566192577411942,0.697565205484559,0.783150298561269,0.668817113474603,0.669027525871941
