"","intercept class1","intercept class2","age.centered class1","age.centered class2","varcov 1","varcov 2","varcov 3","stderr","bic.select","icl.select","ARI","MCR","RI","JI","FMI","mean.pprob.misc","mean.pprob.correct","btr.est.hm1","btr.est.best"
"1",3.65017177372045,10.1991830359388,-1.38705907592141,-0.59038081130461,9.00218331383551,1.01588852070073,0.503068650200771,3.13193415976,1,2,0.0286256551007681,0.414,0.514306306306306,0.348892383830468,0.517315300058247,0.84359204299245,0.883703239728063,0.666201219467224,0.666493162025769
