"","intercept class1","intercept class2","age.centered class1","age.centered class2","varcov 1","varcov 2","varcov 3","stderr","bic.select","icl.select","ARI","MCR","RI","JI","FMI","mean.pprob.misc","mean.pprob.correct","btr.est.hm1","btr.est.best"
"1",8.51670979220387,5.00338045937955,-1.28730820069782,-0.605968810746273,17.4816834518769,2.95469482868152,0.564924763241721,3.1070485140618,1,2,0.164004258715521,0.297,0.582,0.411285865740323,0.582855358718259,0.682261314325558,0.784081251786265,0.679938133503481,0.679788301865029
