"","intercept class1","intercept class2","age.centered class1","age.centered class2","varcov 1","varcov 2","varcov 3","stderr","bic.select","icl.select","ARI","MCR","RI","JI","FMI","mean.pprob.misc","mean.pprob.correct","btr.est.hm1","btr.est.best"
"1",4.27537389117443,9.89435010979948,-1.33439714038009,-0.703742148028282,11.8546987028403,1.62404693943725,0.548966196200694,3.1461171406977,1,2,0.0129594034617109,0.441,0.506468468468468,0.343882743716132,0.511810208304007,0.757239863988004,0.797023943403757,0.660111803460417,0.660209680921958
