"","intercept class1","intercept class2","age.centered class1","age.centered class2","varcov 1","varcov 2","varcov 3","stderr","bic.select","icl.select","ARI","MCR","RI","JI","FMI","mean.pprob.misc","mean.pprob.correct","btr.est.hm1","btr.est.best"
"1",19.0810944377892,6.77571210613225,-0.0487063673084398,-0.993088030490005,19.7843702216624,2.75230642986765,0.901148455429081,3.0415599102802,1,2,4.0121078206763e-05,0.496,0.499531531531532,0.496517693500634,0.702535113585003,0.999359115965043,0.999788205218731,0.699122549512668,0.698972399160077
