"","intercept class1","intercept class2","age.centered class1","age.centered class2","varcov 1","varcov 2","varcov 3","stderr","bic.select","icl.select","ARI","MCR","RI","JI","FMI","mean.pprob.misc","mean.pprob.correct","btr.est.hm1","btr.est.best"
"1",8.16435644170508,4.86927537011094,-0.308516259238205,-1.81837036329911,16.4336481522681,1.1110733528119,0.0923335835427067,3.2331020767584,1,2,0.0557015125995885,0.381,0.52784984984985,0.358756770278207,0.528066773768725,0.691724952817659,0.752379322347668,0.643307046382152,0.643384483489235
