"","intercept class1","intercept class2","age.centered class1","age.centered class2","varcov 1","varcov 2","varcov 3","stderr","bic.select","icl.select","ARI","MCR","RI","JI","FMI","mean.pprob.misc","mean.pprob.correct","btr.est.hm1","btr.est.best"
"1",9.36035146638041,4.73163951187784,-0.905837218298794,-0.975606727969649,14.3497192004293,2.34534661738173,0.560823312504173,3.15081061146526,1,2,0.0492773301100423,0.388,0.524612612612613,0.367104666968736,0.537252215642215,0.699950710910019,0.766834458038021,0.659279150386598,0.659230138877242
