"","intercept class1","intercept class2","age.centered class1","age.centered class2","varcov 1","varcov 2","varcov 3","stderr","bic.select","icl.select","ARI","MCR","RI","JI","FMI","mean.pprob.misc","mean.pprob.correct","btr.est.hm1","btr.est.best"
"1",6.4338325202956,7.87893258442205,-0.609206863361064,-1.59827401774829,19.3379831983962,2.81603576607774,0.41007733642732,3.24323487717654,1,2,0.0723734758420897,0.365,0.535985985985986,0.447507556470914,0.628378022199371,0.70162522310089,0.794901661954412,0.649820507177953,0.649688888499661
