"","intercept class1","intercept class2","age.centered class1","age.centered class2","varcov 1","varcov 2","varcov 3","stderr","bic.select","icl.select","ARI","MCR","RI","JI","FMI","mean.pprob.misc","mean.pprob.correct","btr.est.hm1","btr.est.best"
"1",10.3221478594674,4.45222436851517,-0.3462327374488,-1.41071171383949,13.1473705173273,1.16642691847837,0.342002737891187,3.18200783426513,1,2,0.00271712014119414,0.47,0.501301301301301,0.358815958815959,0.528923524625676,0.792422905428284,0.81229947992718,0.673755317213908,0.673646807898828
