"","intercept class1","intercept class2","age.centered class1","age.centered class2","varcov 1","varcov 2","varcov 3","stderr","bic.select","icl.select","ARI","MCR","RI","JI","FMI","mean.pprob.misc","mean.pprob.correct","btr.est.hm1","btr.est.best"
"1",4.97645898427458,8.54591169927173,-1.69125639130894,-0.220593011639467,19.5483223029848,1.7275176085792,0.152664402361482,3.1963862772909,1,2,0.0398645281043263,0.399,0.519921921921922,0.355746187656497,0.52483022892312,0.672803759686045,0.73957509155304,0.682255905542407,0.682633072825127
