"","intercept class1","intercept class2","age.centered class1","age.centered class2","varcov 1","varcov 2","varcov 3","stderr","bic.select","icl.select","ARI","MCR","RI","JI","FMI","mean.pprob.misc","mean.pprob.correct","btr.est.hm1","btr.est.best"
"1",10.5630615034687,5.61316436129019,-0.870103326567392,-0.997430398978997,15.9617528106295,2.40084770663149,0.499642404021996,3.1993008292384,1,2,0.0121506164232512,0.444,0.505777777777778,0.449215089557434,0.637295583423167,0.815026296134274,0.883284266248494,0.656321757785501,0.656370018290714
