"","intercept class1","intercept class2","age.centered class1","age.centered class2","varcov 1","varcov 2","varcov 3","stderr","bic.select","icl.select","ARI","MCR","RI","JI","FMI","mean.pprob.misc","mean.pprob.correct","btr.est.hm1","btr.est.best"
"1",3.46605094702746,8.30471500686481,-1.15982991496385,-0.941354340356276,13.6911865878324,1.92502049569302,0.495850170635322,3.24378301214864,1,2,0.0310845371435231,0.411,0.515357357357357,0.421251314908674,0.60058641648339,0.781984420139859,0.816902967561089,0.631517203548784,0.63156483390316
