"","intercept class1","intercept class2","age.centered class1","age.centered class2","varcov 1","varcov 2","varcov 3","stderr","bic.select","icl.select","ARI","MCR","RI","JI","FMI","mean.pprob.misc","mean.pprob.correct","btr.est.hm1","btr.est.best"
"1",8.73782638991618,3.13388087842114,-0.923278944435983,-1.1834655463654,14.1972277700749,2.41594257453491,0.466930407893387,3.24119670346971,1,2,0.0375888234894692,0.402,0.518726726726727,0.379415029558303,0.551317402160736,0.751661514256339,0.837000397109308,0.664428806166967,0.664313809407545
