"","intercept class1","intercept class2","age.centered class1","age.centered class2","varcov 1","varcov 2","varcov 3","stderr","bic.select","icl.select","ARI","MCR","RI","JI","FMI","mean.pprob.misc","mean.pprob.correct","btr.est.hm1","btr.est.best"
"1",3.47787932948965,8.60633930504386,-1.66726194743929,-0.60437947416405,13.6295095211339,1.26697346768849,0.492426553478846,3.20107758427553,1,2,0.000333535673981037,0.483,0.500078078078078,0.370396050587974,0.542390566357957,0.755472892744163,0.760965364571342,0.659211913992291,0.659131792226694
