"","intercept class1","intercept class2","age.centered class1","age.centered class2","varcov 1","varcov 2","varcov 3","stderr","bic.select","icl.select","ARI","MCR","RI","JI","FMI","mean.pprob.misc","mean.pprob.correct","btr.est.hm1","btr.est.best"
"1",6.61590408651404,7.33387405049079,-0.66495680231637,-1.78680769421679,20.0586727300491,2.55220449370209,0.418253104412696,3.19910578186011,1,2,0.0313256544886641,0.411,0.515357357357357,0.461261305369605,0.650332329061638,0.736239286858951,0.841422884891472,0.660568139379222,0.66072336847178
