"","intercept class1","intercept class2","age.centered class1","age.centered class2","varcov 1","varcov 2","varcov 3","stderr","bic.select","icl.select","ARI","MCR","RI","JI","FMI","mean.pprob.misc","mean.pprob.correct","btr.est.hm1","btr.est.best"
"1",4.22203004862179,8.39824139358237,-1.2673475313936,-0.729629169567489,15.3702298414229,2.0064760894406,0.653749274240813,3.18278918775657,1,2,0.0121606735728228,0.443,0.506004004004004,0.370982461507087,0.542606722751607,0.683729747007116,0.707875026479428,0.658685485699057,0.658703462867321
