"","intercept class1","intercept class2","age.centered class1","age.centered class2","varcov 1","varcov 2","varcov 3","stderr","bic.select","icl.select","ARI","MCR","RI","JI","FMI","mean.pprob.misc","mean.pprob.correct","btr.est.hm1","btr.est.best"
"1",8.55452274775488,4.04075253654984,-0.638206657983825,-1.55928045470859,15.4079686017906,1.29625346571404,0.605797346100556,3.13060197048241,1,2,-0.000755624746623853,0.497,0.499517517517517,0.376139210812645,0.549147452225734,0.737680151220529,0.73250661501519,0.677630428224876,0.677642478711705
