"","intercept class1","intercept class2","age.centered class1","age.centered class2","varcov 1","varcov 2","varcov 3","stderr","bic.select","icl.select","ARI","MCR","RI","JI","FMI","mean.pprob.misc","mean.pprob.correct","btr.est.hm1","btr.est.best"
"1",9.33051641413138,5.8718587807333,-1.32604809381382,-0.912875511860357,17.8051801283826,3.02912569091168,0.789194884034574,3.11126777649036,1,2,0.0271299432934844,0.417,0.513291291291291,0.449187526055355,0.63546460319499,0.757966391591424,0.83240581921154,0.676871112334324,0.676858805797744
