"","intercept class1","intercept class2","age.centered class1","age.centered class2","varcov 1","varcov 2","varcov 3","stderr","bic.select","icl.select","ARI","MCR","RI","JI","FMI","mean.pprob.misc","mean.pprob.correct","btr.est.hm1","btr.est.best"
"1",5.1673573930655,9.70413098254881,-1.44458461159013,-0.301294335948839,13.9896975539957,1.0077522655941,0.302281995374288,3.23707818092498,1,2,0.00455656898809863,0.463,0.50224024024024,0.351638694468493,0.520676499559604,0.73174155518612,0.738551697165356,0.642070565225999,0.642112032674151
