"","intercept class1","intercept class2","age.centered class1","age.centered class2","varcov 1","varcov 2","varcov 3","stderr","bic.select","icl.select","ARI","MCR","RI","JI","FMI","mean.pprob.misc","mean.pprob.correct","btr.est.hm1","btr.est.best"
"1",8.44543513406332,4.27802397848975,-1.03861936370418,-1.05469644106538,15.3708030373917,2.13777147334254,0.648539438112563,3.20971819928184,1,2,0.0586461860140519,0.378,0.529297297297297,0.371381209560986,0.541815976894349,0.655726764031509,0.726042409578475,0.656743125854949,0.656899367497127
