"","intercept class1","intercept class2","age.centered class1","age.centered class2","varcov 1","varcov 2","varcov 3","stderr","bic.select","icl.select","ARI","MCR","RI","JI","FMI","mean.pprob.misc","mean.pprob.correct","btr.est.hm1","btr.est.best"
"1",6.41715878495611,8.15072542485034,-0.643749031543681,-1.48197665773254,18.6614766850187,2.48446262346333,0.330764772556954,3.17926257397516,1,2,0.094180342814411,0.346,0.546978978978979,0.424790413681958,0.59990734163682,0.645085789109447,0.753405887786918,0.649247417876493,0.651081574580803
