"","intercept class1","intercept class2","age.centered class1","age.centered class2","varcov 1","varcov 2","varcov 3","stderr","bic.select","icl.select","ARI","MCR","RI","JI","FMI","mean.pprob.misc","mean.pprob.correct","btr.est.hm1","btr.est.best"
"1",9.07807118082468,3.36788759788747,-0.458709062295719,-1.69286300950979,11.5810769032511,0.749328798548491,0.314983134876224,3.15876484240859,1,2,-0.000926648969593015,0.497,0.499517517517517,0.341081613933726,0.508760852409124,0.827093797908532,0.7998852404356,0.660559906631878,0.660662144997109
