"","intercept class1","intercept class2","age.centered class1","age.centered class2","varcov 1","varcov 2","varcov 3","stderr","bic.select","icl.select","ARI","MCR","RI","JI","FMI","mean.pprob.misc","mean.pprob.correct","btr.est.hm1","btr.est.best"
"1",7.05805670854034,-2.68655625161816,-1.01114696517477,-1.66806882292841,18.9900699842483,2.61365987491901,0.77521282593843,3.06690266825359,1,2,1.60804004003672e-05,0.497,0.499517517517517,0.497008096449152,0.70323008511108,0.997420125301058,0.998988072517233,0.684259004970719,0.684176244948692
