"","intercept class1","intercept class2","age.centered class1","age.centered class2","varcov 1","varcov 2","varcov 3","stderr","bic.select","icl.select","ARI","MCR","RI","JI","FMI","mean.pprob.misc","mean.pprob.correct","btr.est.hm1","btr.est.best"
"1",6.94516676094245,6.66471918277809,-1.50347100868421,-0.350541247706672,21.1268154869505,2.4872249040134,0.292816871814334,3.23369532734261,1,2,0.143568072827789,0.31,0.571771771771772,0.406077501471617,0.577664913033186,0.605858786099224,0.715031793284091,0.666513051890992,0.667996087456884
