"","intercept class1","intercept class2","age.centered class1","age.centered class2","varcov 1","varcov 2","varcov 3","stderr","bic.select","icl.select","ARI","MCR","RI","JI","FMI","mean.pprob.misc","mean.pprob.correct","btr.est.hm1","btr.est.best"
"1",3.155157220952,8.29737870104533,-1.42633723887938,-0.903373152203545,14.7659394494634,1.93376152897676,0.50805470302648,3.0866507374482,1,2,0.0167617994062356,0.434,0.50822022022022,0.405537002081216,0.582865632207064,0.762506526437017,0.794892259914248,0.677246540128102,0.677139397385347
