"","intercept class1","intercept class2","age.centered class1","age.centered class2","varcov 1","varcov 2","varcov 3","stderr","bic.select","icl.select","ARI","MCR","RI","JI","FMI","mean.pprob.misc","mean.pprob.correct","btr.est.hm1","btr.est.best"
"1",6.65504251494435,19.6994775172931,-1.02335797069323,3.87287495351209,20.9416030985574,2.3715955157183,0.605293390900083,3.03927455204328,1,2,-7.99205586432216e-06,0.5,0.4994994994995,0.498497498505523,0.705336445614109,0.999994562604253,0.999998615969694,0.695550355392808,0.696178966743272
