"","intercept class1","intercept class2","age.centered class1","age.centered class2","varcov 1","varcov 2","varcov 3","stderr","bic.select","icl.select","ARI","MCR","RI","JI","FMI","mean.pprob.misc","mean.pprob.correct","btr.est.hm1","btr.est.best"
"1",10.7089276122339,4.25226065261133,-0.757765777192364,-1.20096991198189,11.2373863732428,1.76363877890631,0.624267643519105,3.15606018917316,1,2,0.0449016263794314,0.393,0.52242042042042,0.366970066871882,0.537173546673776,0.803180846034699,0.877207770541409,0.68095013542097,0.680849800746938
