"","intercept class1","intercept class2","age.centered class1","age.centered class2","varcov 1","varcov 2","varcov 3","stderr","bic.select","icl.select","ARI","MCR","RI","JI","FMI","mean.pprob.misc","mean.pprob.correct","btr.est.hm1","btr.est.best"
"1",4.42316193908383,8.61216580882986,-1.1678731768722,-0.881877545695889,16.3745691355695,2.05434842106528,0.523113777140883,3.17389539635416,1,2,0.0382775464792191,0.401,0.519121121121121,0.358278297854151,0.52763806847232,0.651923836522814,0.707572359827926,0.669359348423269,0.669379712876162
