"","intercept class1","intercept class2","age.centered class1","age.centered class2","varcov 1","varcov 2","varcov 3","stderr","bic.select","icl.select","ARI","MCR","RI","JI","FMI","mean.pprob.misc","mean.pprob.correct","btr.est.hm1","btr.est.best"
"1",7.59554941586892,4.74976447981878,-1.31019988062923,-0.3679430059622,17.526855972595,2.86583819345545,0.468624945204757,3.20057709731372,1,2,0.0967034641982363,0.344,0.54822022022022,0.434116885917619,0.610392845550261,0.726316246567608,0.868430556404796,0.653326841067393,0.653422180900641
