"","intercept class1","intercept class2","age.centered class1","age.centered class2","varcov 1","varcov 2","varcov 3","stderr","bic.select","icl.select","ARI","MCR","RI","JI","FMI","mean.pprob.misc","mean.pprob.correct","btr.est.hm1","btr.est.best"
"1",3.76182524584574,9.47860402147952,-1.42266330636361,-0.660076245139798,11.7761363917674,1.26031718949956,0.478200777781118,3.15576848964946,1,2,0.0215544592203696,0.425,0.510760760760761,0.350087231258577,0.518689525279866,0.76539567892707,0.794414306115948,0.662995458383276,0.662912517681821
