"","intercept class1","intercept class2","age.centered class1","age.centered class2","varcov 1","varcov 2","varcov 3","stderr","bic.select","icl.select","ARI","MCR","RI","JI","FMI","mean.pprob.misc","mean.pprob.correct","btr.est.hm1","btr.est.best"
"1",6.8441328835533,0.765400680253052,-1.00884048788775,-1.67188025116316,18.1332053524333,2.23210348890942,0.565524517338615,3.26847641591782,1,2,0,0.499,0.499501501501502,0.499,0.706045678763421,0.979866526706524,0.98759698368987,0.640367809664007,0.640446946936416
