"","intercept class1","intercept class2","age.centered class1","age.centered class2","varcov 1","varcov 2","varcov 3","stderr","bic.select","icl.select","ARI","MCR","RI","JI","FMI","mean.pprob.misc","mean.pprob.correct","btr.est.hm1","btr.est.best"
"1",12.5518216508274,6.24731353338849,-0.544379612894671,-1.0560045170489,17.8051301867028,2.06817481062445,0.571752961788108,3.21096487028983,1,2,0.000321546756021672,0.49,0.4996996996997,0.48963545389564,0.692863950795115,0.952086985807161,0.973477488706246,0.666039818808635,0.665960786968521
