"","intercept class1","intercept class2","age.centered class1","age.centered class2","varcov 1","varcov 2","varcov 3","stderr","bic.select","icl.select","ARI","MCR","RI","JI","FMI","mean.pprob.misc","mean.pprob.correct","btr.est.hm1","btr.est.best"
"1",4.16583583769148,9.73376909349003,-0.994504762659716,-1.04489337929782,13.9921574484711,2.72624596249017,0.737445819941444,3.15197040889919,1,2,0.0687865390889627,0.368,0.534382382382382,0.369422227042269,0.539569204069942,0.754871628095106,0.857281186119918,0.685823097175435,0.685630746283092
