"","intercept class1","intercept class2","age.centered class1","age.centered class2","varcov 1","varcov 2","varcov 3","stderr","bic.select","icl.select","ARI","MCR","RI","JI","FMI","mean.pprob.misc","mean.pprob.correct","btr.est.hm1","btr.est.best"
"1",10.1959906113897,4.44112601294624,-0.870339869036467,-1.17579883421096,12.4825526372676,1.82238267754893,0.545329094740481,3.10207652910937,1,2,0.0493077353241101,0.388,0.524612612612613,0.373764439052693,0.544628049022555,0.764504112762638,0.817627301025876,0.67769577019802,0.677528641192724
