"","intercept class1","intercept class2","age.centered class1","age.centered class2","varcov 1","varcov 2","varcov 3","stderr","bic.select","icl.select","ARI","MCR","RI","JI","FMI","mean.pprob.misc","mean.pprob.correct","btr.est.hm1","btr.est.best"
"1",1.28963392202774,7.2435632170152,-2.61429039581487,-0.871477742556119,17.6998491598641,1.75412809232234,0.430057487118228,3.20822862643415,1,2,-6.16036099619682e-05,0.497,0.499517517517517,0.486995904027843,0.689270407601407,0.965303650309892,0.970876142124924,0.661591107482243,0.66140400554061
