"","intercept class1","intercept class2","age.centered class1","age.centered class2","varcov 1","varcov 2","varcov 3","stderr","bic.select","icl.select","ARI","MCR","RI","JI","FMI","mean.pprob.misc","mean.pprob.correct","btr.est.hm1","btr.est.best"
"1",5.1933552849573,7.90210294880347,-0.61926992729619,-1.29398601929722,18.3283480888579,2.96321711981567,0.479078645501298,3.25991627581369,1,2,0.124528271746541,0.323,0.56222022022022,0.411345551260378,0.583591476622608,0.649258811065875,0.743587960365516,0.65351921976227,0.653701457539508
