"","intercept class1","intercept class2","age.centered class1","age.centered class2","varcov 1","varcov 2","varcov 3","stderr","bic.select","icl.select","ARI","MCR","RI","JI","FMI","mean.pprob.misc","mean.pprob.correct","btr.est.hm1","btr.est.best"
"1",6.98837051513666,0.00499560894969914,-1.02618367688037,-1.32131866940143,18.3292316607206,2.15024774575557,0.489903969956869,3.20429333102755,1,2,0.000360374645481554,0.49,0.4996996996997,0.49464105156724,0.699842758461161,0.979404017377844,0.992137665345606,0.657443066644595,0.657528121580319
