"","intercept class1","intercept class2","age.centered class1","age.centered class2","varcov 1","varcov 2","varcov 3","stderr","bic.select","icl.select","ARI","MCR","RI","JI","FMI","mean.pprob.misc","mean.pprob.correct","btr.est.hm1","btr.est.best"
"1",8.87388934415297,5.42756946816756,0.118332685976111,-1.4766076509818,17.9627580792048,1.48817416270257,0.123292522637045,3.1551293340037,1,2,0.0261807507194754,0.418,0.512960960960961,0.398457049601899,0.573840701451792,0.744164430461505,0.806596830684675,0.666655658490977,0.669398963580013
