"","intercept class1","intercept class2","age.centered class1","age.centered class2","varcov 1","varcov 2","varcov 3","stderr","bic.select","icl.select","ARI","MCR","RI","JI","FMI","mean.pprob.misc","mean.pprob.correct","btr.est.hm1","btr.est.best"
"1",4.03887872409654,8.49588694782386,-0.759488749876067,-1.14879776219475,15.445669998509,3.24811897042969,0.683057346087152,3.17766123368259,1,2,0.106721430899545,0.336,0.553345345345345,0.389542233288642,0.560761956889814,0.72242553293824,0.849264179976054,0.66516669790204,0.666830861417727
