"","intercept class1","intercept class2","age.centered class1","age.centered class2","varcov 1","varcov 2","varcov 3","stderr","bic.select","icl.select","ARI","MCR","RI","JI","FMI","mean.pprob.misc","mean.pprob.correct","btr.est.hm1","btr.est.best"
"1",9.96031823584893,5.88605037065867,-0.868566835310759,-0.700969087319696,3.75837003232203,0.411088151120328,0.202059626816289,3.20796920721865,1,2,0.072308922800223,0.2,0.67967967967968,0.668151687863478,0.810969197848233,0.910892352020219,0.977493901079001,0.345898928624073,0.345582434344626
