"","intercept class1","intercept class2","age.centered class1","age.centered class2","varcov 1","varcov 2","varcov 3","stderr","bic.select","icl.select","ARI","MCR","RI","JI","FMI","mean.pprob.misc","mean.pprob.correct","btr.est.hm1","btr.est.best"
"1",7.62003762417336,5.98309431958137,-1.53241845782522,-0.608105780549472,5.92475289112139,0.860296211388235,0.12491824402767,3.19071008089942,1,2,0.168855627642158,0.173,0.713571571571572,0.698256662476695,0.832615221612499,0.83692517103134,0.928463222838421,0.379698309544992,0.379702392971525
