"","intercept class1","intercept class2","age.centered class1","age.centered class2","varcov 1","varcov 2","varcov 3","stderr","bic.select","icl.select","ARI","MCR","RI","JI","FMI","mean.pprob.misc","mean.pprob.correct","btr.est.hm1","btr.est.best"
"1",4.99500678087897,7.54281762915924,-0.565802200317281,-0.881633739468992,2.86946034247177,0.496378780164294,0.124872763405241,3.2472217744112,1,2,0.020608887669912,0.417,0.513291291291291,0.418811857518527,0.596594836478053,0.706104278397966,0.750673808982986,0.304303057545062,0.304643618991721
