"","intercept class1","intercept class2","age.centered class1","age.centered class2","varcov 1","varcov 2","varcov 3","stderr","bic.select","icl.select","ARI","MCR","RI","JI","FMI","mean.pprob.misc","mean.pprob.correct","btr.est.hm1","btr.est.best"
"1",8.48133523533361,6.13420680355595,-1.54280585776628,-0.592876625186156,4.77464865028869,0.469428503898933,0.132900227796927,3.14890650564993,1,2,0.0463878035246378,0.195,0.685735735735736,0.680667328489011,0.823161996428677,0.920726841596803,0.97585044640862,0.348404223932765,0.34887608716626
