"","intercept class1","intercept class2","age.centered class1","age.centered class2","varcov 1","varcov 2","varcov 3","stderr","bic.select","icl.select","ARI","MCR","RI","JI","FMI","mean.pprob.misc","mean.pprob.correct","btr.est.hm1","btr.est.best"
"1",8.54825402161632,5.82789010282696,-1.4290552476824,-0.596823308459812,4.39328738467018,0.806160814322266,0.147929227818672,3.08489524881865,1,2,0.250504091365748,0.175,0.710960960960961,0.67649813573298,0.810511300097314,0.769113134058845,0.940615336284975,0.366317581776973,0.369608218041646
