"","intercept class1","intercept class2","age.centered class1","age.centered class2","varcov 1","varcov 2","varcov 3","stderr","bic.select","icl.select","ARI","MCR","RI","JI","FMI","mean.pprob.misc","mean.pprob.correct","btr.est.hm1","btr.est.best"
"1",5.7142359401464,7.73619376699568,-0.503841491829201,-1.2845282728676,4.17951499732772,0.737022715607219,0.129967864248114,3.15323454319643,1,2,0.297253735904793,0.181,0.703225225225225,0.649337654350192,0.787661618094324,0.670260763783266,0.843270275704518,0.342248440220552,0.345260871894782
