"","intercept class1","intercept class2","age.centered class1","age.centered class2","varcov 1","varcov 2","varcov 3","stderr","bic.select","icl.select","ARI","MCR","RI","JI","FMI","mean.pprob.misc","mean.pprob.correct","btr.est.hm1","btr.est.best"
"1",7.71637017609608,6.09143535437223,-1.94679241650221,-0.64264108242084,4.84348903459744,0.566848406352909,0.0954905881016716,3.21444052733084,1,2,0.114058157148418,0.183,0.700678678678679,0.689854958221662,0.828022738366262,0.898101333090944,0.972169928301433,0.344473908623303,0.34340673535542
