"","intercept class1","intercept class2","age.centered class1","age.centered class2","varcov 1","varcov 2","varcov 3","stderr","bic.select","icl.select","ARI","MCR","RI","JI","FMI","mean.pprob.misc","mean.pprob.correct","btr.est.hm1","btr.est.best"
"1",6.09096601317126,7.5277554928964,-0.563907663495444,-1.7753318007959,5.02208510963162,0.845828501489231,0.214990913594618,3.11673730530397,1,2,0.150445501518836,0.177,0.708366366366366,0.694212603383853,0.83003036763051,0.857294303521277,0.947294605016012,0.374287856063878,0.373750247614371
