"","intercept class1","intercept class2","age.centered class1","age.centered class2","varcov 1","varcov 2","varcov 3","stderr","bic.select","icl.select","ARI","MCR","RI","JI","FMI","mean.pprob.misc","mean.pprob.correct","btr.est.hm1","btr.est.best"
"1",5.37966583002915,8.05246046834932,-0.515890396939477,-1.17016723478326,3.51910570715356,0.82436688101387,0.286802221733519,3.12121305095503,1,2,0.263447886624864,0.206,0.672544544544545,0.605797688251342,0.754650538288379,0.70028084193081,0.861165607304519,0.369078751593996,0.368792219893182
