"","intercept class1","intercept class2","age.centered class1","age.centered class2","varcov 1","varcov 2","varcov 3","stderr","bic.select","icl.select","ARI","MCR","RI","JI","FMI","mean.pprob.misc","mean.pprob.correct","btr.est.hm1","btr.est.best"
"1",7.96852549891099,5.19978060013864,-0.855068965342147,-0.519614494372328,2.98150085511585,0.695338748191875,0.220991867071973,3.18405708257659,1,2,0.126712020995139,0.312,0.570258258258258,0.473166996362708,0.647983749763261,0.697516133794183,0.800733805443079,0.337355474065901,0.337530259625065
