"","intercept class1","intercept class2","age.centered class1","age.centered class2","varcov 1","varcov 2","varcov 3","stderr","bic.select","icl.select","ARI","MCR","RI","JI","FMI","mean.pprob.misc","mean.pprob.correct","btr.est.hm1","btr.est.best"
"1",5.90552495142326,8.69090444240183,-0.570246139251604,-1.55937633891072,4.46217434779779,0.687105852935358,0.1058234133568,3.13974492968536,1,2,0.308337423887588,0.158,0.733661661661662,0.69834337827481,0.825997042943944,0.831886470928161,0.952849379107452,0.374756527950486,0.374514166102919
