"","intercept class1","intercept class2","age.centered class1","age.centered class2","varcov 1","varcov 2","varcov 3","stderr","bic.select","icl.select","ARI","MCR","RI","JI","FMI","mean.pprob.misc","mean.pprob.correct","btr.est.hm1","btr.est.best"
"1",7.9523882470972,6.02455075577373,-1.56274364214974,-0.573767352531173,4.36023930263395,0.783050180855834,0.140628062991795,3.2591297470777,1,2,0.214995789347616,0.171,0.716198198198198,0.692989561224932,0.825818524968018,0.814574825814681,0.938772973083167,0.315629526669985,0.318142841236728
