"","intercept class1","intercept class2","age.centered class1","age.centered class2","varcov 1","varcov 2","varcov 3","stderr","bic.select","icl.select","ARI","MCR","RI","JI","FMI","mean.pprob.misc","mean.pprob.correct","btr.est.hm1","btr.est.best"
"1",4.86332921344682,7.83710569059385,-1.0075017922106,-0.295786240663375,2.85516563111441,-0.119816070707342,0.18321264408023,3.16661348307279,1,2,0.00590702093730694,0.455,0.503553553553554,0.408219419996564,0.586462112302806,0.717337366908948,0.743649677069054,0.357907988120781,0.357927650183693
