"","intercept class1","intercept class2","age.centered class1","age.centered class2","varcov 1","varcov 2","varcov 3","stderr","bic.select","icl.select","ARI","MCR","RI","JI","FMI","mean.pprob.misc","mean.pprob.correct","btr.est.hm1","btr.est.best"
"1",3.93250142280876,7.4436064538982,-0.949489463843046,-0.498649845571847,2.18607830199765,-0.111003663098422,0.0803997997928112,3.1270715348634,1,2,-0.0410181200933588,0.325,0.50224024024024,0.427286422437622,0.601507526867694,0.759462521682144,0.846556104014275,0.348361173069398,0.348166175619266
