"","intercept class1","intercept class2","age.centered class1","age.centered class2","varcov 1","varcov 2","varcov 3","stderr","bic.select","icl.select","ARI","MCR","RI","JI","FMI","mean.pprob.misc","mean.pprob.correct","btr.est.hm1","btr.est.best"
"1",6.280143449459,5.85315744568719,-0.528691791365004,-1.76769771995031,4.3586563536093,0.364134471695255,0.0304214756664058,3.23701767132269,1,2,0.114496364591397,0.19,0.691891891891892,0.677527501309586,0.817250913820623,0.780862784854464,0.901132881976045,0.309455579477964,0.309033912306228
