"","intercept class1","intercept class2","age.centered class1","age.centered class2","varcov 1","varcov 2","varcov 3","stderr","bic.select","icl.select","ARI","MCR","RI","JI","FMI","mean.pprob.misc","mean.pprob.correct","btr.est.hm1","btr.est.best"
"1",5.31720579444671,8.20988726622591,-0.636815581671117,-0.953147065415546,3.18754451645764,0.677791080963777,0.219000433271864,3.14524137544392,1,2,0.182348987738577,0.257,0.617715715715716,0.537267968787864,0.700727037974149,0.681721743120366,0.830536398743824,0.350160829490846,0.350298508561621
