"","intercept class1","intercept class2","age.centered class1","age.centered class2","varcov 1","varcov 2","varcov 3","stderr","bic.select","icl.select","ARI","MCR","RI","JI","FMI","mean.pprob.misc","mean.pprob.correct","btr.est.hm1","btr.est.best"
"1",6.52012887778698,5.48533681765284,-0.348450672594468,-1.45470517340209,5.735593406145,0.178301767648357,0.00554405634154327,3.17149733867645,1,2,0.163834359712357,0.2,0.65757957957958,0.613935336499395,0.761760432120073,0.718833016216328,0.76873824208017,0.382809894062694,0.383967400464853
