"","intercept class1","intercept class2","age.centered class1","age.centered class2","varcov 1","varcov 2","varcov 3","stderr","bic.select","icl.select","ARI","MCR","RI","JI","FMI","mean.pprob.misc","mean.pprob.correct","btr.est.hm1","btr.est.best"
"1",8.55185679828437,5.79851941971003,-1.20322969306014,-0.64120356817677,4.21355910179456,0.867871406958838,0.262542457433808,3.14003648755643,1,2,0.279298377283973,0.159,0.732294294294294,0.703389792912533,0.831464613071748,0.795645114657404,0.9269489214215,0.357864153112703,0.358241976907535
