"","intercept class1","intercept class2","age.centered class1","age.centered class2","varcov 1","varcov 2","varcov 3","stderr","bic.select","icl.select","ARI","MCR","RI","JI","FMI","mean.pprob.misc","mean.pprob.correct","btr.est.hm1","btr.est.best"
"1",7.46567088276262,6.15041710681222,-1.76809023643851,-0.563847248883876,5.37908081252079,0.547692905972258,0.0557689045144434,3.17021447491928,1,2,0.136806644942538,0.182,0.70194994994995,0.687619862941841,0.824970869994054,0.824481965603958,0.939336539445888,0.365013778634944,0.366193811551332
