"","intercept class1","intercept class2","age.centered class1","age.centered class2","varcov 1","varcov 2","varcov 3","stderr","bic.select","icl.select","ARI","MCR","RI","JI","FMI","mean.pprob.misc","mean.pprob.correct","btr.est.hm1","btr.est.best"
"1",5.93094562660332,8.14051774097878,-0.574582478931441,-1.68696820589469,4.8336425652672,0.683246501078356,0.0965785610966492,3.19769833566223,1,2,0.203138064078466,0.17,0.717517517517517,0.697405104010294,0.830159286015619,0.845342885857411,0.954755475658321,0.350872803269687,0.351775796566082
