"","intercept class1","intercept class2","age.centered class1","age.centered class2","varcov 1","varcov 2","varcov 3","stderr","bic.select","icl.select","ARI","MCR","RI","JI","FMI","mean.pprob.misc","mean.pprob.correct","btr.est.hm1","btr.est.best"
"1",8.32721961126315,6.01621989951115,-1.83828336634591,-0.50273822702433,4.44394695423184,0.740764878146724,0.123479725029388,3.17074666360639,2,2,0.235255453492416,0.168,0.720168168168168,0.694612191391741,0.826225189349964,0.865094118645598,0.969929693839287,0.347769848776018,0.350573341456005
