"","intercept class1","intercept class2","age.centered class1","age.centered class2","varcov 1","varcov 2","varcov 3","stderr","bic.select","icl.select","ARI","MCR","RI","JI","FMI","mean.pprob.misc","mean.pprob.correct","btr.est.hm1","btr.est.best"
"1",5.97386770005701,6.31538398414281,-2.05966928194698,-0.563549945077146,5.6278033302234,0.558354907107283,0.0554003893382167,3.12325694271145,1,2,0.10656820330312,0.185,0.698148148148148,0.687642428009115,0.826449142349196,0.889562265241166,0.959461657459447,0.370584991205584,0.372118259139367
