"","intercept class1","intercept class2","age.centered class1","age.centered class2","varcov 1","varcov 2","varcov 3","stderr","bic.select","icl.select","ARI","MCR","RI","JI","FMI","mean.pprob.misc","mean.pprob.correct","btr.est.hm1","btr.est.best"
"1",6.33838232345363,7.15127051226593,-0.486251616224684,-1.59313135453173,4.42089794257063,0.534804192246344,0.0646963274878944,3.16405192502341,1,2,0.228918897456163,0.165,0.724174174174174,0.702043685121107,0.832824365691622,0.775162299700549,0.891193536813897,0.32215548461176,0.323657924690387
