"","intercept class1","intercept class2","age.centered class1","age.centered class2","varcov 1","varcov 2","varcov 3","stderr","bic.select","icl.select","ARI","MCR","RI","JI","FMI","mean.pprob.misc","mean.pprob.correct","btr.est.hm1","btr.est.best"
"1",7.06135769040164,6.28801199559773,-2.74441210352903,-0.672113303900497,4.77526046466776,0.400835571385929,0.154636035822514,3.20085539112769,1,2,0.0297476845081109,0.195,0.685735735735736,0.683198789101917,0.826183907794925,0.984030435002625,0.996849662128276,0.33365795967468,0.333864802251813
