"","intercept class1","intercept class2","age.centered class1","age.centered class2","varcov 1","varcov 2","varcov 3","stderr","bic.select","icl.select","ARI","MCR","RI","JI","FMI","mean.pprob.misc","mean.pprob.correct","btr.est.hm1","btr.est.best"
"1",4.08246953439327,6.98792322085386,-1.10292635468172,-0.560252277604382,3.40578122273605,0.0668258957191649,0.30154125878412,3.1425644174763,1,2,-0.0581614697087818,0.2,0.599951951951952,0.583078091486467,0.740740921435483,0.879919588728295,0.852955541125127,0.358069502021386,0.357929567021169
