"","intercept class1","intercept class2","age.centered class1","age.centered class2","varcov 1","varcov 2","varcov 3","stderr","bic.select","icl.select","ARI","MCR","RI","JI","FMI","mean.pprob.misc","mean.pprob.correct","btr.est.hm1","btr.est.best"
"1",6.42808406339976,0.995237163528342,-0.677155518258796,-2.05893811598393,5.02620904906359,0.30047871548389,0.19020961797239,3.23081745159087,1,2,-0.00148498828344644,0.2,0.674906906906907,0.673737718751884,0.819196184086887,0.997826159794506,0.997626764670614,0.35830710858547,0.357748593428413
