"","intercept class1","intercept class2","age.centered class1","age.centered class2","varcov 1","varcov 2","varcov 3","stderr","bic.select","icl.select","ARI","MCR","RI","JI","FMI","mean.pprob.misc","mean.pprob.correct","btr.est.hm1","btr.est.best"
"1",11.0126000600235,6.24707581579596,-1.5980101563246,-0.656087922672817,4.33938336904344,0.498541029754457,0.176657820190271,3.20626234379867,1,2,0.0297476845081109,0.195,0.685735735735736,0.683198789101917,0.826183907794925,0.994010923172089,0.998997335925882,0.317880801182085,0.31830039861297
