"","intercept class1","intercept class2","age.centered class1","age.centered class2","varcov 1","varcov 2","varcov 3","stderr","bic.select","icl.select","ARI","MCR","RI","JI","FMI","mean.pprob.misc","mean.pprob.correct","btr.est.hm1","btr.est.best"
"1",7.17165706076518,6.36673818862588,-1.69541525219145,-0.528850344306346,4.8128800925796,0.490107344201996,0.0499091313881282,3.15860664074221,1,2,0.142933874674483,0.179,0.705787787787788,0.691925353860602,0.828414023482773,0.844283101523565,0.935477394672786,0.328760611434568,0.332051893765206
