"","intercept class1","intercept class2","age.centered class1","age.centered class2","varcov 1","varcov 2","varcov 3","stderr","bic.select","icl.select","ARI","MCR","RI","JI","FMI","mean.pprob.misc","mean.pprob.correct","btr.est.hm1","btr.est.best"
"1",8.03275801086085,5.35597243268677,-1.13098580291391,-0.607648625240327,3.89586380406321,0.815607815066089,0.206781236421705,3.2538310875258,1,2,0.214846235110115,0.235,0.64009009009009,0.565160076240603,0.723055643143044,0.672771240558342,0.834259548612155,0.354229764462902,0.354379994835019
