"","intercept class1","intercept class2","age.centered class1","age.centered class2","varcov 1","varcov 2","varcov 3","stderr","bic.select","icl.select","ARI","MCR","RI","JI","FMI","mean.pprob.misc","mean.pprob.correct","btr.est.hm1","btr.est.best"
"1",6.11802612341878,7.28760132215407,-0.562241845291978,-1.58237540417482,5.29571509292169,0.631162509139255,0.0752242346059173,3.20459425367715,1,2,0.188144490213425,0.17,0.717517517517517,0.700329191887013,0.833426592956086,0.786687159366651,0.920467680226996,0.345170095334021,0.348703014955631
