"","intercept class1","intercept class2","age.centered class1","age.centered class2","varcov 1","varcov 2","varcov 3","stderr","bic.select","icl.select","ARI","MCR","RI","JI","FMI","mean.pprob.misc","mean.pprob.correct","btr.est.hm1","btr.est.best"
"1",4.491621571783,7.76852703947975,-1.04367050325182,-0.473136866596475,2.54691389400181,-0.0385883080141648,0.205030123582379,3.14827243922307,1,2,-0.020028817789028,0.364,0.503375375375375,0.420113142269391,0.595803017615901,0.718272271363283,0.794545836939621,0.360322943361427,0.360383904399401
