"","intercept class1","intercept class2","age.centered class1","age.centered class2","varcov 1","varcov 2","varcov 3","stderr","bic.select","icl.select","ARI","MCR","RI","JI","FMI","mean.pprob.misc","mean.pprob.correct","btr.est.hm1","btr.est.best"
"1",6.13442743902699,6.53363516765009,-0.448306118361405,-1.73885508797732,4.73826072929798,0.558650395069383,0.0658666413788112,3.19529402109674,1,2,0.32480506917553,0.157,0.735033033033033,0.696136008816237,0.823548921448958,0.713308000930328,0.874419630291789,0.337849433933064,0.340349351358539
