"","intercept class1","intercept class2","age.centered class1","age.centered class2","varcov 1","varcov 2","varcov 3","stderr","bic.select","icl.select","ARI","MCR","RI","JI","FMI","mean.pprob.misc","mean.pprob.correct","btr.est.hm1","btr.est.best"
"1",8.86667098723581,6.06944942107987,-0.355036271911559,-0.737100658169774,4.07894262117085,0.329622088646323,0.248125356793518,3.16338019115663,1,2,0.00866471635843905,0.2,0.676094094094094,0.673766373080397,0.818765840956053,0.917369168939723,0.939615475034344,0.340569236856003,0.340526432925118
