"","intercept class1","intercept class2","age.centered class1","age.centered class2","varcov 1","varcov 2","varcov 3","stderr","bic.select","icl.select","ARI","MCR","RI","JI","FMI","mean.pprob.misc","mean.pprob.correct","btr.est.hm1","btr.est.best"
"1",7.80288944795088,4.25085334637481,-0.487088107129475,-0.882952737462926,1.88821734987353,0.13609337138191,0.178124215793786,3.22510036671085,1,2,-0.0181847027873354,0.387,0.500078078078078,0.413465965143045,0.589916919378925,0.769039436137593,0.832807245193683,0.33096722330193,0.331110531527077
