"","intercept class1","intercept class2","age.centered class1","age.centered class2","varcov 1","varcov 2","varcov 3","stderr","bic.select","icl.select","ARI","MCR","RI","JI","FMI","mean.pprob.misc","mean.pprob.correct","btr.est.hm1","btr.est.best"
"1",7.73863714317008,5.36887420676415,-0.121377666619306,-1.1001998170993,4.00255058648851,-0.00829614119135004,2.14160316059451e-05,3.17348273431802,1,2,-0.028346440763687,0.225,0.541591591591592,0.487522381378693,0.655635786801757,0.640469501866714,0.774720159268457,0.347890326680182,0.348251128480159
