"","intercept class1","intercept class2","age.centered class1","age.centered class2","varcov 1","varcov 2","varcov 3","stderr","bic.select","icl.select","ARI","MCR","RI","JI","FMI","mean.pprob.misc","mean.pprob.correct","btr.est.hm1","btr.est.best"
"1",8.51785322178505,6.04422191066796,-1.25750112168047,-0.603778915208264,4.76717755838227,0.776244367296437,0.151004633508403,3.17217890743001,1,2,0.238778246147467,0.173,0.713571571571572,0.683574847173934,0.816830838051344,0.769994413385196,0.909370713899026,0.369987527345721,0.369415814121555
