"","intercept class1","intercept class2","age.centered class1","age.centered class2","varcov 1","varcov 2","varcov 3","stderr","bic.select","icl.select","ARI","MCR","RI","JI","FMI","mean.pprob.misc","mean.pprob.correct","btr.est.hm1","btr.est.best"
"1",8.07397804666885,5.16530949308496,-0.88921159797677,-0.592103609985859,3.75575096892919,0.64372553704612,0.318861273192855,3.14866380688683,1,2,0.158260771707144,0.278,0.598166166166166,0.511283175066959,0.679627608200914,0.664760751050539,0.798804970892125,0.390292751100536,0.390357430183896
