"","intercept class1","intercept class2","age.centered class1","age.centered class2","varcov 1","varcov 2","varcov 3","stderr","bic.select","icl.select","ARI","MCR","RI","JI","FMI","mean.pprob.misc","mean.pprob.correct","btr.est.hm1","btr.est.best"
"1",9.4346327609356,5.94117712693817,-1.25967151745637,-0.639199436807357,3.6797664689063,0.584780526222454,0.243947538281057,3.19912146099895,1,2,0.146938647075735,0.185,0.698148148148148,0.680282365115312,0.818145280264653,0.890060623197807,0.969378410691553,0.341641564284475,0.341756131247106
