"","intercept class1","intercept class2","age.centered class1","age.centered class2","varcov 1","varcov 2","varcov 3","stderr","bic.select","icl.select","ARI","MCR","RI","JI","FMI","mean.pprob.misc","mean.pprob.correct","btr.est.hm1","btr.est.best"
"1",5.74264146679329,7.03944289724581,-0.411862683735649,-1.09974862993961,4.9306672117544,0.829702081745901,0.13962423743936,3.16810331640514,1,2,0.281797831695524,0.195,0.685735735735736,0.623109243697479,0.767804483758012,0.613700130928722,0.742348581684013,0.348548106033469,0.350018414220366
