"","intercept class1","intercept class2","age.centered class1","age.centered class2","varcov 1","varcov 2","varcov 3","stderr","bic.select","icl.select","ARI","MCR","RI","JI","FMI","mean.pprob.misc","mean.pprob.correct","btr.est.hm1","btr.est.best"
"1",8.24433661070602,5.90609984063927,-1.42480266346266,-0.496644100595813,4.72808445725622,0.786984092180407,0.130992575904788,3.20679196201126,1,2,0.30737487256663,0.164,0.725517517517517,0.685000873057447,0.815302963082145,0.757823646134938,0.903305564263739,0.363367640308149,0.365822286221751
