"","intercept class1","intercept class2","age.centered class1","age.centered class2","varcov 1","varcov 2","varcov 3","stderr","bic.select","icl.select","ARI","MCR","RI","JI","FMI","mean.pprob.misc","mean.pprob.correct","btr.est.hm1","btr.est.best"
"1",6.31808129421329,14.280411522412,-0.709327780876427,-0.532693416791037,5.42536027806765,0.676170241145492,0.450090711679046,3.04857110340615,1,2,0.0206435966631062,0.198,0.68209009009009,0.67979254551174,0.82357889808536,0.99916682917689,0.999868329876917,0.421272113208075,0.420841614533816
