"","intercept class1","intercept class2","age.centered class1","age.centered class2","varcov 1","varcov 2","varcov 3","stderr","bic.select","icl.select","ARI","MCR","RI","JI","FMI","mean.pprob.misc","mean.pprob.correct","btr.est.hm1","btr.est.best"
"1",7.90495556879336,5.80485343595927,-1.4070518869855,-0.473212880069018,4.60889084866311,0.663740151108849,0.0955872457233713,3.1403063999024,1,2,0.325778604814152,0.168,0.720168168168168,0.669994050373504,0.80303556427949,0.705105372218597,0.870094424871347,0.367308818118427,0.369681954245034
