"","intercept class1","intercept class2","age.centered class1","age.centered class2","varcov 1","varcov 2","varcov 3","stderr","bic.select","icl.select","ARI","MCR","RI","JI","FMI","mean.pprob.misc","mean.pprob.correct","btr.est.hm1","btr.est.best"
"1",-1.28334805860097,6.39119641959921,-1.11446357289053,-0.755954099626906,5.1302348242132,0.557548928467064,0.402273328787241,3.0654177698275,1,2,-0.00297863873070938,0.2,0.677285285285285,0.677026647966339,0.822195612840757,0.999961758470752,0.999835571822566,0.391784838940044,0.391882690699649
