"","intercept class1","intercept class2","age.centered class1","age.centered class2","varcov 1","varcov 2","varcov 3","stderr","bic.select","icl.select","ARI","MCR","RI","JI","FMI","mean.pprob.misc","mean.pprob.correct","btr.est.hm1","btr.est.best"
"1",7.9894925491765,5.96828325054908,-1.52017388649268,-0.524174410870046,4.77698314867681,0.869056696602419,0.158119955655901,3.20237915228804,1,2,0.243462381102901,0.172,0.714882882882883,0.684505744274555,0.817404709973665,0.755431438030516,0.920726948394064,0.357768573582678,0.358241555218738
