"","intercept class1","intercept class2","age.centered class1","age.centered class2","varcov 1","varcov 2","varcov 3","stderr","bic.select","icl.select","ARI","MCR","RI","JI","FMI","mean.pprob.misc","mean.pprob.correct","btr.est.hm1","btr.est.best"
"1",8.19385395468729,5.11447511334645,-0.380381551176031,-0.943988284208713,3.04750731795938,0.11693953922153,0.142205560394034,3.26188322905775,1,2,0.0465364443196248,0.341,0.540438438438438,0.45593198646176,0.629814735877138,0.691875815105594,0.765725909378708,0.344067890029967,0.344013918889482
