"","intercept class1","intercept class2","age.centered class1","age.centered class2","varcov 1","varcov 2","varcov 3","stderr","bic.select","icl.select","ARI","MCR","RI","JI","FMI","mean.pprob.misc","mean.pprob.correct","btr.est.hm1","btr.est.best"
"1",8.29796762626426,4.66392477508531,-0.415741748082858,-0.911221339260567,1.86844344328554,0.0240577342786278,0.326421662358438,3.13923310336051,1,2,0.0400164086167654,0.387,0.525063063063063,0.430964260014392,0.608174780739764,0.793554190005194,0.835766104132963,0.370262023396928,0.370514735035238
