"","intercept class1","intercept class2","age.centered class1","age.centered class2","varcov 1","varcov 2","varcov 3","stderr","bic.select","icl.select","ARI","MCR","RI","JI","FMI","mean.pprob.misc","mean.pprob.correct","btr.est.hm1","btr.est.best"
"1",8.5700333919325,5.27429032190863,-0.220406879273714,-0.909241609501753,2.71844126026186,0.0727500556659901,0.165138137148448,3.12873867239272,1,2,0.0367485455806121,0.25,0.561513513513514,0.496799628729363,0.664407964065486,0.695713372451023,0.838469733177587,0.354712224982781,0.355031524150742
