"","intercept class1","intercept class2","age.centered class1","age.centered class2","varcov 1","varcov 2","varcov 3","stderr","bic.select","icl.select","ARI","MCR","RI","JI","FMI","mean.pprob.misc","mean.pprob.correct","btr.est.hm1","btr.est.best"
"1",5.82402035853297,7.38878868776542,-0.495102778956564,-1.5003659904016,5.15215135331309,0.635324661920641,0.0783496048152978,3.08827610435281,1,2,0.365952627912978,0.155,0.737787787787788,0.688297254588379,0.816124618592916,0.656096632235595,0.828067924268507,0.39285854961735,0.392857640751948
