"","intercept class1","intercept class2","age.centered class1","age.centered class2","varcov 1","varcov 2","varcov 3","stderr","bic.select","icl.select","ARI","MCR","RI","JI","FMI","mean.pprob.misc","mean.pprob.correct","btr.est.hm1","btr.est.best"
"1",7.27988802979027,6.08169768131086,-1.61504243748808,-0.449700735561221,4.86377422692528,0.634240652028963,0.0827058031722387,3.16397534162553,1,2,0.252253146087908,0.19,0.691891891891892,0.64432632308759,0.78451528617808,0.684905059447259,0.857664580286448,0.362576931192664,0.363347399641787
