"","intercept class1","intercept class2","age.centered class1","age.centered class2","varcov 1","varcov 2","varcov 3","stderr","bic.select","icl.select","ARI","MCR","RI","JI","FMI","mean.pprob.misc","mean.pprob.correct","btr.est.hm1","btr.est.best"
"1",7.44835137345144,5.79035874626233,-1.43916379622495,-0.437513117763358,4.68974568371787,0.832888132227963,0.147919033392459,3.13780526511444,1,2,0.305714854926572,0.173,0.713571571571572,0.664888882642832,0.799519203446678,0.703058458295924,0.855254665080259,0.363888119386388,0.365565768685875
