"","intercept class1","intercept class2","age.centered class1","age.centered class2","varcov 1","varcov 2","varcov 3","stderr","bic.select","icl.select","ARI","MCR","RI","JI","FMI","mean.pprob.misc","mean.pprob.correct","btr.est.hm1","btr.est.best"
"1",7.97089484403613,5.33715080350716,-1.03273606823303,-0.510940710920281,3.86552901046788,0.917907888308301,0.21869702641225,3.1981660275941,1,2,0.272798029663428,0.202,0.677285285285285,0.610917745197901,0.758586272375362,0.689810162344107,0.835254524310733,0.358825700387202,0.358430229275098
