"","intercept class1","intercept class2","age.centered class1","age.centered class2","varcov 1","varcov 2","varcov 3","stderr","bic.select","icl.select","ARI","MCR","RI","JI","FMI","mean.pprob.misc","mean.pprob.correct","btr.est.hm1","btr.est.best"
"1",9.60675107154549,6.15916019871789,-1.69096885055261,-0.715128211252395,4.6349189486355,0.575807410767083,0.223629772521977,3.18089156568687,1,2,0.104857621056674,0.184,0.699411411411411,0.689665863327642,0.828305590150793,0.933545338433441,0.989372632540654,0.358532900065798,0.358818074315896
