"","intercept class1","intercept class2","age.centered class1","age.centered class2","varcov 1","varcov 2","varcov 3","stderr","bic.select","icl.select","ARI","MCR","RI","JI","FMI","mean.pprob.misc","mean.pprob.correct","btr.est.hm1","btr.est.best"
"1",8.11035426977789,4.48429205168493,-0.526790806348942,-0.780085509431912,1.68932687540506,0.308314002275567,0.297906872779636,3.18654369363758,1,2,0.0310618660651865,0.411,0.515357357357357,0.417435144631082,0.595999384377131,0.797976574513048,0.83583345293662,0.34770676291806,0.347825507947608
