"","intercept class1","intercept class2","age.centered class1","age.centered class2","varcov 1","varcov 2","varcov 3","stderr","bic.select","icl.select","ARI","MCR","RI","JI","FMI","mean.pprob.misc","mean.pprob.correct","btr.est.hm1","btr.est.best"
"1",6.03837952791262,8.9165949335209,-0.615384333347078,-1.661488293574,4.03078727225993,0.680349568135844,0.151806378882722,3.19094161750856,1,2,0.173680715688907,0.178,0.707075075075075,0.687964376807391,0.823501674029368,0.879920167608669,0.977277056028881,0.333917522784304,0.334430097552974
