"","intercept class1","intercept class2","age.centered class1","age.centered class2","varcov 1","varcov 2","varcov 3","stderr","bic.select","icl.select","ARI","MCR","RI","JI","FMI","mean.pprob.misc","mean.pprob.correct","btr.est.hm1","btr.est.best"
"1",8.34666045873476,6.13509845701052,-1.47078543532991,-0.640107104471399,4.64913162160897,0.564706555908549,0.218885568762064,3.14828360391779,1,2,0.121595515764889,0.181,0.703225225225225,0.692087356054438,0.829606293851791,0.865714250482705,0.951715630920065,0.359591839791317,0.359448557454932
