"","intercept class1","intercept class2","age.centered class1","age.centered class2","varcov 1","varcov 2","varcov 3","stderr","bic.select","icl.select","ARI","MCR","RI","JI","FMI","mean.pprob.misc","mean.pprob.correct","btr.est.hm1","btr.est.best"
"1",8.1475812493912,6.2720077663138,-1.72347234957679,-0.528784521004714,4.41687777662189,0.637482482985308,0.092007063787805,3.2220826813993,1,2,0.169698357701013,0.177,0.708366366366366,0.690619902813647,0.825976417956475,0.836074815287558,0.957827992662445,0.329509328095274,0.329472530277645
