"","intercept class1","intercept class2","age.centered class1","age.centered class2","varcov 1","varcov 2","varcov 3","stderr","bic.select","icl.select","ARI","MCR","RI","JI","FMI","mean.pprob.misc","mean.pprob.correct","btr.est.hm1","btr.est.best"
"1",6.25044369192176,6.35884772206787,-0.533986364048813,-1.72929680844999,5.43626973147776,0.508419820073108,0.0475507323370494,3.23853916235188,1,2,0.0745911257018969,0.188,0.694382382382382,0.687772791792623,0.828106076001912,0.874099578095947,0.942445944737474,0.34247930625659,0.343525684129535
