"","intercept class1","intercept class2","age.centered class1","age.centered class2","varcov 1","varcov 2","varcov 3","stderr","bic.select","icl.select","ARI","MCR","RI","JI","FMI","mean.pprob.misc","mean.pprob.correct","btr.est.hm1","btr.est.best"
"1",8.35213028498547,5.85996075466204,-1.51689871721847,-0.481686858296707,4.65476963469462,0.753042508462339,0.121826227119869,3.0829333438837,2,2,0.276809709040763,0.171,0.716198198198198,0.67801364635764,0.810772341180906,0.766472223034099,0.933866775773503,0.382919627943928,0.385996936523367
