"","intercept class1","intercept class2","age.centered class1","age.centered class2","varcov 1","varcov 2","varcov 3","stderr","bic.select","icl.select","ARI","MCR","RI","JI","FMI","mean.pprob.misc","mean.pprob.correct","btr.est.hm1","btr.est.best"
"1",8.3565528135399,5.33751386245797,-1.00444327979162,-0.516279141256906,3.35629069883208,0.756429812380578,0.208477386359266,3.16151083458754,1,2,0.211498332223114,0.239,0.635877877877878,0.558674657866641,0.718027532718051,0.66374906356533,0.869479311860627,0.367959814144158,0.367632056825664
