"","intercept class1","intercept class2","age.centered class1","age.centered class2","varcov 1","varcov 2","varcov 3","stderr","bic.select","icl.select","ARI","MCR","RI","JI","FMI","mean.pprob.misc","mean.pprob.correct","btr.est.hm1","btr.est.best"
"1",8.55274037757055,4.71626464158572,-0.707929188515291,-0.736147577188908,1.78506843454573,0.450408968692033,0.32586171213271,3.16573640842904,1,2,0.0919787113455046,0.341,0.550112112112112,0.452091968596089,0.628879316188004,0.802856942810547,0.886818172999909,0.372756022407112,0.372644400778169
