"","intercept class1","intercept class2","age.centered class1","age.centered class2","varcov 1","varcov 2","varcov 3","stderr","bic.select","icl.select","ARI","MCR","RI","JI","FMI","mean.pprob.misc","mean.pprob.correct","btr.est.hm1","btr.est.best"
"1",6.73472663835766,3.94458099971464,-0.71629784646975,-0.836721255162633,4.37969914184781,0.482222203438533,0.339310431653049,3.24120807202094,1,2,-0.0484915831053608,0.2,0.63172972972973,0.624580601973926,0.777359238267607,0.925247846044257,0.857299525735284,0.363907711411615,0.363931688402614
