"","intercept class1","intercept class2","age.centered class1","age.centered class2","varcov 1","varcov 2","varcov 3","stderr","bic.select","icl.select","ARI","MCR","RI","JI","FMI","mean.pprob.misc","mean.pprob.correct","btr.est.hm1","btr.est.best"
"1",6.32757408499023,5.92594972321985,-0.483116290215085,-1.73338669758708,4.92617060004993,0.164662961171438,0.00550692437741733,3.1925760191519,1,2,0.129454693155729,0.184,0.699411411411411,0.685377813167931,0.823374850551326,0.825331679816678,0.910202205665882,0.339609352255178,0.340865106574855
