"","intercept class1","intercept class2","age.centered class1","age.centered class2","varcov 1","varcov 2","varcov 3","stderr","bic.select","icl.select","ARI","MCR","RI","JI","FMI","mean.pprob.misc","mean.pprob.correct","btr.est.hm1","btr.est.best"
"1",5.97785609449072,7.76480065602176,-0.509872183560532,-1.6583681531913,4.86570878493805,0.776346559257343,0.12389577420619,3.12486885775525,1,2,0.192448667406999,0.18,0.704504504504505,0.680250946682495,0.81605863086197,0.829313120528197,0.948953896116334,0.36558794328977,0.3656567425877
