"","intercept class1","intercept class2","age.centered class1","age.centered class2","varcov 1","varcov 2","varcov 3","stderr","bic.select","icl.select","ARI","MCR","RI","JI","FMI","mean.pprob.misc","mean.pprob.correct","btr.est.hm1","btr.est.best"
"1",7.31948500524834,4.83665077064243,-0.353537984457518,-1.23136963305121,3.99303210117843,-0.182924699999812,0.0304021758949919,3.2342073378402,1,2,0.0220311370906742,0.287,0.542760760760761,0.470557281283323,0.641561148673868,0.653699166216268,0.744462787818496,0.353511674454852,0.353848391961972
