"","intercept class1","intercept class2","age.centered class1","age.centered class2","varcov 1","varcov 2","varcov 3","stderr","bic.select","icl.select","ARI","MCR","RI","JI","FMI","mean.pprob.misc","mean.pprob.correct","btr.est.hm1","btr.est.best"
"1",8.65010291312029,5.61565121533508,-0.834588112301691,-0.630045463050122,3.70798599528193,0.625915186553146,0.140608218890681,3.19253032403059,1,2,0.220247047487304,0.189,0.693135135135135,0.655747756326754,0.794568525322502,0.763598608454905,0.893974999716643,0.338487355150371,0.338765870893642
