"","intercept class1","intercept class2","age.centered class1","age.centered class2","varcov 1","varcov 2","varcov 3","stderr","bic.select","icl.select","ARI","MCR","RI","JI","FMI","mean.pprob.misc","mean.pprob.correct","btr.est.hm1","btr.est.best"
"1",8.91044462164893,6.06895522846998,-1.56717189857798,-0.682906861920253,4.86311518001937,0.396048857478492,0.205341112811484,3.15769834933026,1,2,0.028118469839032,0.196,0.684516516516517,0.681847731723567,0.82505934662665,0.949497388272015,0.987734176136011,0.35880229699782,0.358760040807894
