"","intercept class1","intercept class2","age.centered class1","age.centered class2","varcov 1","varcov 2","varcov 3","stderr","bic.select","icl.select","ARI","MCR","RI","JI","FMI","mean.pprob.misc","mean.pprob.correct","btr.est.hm1","btr.est.best"
"1",8.11170130587696,5.25156671857053,-0.982467056222894,-0.565028239720806,3.46648183169395,0.679553168370522,0.162487035943016,3.16686786381094,1,2,0.162894714436073,0.276,0.599951951951952,0.512505489143694,0.680782992690699,0.679748284915596,0.822679235773044,0.360979335415484,0.360255440591784
