"","intercept class1","intercept class2","age.centered class1","age.centered class2","varcov 1","varcov 2","varcov 3","stderr","bic.select","icl.select","ARI","MCR","RI","JI","FMI","mean.pprob.misc","mean.pprob.correct","btr.est.hm1","btr.est.best"
"1",6.05741008967374,7.92923022028179,-0.6102251310574,-1.61130220595806,4.476089733088,0.489705446098888,0.0830340652420447,3.17846698541704,1,2,0.177436288850688,0.172,0.714882882882883,0.698545816311411,0.832430999605011,0.846969928657462,0.951925409877763,0.332874022927383,0.333346833218367
