"","intercept class1","intercept class2","age.centered class1","age.centered class2","varcov 1","varcov 2","varcov 3","stderr","bic.select","icl.select","ARI","MCR","RI","JI","FMI","mean.pprob.misc","mean.pprob.correct","btr.est.hm1","btr.est.best"
"1",5.86772534739099,7.61382722169973,-0.554841848722669,-1.60233906965271,4.70949485013821,0.837189987556324,0.148824589887794,3.28871681411607,1,2,0.294195971896956,0.162,0.728216216216216,0.693122171536559,0.822349570109805,0.754756948326198,0.887160224926818,0.342940875451656,0.343174784710462
