"","intercept class1","intercept class2","age.centered class1","age.centered class2","varcov 1","varcov 2","varcov 3","stderr","bic.select","icl.select","ARI","MCR","RI","JI","FMI","mean.pprob.misc","mean.pprob.correct","btr.est.hm1","btr.est.best"
"1",6.95547218872279,6.01786745543197,-1.42487896639503,-0.450879636767625,5.13734243321871,0.807983551381805,0.127076967356493,3.10539567476561,1,2,0.240787062785092,0.191,0.690652652652653,0.645761118752866,0.78591034277033,0.667427723122189,0.807341441661099,0.368890866391524,0.369799231445168
