"","intercept class1","intercept class2","age.centered class1","age.centered class2","varcov 1","varcov 2","varcov 3","stderr","bic.select","icl.select","ARI","MCR","RI","JI","FMI","mean.pprob.misc","mean.pprob.correct","btr.est.hm1","btr.est.best"
"1",0.550574870257457,6.3365725244665,-2.18681944867428,-0.72665320038882,5.32659410969074,0.417927979699576,0.306337228374415,3.10949105473841,1,2,-0.00149664190971508,0.2,0.67848048048048,0.678351692369317,0.823310345450341,0.999465088666628,0.999103091164029,0.382820610370824,0.383018593216614
