"","intercept class1","intercept class2","age.centered class1","age.centered class2","varcov 1","varcov 2","varcov 3","stderr","bic.select","icl.select","ARI","MCR","RI","JI","FMI","mean.pprob.misc","mean.pprob.correct","btr.est.hm1","btr.est.best"
"1",6.15657593205805,8.14195901975526,-0.50990287761196,-1.61770648056525,4.45585284667802,0.793916531556009,0.153995992573194,3.18093531370491,1,2,0.156133571075297,0.182,0.70194994994995,0.683975461164533,0.820900191941741,0.835820035736851,0.95908517551389,0.333939293582729,0.335237036438996
