"","intercept class1","intercept class2","age.centered class1","age.centered class2","varcov 1","varcov 2","varcov 3","stderr","bic.select","icl.select","ARI","MCR","RI","JI","FMI","mean.pprob.misc","mean.pprob.correct","btr.est.hm1","btr.est.best"
"1",7.25898915451039,4.79319904200698,-0.309671587562688,-1.60604608074527,3.91802870988353,-0.0959108288900448,0.00239258772347349,3.15279283230518,1,2,0.0639573597736207,0.227,0.582,0.521297230374175,0.685518882950734,0.720473557420621,0.816374277872572,0.364992624706731,0.365169181613673
