"","intercept class1","intercept class2","age.centered class1","age.centered class2","varcov 1","varcov 2","varcov 3","stderr","bic.select","icl.select","ARI","MCR","RI","JI","FMI","mean.pprob.misc","mean.pprob.correct","btr.est.hm1","btr.est.best"
"1",7.14264930171172,4.1392945603542,-0.727483626322098,-0.896568647279231,3.51818973607064,0.220636496856433,0.180089700861843,3.20784387442533,1,2,-0.074820345420781,0.208,0.528328328328328,0.482120404807751,0.650598017025489,0.643408305704788,0.809033661981504,0.355160529168686,0.355156302484363
