"","intercept class1","intercept class2","age.centered class1","age.centered class2","varcov 1","varcov 2","varcov 3","stderr","bic.select","icl.select","ARI","MCR","RI","JI","FMI","mean.pprob.misc","mean.pprob.correct","btr.est.hm1","btr.est.best"
"1",8.05266494922783,6.33341685378881,-2.11617245189804,-0.524677830983269,4.81681156800219,0.546173610872117,0.0619301785989031,3.14760103178518,2,2,0.228918897456163,0.165,0.724174174174174,0.702043685121107,0.832824365691622,0.898751093890145,0.975789749097373,0.36097752484441,0.362335268472103
