"","intercept class1","intercept class2","age.centered class1","age.centered class2","varcov 1","varcov 2","varcov 3","stderr","bic.select","icl.select","ARI","MCR","RI","JI","FMI","mean.pprob.misc","mean.pprob.correct","btr.est.hm1","btr.est.best"
"1",4.91831077524713,7.67478942612599,-0.95999213016772,-0.34166758805556,2.37349436239641,-0.0991937601511318,0.127953493058225,3.21528877693117,1,2,-0.00155084885694143,0.474,0.499531531531532,0.404558988161875,0.582790698711179,0.705810515768713,0.715238054032674,0.308100915381601,0.308188174908347
