"","intercept class1","intercept class2","age.centered class1","age.centered class2","varcov 1","varcov 2","varcov 3","stderr","bic.select","icl.select","ARI","MCR","RI","JI","FMI","mean.pprob.misc","mean.pprob.correct","btr.est.hm1","btr.est.best"
"1",6.06464488498484,6.59357059842916,-0.353258937703426,-1.38497280054427,5.62772521030121,0.583760790397673,0.0605619359573748,3.12057384275393,1,2,0.229529302823454,0.218,0.658706706706707,0.593620977353993,0.745087927293657,0.651279582808325,0.743862876795869,0.382640125833087,0.384141875509581
