"","intercept class1","intercept class2","age.centered class1","age.centered class2","varcov 1","varcov 2","varcov 3","stderr","bic.select","icl.select","ARI","MCR","RI","JI","FMI","mean.pprob.misc","mean.pprob.correct","btr.est.hm1","btr.est.best"
"1",4.32824416455924,7.36010407731932,-0.887068003277915,-0.601502281370857,2.67575605171951,0.0578728911803349,0.217282111093809,3.13241671638633,1,2,-0.0597544160289478,0.266,0.51167967967968,0.450436647770798,0.622037802030199,0.687388093981418,0.803683961312382,0.346611342635721,0.34647271433834
