"","intercept class1","intercept class2","age.centered class1","age.centered class2","varcov 1","varcov 2","varcov 3","stderr","bic.select","icl.select","ARI","MCR","RI","JI","FMI","mean.pprob.misc","mean.pprob.correct","btr.est.hm1","btr.est.best"
"1",8.48708267685386,5.54971237321357,-1.03263982019736,-0.540769869081957,2.68347342623709,0.708541956219274,0.328681162504238,3.11832487320738,1,2,0.187033502246326,0.211,0.64222022022022,0.580112119845119,0.734301110818697,0.719687070766837,0.885414220220552,0.343257056974951,0.343194995581843
