"","intercept class1","intercept class2","age.centered class1","age.centered class2","varcov 1","varcov 2","varcov 3","stderr","bic.select","icl.select","ARI","MCR","RI","JI","FMI","mean.pprob.misc","mean.pprob.correct","btr.est.hm1","btr.est.best"
"1",5.85691004130548,8.85398484850057,-0.617210379242087,-1.33903363671521,4.50173919159605,0.896946408037791,0.222723956886963,3.18889770885319,1,2,0.222178088546051,0.176,0.709661661661662,0.681414373962022,0.815739107215634,0.831854201250543,0.951034245400454,0.370630996607539,0.370369389041281
