"","intercept class1","intercept class2","age.centered class1","age.centered class2","varcov 1","varcov 2","varcov 3","stderr","bic.select","icl.select","ARI","MCR","RI","JI","FMI","mean.pprob.misc","mean.pprob.correct","btr.est.hm1","btr.est.best"
"1",7.72338618374954,6.09264865700854,-1.92003126668579,-0.607835873993834,4.67198608284827,0.648177777156736,0.0899263018660721,3.24528819506991,1,2,0.147099305214393,0.177,0.708366366366366,0.694812241785316,0.830718352283371,0.894826611877668,0.971838673665569,0.322542384401421,0.324575198899875
