"","intercept class1","intercept class2","age.centered class1","age.centered class2","varcov 1","varcov 2","varcov 3","stderr","bic.select","icl.select","ARI","MCR","RI","JI","FMI","mean.pprob.misc","mean.pprob.correct","btr.est.hm1","btr.est.best"
"1",6.9640024353909,3.05333442504866,-0.586676201090504,-1.47609577310825,3.91627662287707,0.0303314083047193,0.124660513708312,3.09960798085505,1,2,-0.0372622739454767,0.2,0.605405405405405,0.586169538214755,0.742915897630857,0.957579798674875,0.913489110848721,0.389700738946552,0.390289927168622
