"","intercept class1","intercept class2","age.centered class1","age.centered class2","varcov 1","varcov 2","varcov 3","stderr","bic.select","icl.select","ARI","MCR","RI","JI","FMI","mean.pprob.misc","mean.pprob.correct","btr.est.hm1","btr.est.best"
"1",5.57952853432902,8.03431844362714,-0.522496708543006,-1.12150204595286,4.52603175987918,0.73630533138334,0.275366307804289,3.11660461108925,1,2,0.292405651693667,0.19,0.691891891891892,0.630447832873094,0.773343151693667,0.658746771640967,0.815034483283678,0.397129656719295,0.397347405217151
