"","intercept class1","intercept class2","age.centered class1","age.centered class2","varcov 1","varcov 2","varcov 3","stderr","bic.select","icl.select","ARI","MCR","RI","JI","FMI","mean.pprob.misc","mean.pprob.correct","btr.est.hm1","btr.est.best"
"1",7.17750478905639,4.53851612542013,-0.33227932646662,-1.42070003352492,4.20393627434171,0.0081818531331057,0.000110403858592528,3.12722208453646,1,2,0.033593593520139,0.201,0.578780780780781,0.526554905490549,0.689860690699168,0.697695191990628,0.819510967720677,0.377106149901563,0.376997800463141
