"","intercept class1","intercept class2","age.centered class1","age.centered class2","varcov 1","varcov 2","varcov 3","stderr","bic.select","icl.select","ARI","MCR","RI","JI","FMI","mean.pprob.misc","mean.pprob.correct","btr.est.hm1","btr.est.best"
"1",8.34639489744575,6.04755860388654,-1.42996440488895,-0.516961419407291,4.91756363961107,0.764798882413996,0.118945695788628,3.15186143515244,1,2,0.280688472514472,0.164,0.725517517517517,0.692226188071026,0.822186352222672,0.792153986498367,0.909146272062968,0.364938860777785,0.369354373037202
