"","intercept class1","intercept class2","age.centered class1","age.centered class2","varcov 1","varcov 2","varcov 3","stderr","bic.select","icl.select","ARI","MCR","RI","JI","FMI","mean.pprob.misc","mean.pprob.correct","btr.est.hm1","btr.est.best"
"1",6.08363444332907,7.43365531638227,-0.392368240066031,-1.46663990689846,4.95379997645547,0.892081543077725,0.187676879325876,3.11178692321862,1,2,0.295243719648179,0.173,0.713571571571572,0.668199612241301,0.80236424427323,0.687525126445822,0.868506617063762,0.377920421562604,0.377983053439953
