"","intercept class1","intercept class2","age.centered class1","age.centered class2","varcov 1","varcov 2","varcov 3","stderr","bic.select","icl.select","ARI","MCR","RI","JI","FMI","mean.pprob.misc","mean.pprob.correct","btr.est.hm1","btr.est.best"
"1",6.21772888490436,14.8101024500444,-0.719309015549272,3.23741429951275,5.52012727666907,0.365941014728949,0.226014283412267,3.04022031214513,1,2,0.00446300034173615,0.2,0.67967967967968,0.679038399043534,0.823650679890803,0.999999333214474,0.999998433815662,0.392638371543571,0.393511663399999
