"","intercept class1","intercept class2","age.centered class1","age.centered class2","varcov 1","varcov 2","varcov 3","stderr","bic.select","icl.select","ARI","MCR","RI","JI","FMI","mean.pprob.misc","mean.pprob.correct","btr.est.hm1","btr.est.best"
"1",5.92979238310744,8.17805103022857,-0.558104003148743,-1.44366688378127,4.67462706019725,0.890114388213807,0.169491136898487,3.15146470962637,1,2,0.277343509539928,0.169,0.718840840840841,0.682224444726029,0.814162997899259,0.739656267205865,0.92129204673136,0.36192451551612,0.363720821451065
