"","intercept class1","intercept class2","age.centered class1","age.centered class2","varcov 1","varcov 2","varcov 3","stderr","bic.select","icl.select","ARI","MCR","RI","JI","FMI","mean.pprob.misc","mean.pprob.correct","btr.est.hm1","btr.est.best"
"1",5.97612174964439,7.34341319612325,-0.427756930014375,-1.5241704543538,5.13080074707277,0.684285316938693,0.0912621930907851,3.159898519991,1,2,0.270766467657373,0.178,0.707075075075075,0.664495950544361,0.80010676784894,0.694972590915983,0.875766959292507,0.365653653352596,0.369266682425775
