"","intercept class1","intercept class2","age.centered class1","age.centered class2","varcov 1","varcov 2","varcov 3","stderr","bic.select","icl.select","ARI","MCR","RI","JI","FMI","mean.pprob.misc","mean.pprob.correct","btr.est.hm1","btr.est.best"
"1",7.06752894273879,3.86824400255971,-0.453559084878001,-1.36769115329319,3.65793284823107,0.119435529629659,0.247022553529215,3.0547102066825,1,2,-0.0132352502396932,0.2,0.611003003003003,0.588734564634864,0.744531923322194,0.901439113801542,0.885243670747473,0.382106769147077,0.38214819272968
