"","intercept class1","intercept class2","age.centered class1","age.centered class2","varcov 1","varcov 2","varcov 3","stderr","bic.select","icl.select","ARI","MCR","RI","JI","FMI","mean.pprob.misc","mean.pprob.correct","btr.est.hm1","btr.est.best"
"1",7.82561077424232,5.98129223781164,-1.40967251280906,-0.457692683776063,4.12068154913932,0.574001670477509,0.0799578653498939,3.15632525461494,1,2,0.383172564043015,0.149,0.746148148148148,0.697737783075089,0.822856374477723,0.686879774841866,0.859449692469303,0.338643943670518,0.341094421150828
