"","intercept class1","intercept class2","age.centered class1","age.centered class2","varcov 1","varcov 2","varcov 3","stderr","bic.select","icl.select","ARI","MCR","RI","JI","FMI","mean.pprob.misc","mean.pprob.correct","btr.est.hm1","btr.est.best"
"1",8.2780162012091,6.1024554959456,-1.78587478895853,-0.611222471422341,5.53602823718443,0.785247589082153,0.112435459657361,3.18079855197405,1,2,0.126608541232473,0.182,0.70194994994995,0.689445709946849,0.827053657023221,0.895923537235381,0.97358059253,0.371239438052931,0.371656537951066
