"","intercept class1","intercept class2","age.centered class1","age.centered class2","varcov 1","varcov 2","varcov 3","stderr","bic.select","icl.select","ARI","MCR","RI","JI","FMI","mean.pprob.misc","mean.pprob.correct","btr.est.hm1","btr.est.best"
"1",7.57201374665401,6.02846662647935,-1.57466651534698,-0.52824664860734,4.41036902318581,0.593869242778607,0.0799662781114763,1.39190939889841,2,2,0.315120964828553,0.147,0.748966966966967,0.721400385712635,0.844631858030414,0.802745441969803,0.954863822256772,0.701875446183152,0.703555438519623
