"","intercept class1","intercept class2","age.centered class1","age.centered class2","varcov 1","varcov 2","varcov 3","stderr","bic.select","icl.select","ARI","MCR","RI","JI","FMI","mean.pprob.misc","mean.pprob.correct","btr.est.hm1","btr.est.best"
"1",6.02990956082293,7.5951819937183,-0.462299056398378,-1.47361895617066,4.05744369676569,0.519555260719316,0.0769590929491554,1.39847655893218,2,2,0.434884550512487,0.132,0.770618618618619,0.725441518295751,0.8422458320349,0.714951510488886,0.914189812018781,0.700029785235707,0.70131489928059
