"","intercept class1","intercept class2","age.centered class1","age.centered class2","varcov 1","varcov 2","varcov 3","stderr","bic.select","icl.select","ARI","MCR","RI","JI","FMI","mean.pprob.misc","mean.pprob.correct","btr.est.hm1","btr.est.best"
"1",5.88597613315418,7.49367485136337,-0.472802886089424,-1.5606279814305,4.86132786300285,0.775478639679726,0.123704291888779,1.41007281135661,2,2,0.386168560921838,0.149,0.746148148148148,0.696728565141687,0.822016624262092,0.685053364584483,0.929462733389586,0.727710489029598,0.729687360106954
