"","intercept class1","intercept class2","age.centered class1","age.centered class2","varcov 1","varcov 2","varcov 3","stderr","bic.select","icl.select","ARI","MCR","RI","JI","FMI","mean.pprob.misc","mean.pprob.correct","btr.est.hm1","btr.est.best"
"1",7.36321283217856,6.10524784383349,-1.49358882721281,-0.415402634284786,4.75813276693829,0.741044259162791,0.115428897833817,1.42909373484856,2,2,0.387276557804961,0.144,0.753225225225225,0.709176017591378,0.831481700760369,0.693851593476449,0.906793803649865,0.712967397656677,0.712341542735818
