"","intercept class1","intercept class2","age.centered class1","age.centered class2","varcov 1","varcov 2","varcov 3","stderr","bic.select","icl.select","ARI","MCR","RI","JI","FMI","mean.pprob.misc","mean.pprob.correct","btr.est.hm1","btr.est.best"
"1",6.05725592254495,7.00658139349357,-0.483086163157067,-1.69450032533027,4.74593904367669,0.805993213107259,0.136880208159743,1.38141391097296,2,2,0.351465382578518,0.151,0.743345345345345,0.702678695672341,0.827719905250424,0.707341068313976,0.924795614537344,0.719172647019847,0.721954290205116
