"","intercept class1","intercept class2","age.centered class1","age.centered class2","varcov 1","varcov 2","varcov 3","stderr","bic.select","icl.select","ARI","MCR","RI","JI","FMI","mean.pprob.misc","mean.pprob.correct","btr.est.hm1","btr.est.best"
"1",7.90335116442904,6.07681516349199,-1.45253374415151,-0.508900418036535,4.24302365706298,0.606642597710774,0.089526569426666,1.41757684640802,2,2,0.342448368977353,0.148,0.747555555555556,0.712339454773583,0.83581905872748,0.775690857891292,0.944288254589913,0.705632492821959,0.705168443193722
