"","intercept class1","intercept class2","age.centered class1","age.centered class2","varcov 1","varcov 2","varcov 3","stderr","bic.select","icl.select","ARI","MCR","RI","JI","FMI","mean.pprob.misc","mean.pprob.correct","btr.est.hm1","btr.est.best"
"1",7.72261240050166,5.9307172574838,-1.2518831298092,-0.487046571450506,4.43098563594192,0.740941265293918,0.123900357856001,1.41570353483096,2,2,0.41722428475644,0.135,0.766216216216216,0.723090384816034,0.84110449399223,0.695528200860479,0.912513056972919,0.706091994019859,0.705703252107698
