"","intercept class1","intercept class2","age.centered class1","age.centered class2","varcov 1","varcov 2","varcov 3","stderr","bic.select","icl.select","ARI","MCR","RI","JI","FMI","mean.pprob.misc","mean.pprob.correct","btr.est.hm1","btr.est.best"
"1",7.89688202901244,5.86967767355513,-1.39942361857149,-0.533691175346504,4.06527366879623,0.554398069280766,0.0788251422119069,1.42983279067134,2,2,0.449683373746157,0.126,0.779531531531532,0.737019825482264,0.850486289324639,0.733128409032857,0.931636210474903,0.70306450763589,0.703067132629911
