"","intercept class1","intercept class2","age.centered class1","age.centered class2","varcov 1","varcov 2","varcov 3","stderr","bic.select","icl.select","ARI","MCR","RI","JI","FMI","mean.pprob.misc","mean.pprob.correct","btr.est.hm1","btr.est.best"
"1",7.46874110706462,5.7509281611534,-1.43502318064638,-0.54954206115721,4.11998751383128,0.621412869260192,0.0937277521556537,1.34034712215163,2,2,0.410659251649611,0.14,0.758958958958959,0.712008572768066,0.832879333499455,0.69877165320896,0.923145501359554,0.721527603451315,0.721999170858391
