"","intercept class1","intercept class2","age.centered class1","age.centered class2","varcov 1","varcov 2","varcov 3","stderr","bic.select","icl.select","ARI","MCR","RI","JI","FMI","mean.pprob.misc","mean.pprob.correct","btr.est.hm1","btr.est.best"
"1",6.00793761828184,7.54150367531329,-0.480708456536569,-1.48740478305773,4.20555034561974,0.630489659904627,0.109506110991617,1.40258957267374,2,2,0.369517778329,0.15,0.744744744744745,0.699645228010497,0.824715634598819,0.725855666885338,0.923579695511072,0.709082564924462,0.708524207120504
