"","intercept class1","intercept class2","age.centered class1","age.centered class2","varcov 1","varcov 2","varcov 3","stderr","bic.select","icl.select","ARI","MCR","RI","JI","FMI","mean.pprob.misc","mean.pprob.correct","btr.est.hm1","btr.est.best"
"1",6.21929779161548,7.44942861713537,-0.466322660604582,-1.40037182527933,4.82257397471704,0.682477804069934,0.0981766451437093,1.39486618608593,2,2,0.272168056924754,0.156,0.736408408408408,0.711423899845262,0.838545501026356,0.764267635092033,0.922372979828344,0.71545368450754,0.715010962752883
