"","intercept class1","intercept class2","age.centered class1","age.centered class2","varcov 1","varcov 2","varcov 3","stderr","bic.select","icl.select","ARI","MCR","RI","JI","FMI","mean.pprob.misc","mean.pprob.correct","btr.est.hm1","btr.est.best"
"1",7.95094781366619,5.66564684733312,-1.25247730148623,-0.572454131051845,3.91572172333042,0.68320669328914,0.154906701086365,1.42098409260934,2,2,0.400879709406095,0.143,0.754652652652653,0.707367450834312,0.829659679219517,0.733388989734122,0.935657378937211,0.698013306752979,0.699428936488331
