"","intercept class1","intercept class2","age.centered class1","age.centered class2","varcov 1","varcov 2","varcov 3","stderr","bic.select","icl.select","ARI","MCR","RI","JI","FMI","mean.pprob.misc","mean.pprob.correct","btr.est.hm1","btr.est.best"
"1",5.95378381298668,7.81527439160346,-0.523876579361385,-1.51035083063136,4.38777460020974,0.665363460033502,0.100895916897273,1.4289874450167,2,2,0.411226176970381,0.136,0.764756756756757,0.722337484345093,0.84075811941382,0.718682960777896,0.946006008241141,0.712898551264922,0.713179807245169
