"","intercept class1","intercept class2","age.centered class1","age.centered class2","varcov 1","varcov 2","varcov 3","stderr","bic.select","icl.select","ARI","MCR","RI","JI","FMI","mean.pprob.misc","mean.pprob.correct","btr.est.hm1","btr.est.best"
"1",5.86516733200313,7.49487971449017,-0.502310157528087,-1.58306670120557,4.46817064249978,0.68581193455457,0.105288559547023,1.39202721196261,2,2,0.355892579736881,0.15,0.744744744744745,0.703798350563364,0.828434310026349,0.752695815709964,0.925679110132702,0.715533563608998,0.717046420835883
