"","intercept class1","intercept class2","age.centered class1","age.centered class2","varcov 1","varcov 2","varcov 3","stderr","bic.select","icl.select","ARI","MCR","RI","JI","FMI","mean.pprob.misc","mean.pprob.correct","btr.est.hm1","btr.est.best"
"1",6.19843914057963,7.22849714853607,-0.470255037569352,-1.53011734391565,4.53117552507842,0.5453375870414,0.0656326559300807,1.37766135352439,2,2,0.323202056506535,0.153,0.740558558558559,0.705809307604994,0.831405252753028,0.758588955342691,0.909317628452227,0.706679767536537,0.710919624758441
