"","intercept class1","intercept class2","age.centered class1","age.centered class2","varcov 1","varcov 2","varcov 3","stderr","bic.select","icl.select","ARI","MCR","RI","JI","FMI","mean.pprob.misc","mean.pprob.correct","btr.est.hm1","btr.est.best"
"1",7.22352159383101,6.17220692735066,-1.6792556638149,-0.507386836150856,4.57349996315236,0.582417006105974,0.084986580849736,1.41650020631023,2,2,0.367234766512563,0.139,0.760402402402402,0.727258432087511,0.84669843758283,0.78623632636804,0.930594497940656,0.704867009119933,0.705498624582432
