"","intercept class1","intercept class2","age.centered class1","age.centered class2","varcov 1","varcov 2","varcov 3","stderr","bic.select","icl.select","ARI","MCR","RI","JI","FMI","mean.pprob.misc","mean.pprob.correct","btr.est.hm1","btr.est.best"
"1",7.41875641055452,5.8552313813666,-1.56876713022108,-0.504103929023462,4.18477384253824,0.596558111499386,0.0850420785309086,1.40058830181963,2,2,0.483103131014941,0.12,0.788588588588589,0.742857977733839,0.853584639638832,0.73846760144065,0.932900355150102,0.706019633349374,0.707494444030479
