"","intercept class1","intercept class2","age.centered class1","age.centered class2","varcov 1","varcov 2","varcov 3","stderr","bic.select","icl.select","ARI","MCR","RI","JI","FMI","mean.pprob.misc","mean.pprob.correct","btr.est.hm1","btr.est.best"
"1",5.89024648204562,7.71901798958089,-0.500493847833327,-1.44921867118753,4.28194029303347,0.633070596521562,0.0935976409367258,1.42392561906187,2,2,0.399839488799477,0.145,0.751801801801802,0.702478089332169,0.826001064877454,0.73095986713038,0.914260880695492,0.70769036384016,0.709301227039436
