"","intercept class1","intercept class2","age.centered class1","age.centered class2","varcov 1","varcov 2","varcov 3","stderr","bic.select","icl.select","ARI","MCR","RI","JI","FMI","mean.pprob.misc","mean.pprob.correct","btr.est.hm1","btr.est.best"
"1",5.96897673568411,7.53194084826622,-0.491934034026989,-1.52810770959581,4.32341272002112,0.605478883785145,0.0950712177455068,1.36731563045528,2,2,0.421803437189494,0.135,0.766216216216216,0.721632896305125,0.83981762092223,0.756446657640409,0.899148700350094,0.722259648479645,0.722576472413066
