"","intercept class1","intercept class2","age.centered class1","age.centered class2","varcov 1","varcov 2","varcov 3","stderr","bic.select","icl.select","ARI","MCR","RI","JI","FMI","mean.pprob.misc","mean.pprob.correct","btr.est.hm1","btr.est.best"
"1",7.28042728831511,6.11137983266064,-1.62825941738845,-0.504538992528001,4.79392402085147,0.566547713554537,0.066954818427362,1.40791214022278,2,2,0.370072384745187,0.138,0.76184984984985,0.728936994417227,0.847915896091327,0.774303383121257,0.936039275305682,0.71748388718285,0.718324504423758
