"","intercept class1","intercept class2","age.centered class1","age.centered class2","varcov 1","varcov 2","varcov 3","stderr","bic.select","icl.select","ARI","MCR","RI","JI","FMI","mean.pprob.misc","mean.pprob.correct","btr.est.hm1","btr.est.best"
"1",7.55330897401358,6.03934566225531,-1.54418185868234,-0.532191647872958,4.70820327448626,0.569016860915742,0.0687697954532051,1.43288281657748,2,2,0.351308488403779,0.144,0.753225225225225,0.719449021767828,0.841156361230716,0.728160153978102,0.924741054545671,0.713938716613385,0.71337383926863
