"","intercept class1","intercept class2","age.centered class1","age.centered class2","varcov 1","varcov 2","varcov 3","stderr","bic.select","icl.select","ARI","MCR","RI","JI","FMI","mean.pprob.misc","mean.pprob.correct","btr.est.hm1","btr.est.best"
"1",6.11189126780887,7.03848106504846,-0.455685875495353,-1.7145585128161,4.61282899001312,0.571978723656895,0.070923957353819,1.41761389980221,2,2,0.375780304339643,0.142,0.756084084084084,0.717624482000983,0.83855025748845,0.729848974135485,0.920288659552028,0.709598277431227,0.710775038803533
