"","intercept class1","intercept class2","age.centered class1","age.centered class2","varcov 1","varcov 2","varcov 3","stderr","bic.select","icl.select","ARI","MCR","RI","JI","FMI","mean.pprob.misc","mean.pprob.correct","btr.est.hm1","btr.est.best"
"1",7.47143053432325,5.98850476135462,-1.44919437532707,-0.51904937552207,4.42489494536176,0.589822764692614,0.0805459922611195,1.44433141581945,2,2,0.445176696163994,0.128,0.776544544544545,0.732988852208028,0.847592384855214,0.70995234937022,0.891549626421313,0.702244281429424,0.701448878083608
