"","intercept class1","intercept class2","age.centered class1","age.centered class2","varcov 1","varcov 2","varcov 3","stderr","bic.select","icl.select","ARI","MCR","RI","JI","FMI","mean.pprob.misc","mean.pprob.correct","btr.est.hm1","btr.est.best"
"1",7.10232950275922,6.11393767383702,-1.65306513540521,-0.406103150706108,4.71752744819276,0.79513806992971,0.139588245186147,1.40263786394728,2,2,0.342234011706313,0.151,0.743345345345345,0.70531675248253,0.830184780491051,0.766711612280915,0.925212528333758,0.714655975006565,0.715213786568899
