"","intercept class1","intercept class2","age.centered class1","age.centered class2","varcov 1","varcov 2","varcov 3","stderr","bic.select","icl.select","ARI","MCR","RI","JI","FMI","mean.pprob.misc","mean.pprob.correct","btr.est.hm1","btr.est.best"
"1",5.09379656661921,8.06300540908576,-0.855140872793357,-0.541783111770001,2.51428516434275,0.153664167813827,0.241741111327437,1.39843004931529,3,2,0.0775797430180559,0.356,0.541013013013013,0.442087742010844,0.619744203015552,0.754876061514572,0.830436852235955,0.709181625606024,0.709017629725013
