"","intercept class1","intercept class2","age.centered class1","age.centered class2","varcov 1","varcov 2","varcov 3","stderr","bic.select","icl.select","ARI","MCR","RI","JI","FMI","mean.pprob.misc","mean.pprob.correct","btr.est.hm1","btr.est.best"
"1",5.96774365383226,7.67306214150416,-0.516449877641943,-1.58262100856306,4.13017597969603,0.537133652908701,0.0698547864684623,1.40953206212982,2,2,0.430207000447274,0.13,0.773573573573574,0.732302623481628,0.847683140352663,0.741388318861084,0.93339760076779,0.704488741738908,0.705742613247457
