"","intercept class1","intercept class2","age.centered class1","age.centered class2","varcov 1","varcov 2","varcov 3","stderr","bic.select","icl.select","ARI","MCR","RI","JI","FMI","mean.pprob.misc","mean.pprob.correct","btr.est.hm1","btr.est.best"
"1",8.0127401615437,5.88514498765728,-1.45938854621606,-0.547592135751713,4.36109538580274,0.601695501208578,0.0830153417356097,1.38913666903763,2,2,0.407675230814385,0.14,0.758958958958959,0.712991656734207,0.833718870546983,0.746764203468781,0.940379105426322,0.726531631053364,0.727866192299475
