"","intercept class1","intercept class2","age.centered class1","age.centered class2","varcov 1","varcov 2","varcov 3","stderr","bic.select","icl.select","ARI","MCR","RI","JI","FMI","mean.pprob.misc","mean.pprob.correct","btr.est.hm1","btr.est.best"
"1",6.08324718129222,7.66997625785892,-0.484711037121423,-1.58759112881297,4.64031149517389,0.681348353506667,0.118683667492768,1.41563313893252,2,2,0.327252472409896,0.153,0.740558558558559,0.704734151142868,0.830355757044578,0.775950137607314,0.950514130164533,0.708768198410283,0.711453116958418
