"","intercept class1","intercept class2","age.centered class1","age.centered class2","varcov 1","varcov 2","varcov 3","stderr","bic.select","icl.select","ARI","MCR","RI","JI","FMI","mean.pprob.misc","mean.pprob.correct","btr.est.hm1","btr.est.best"
"1",7.26615592849145,6.16579534428768,-1.56801276920327,-0.485431528831007,4.33761492933304,0.471977270750254,0.0513559993247733,1.41446033692453,2,2,0.256915506561806,0.159,0.732294294294294,0.708419101613607,0.836801078839324,0.821721912025117,0.938998069043803,0.695362493330898,0.694980583349176
