"","intercept class1","intercept class2","age.centered class1","age.centered class2","varcov 1","varcov 2","varcov 3","stderr","bic.select","icl.select","ARI","MCR","RI","JI","FMI","mean.pprob.misc","mean.pprob.correct","btr.est.hm1","btr.est.best"
"1",7.13038876508042,6.0183837102433,-1.6772892312935,-0.463854539736334,4.52041985053752,0.719932423356979,0.14224548831005,1.3962276788966,2,2,0.390329198617386,0.133,0.769147147147147,0.735898363779614,0.852493071554524,0.783776514363518,0.938779955842498,0.714537198747192,0.713773901967463
