"","intercept class1","intercept class2","age.centered class1","age.centered class2","varcov 1","varcov 2","varcov 3","stderr","bic.select","icl.select","ARI","MCR","RI","JI","FMI","mean.pprob.misc","mean.pprob.correct","btr.est.hm1","btr.est.best"
"1",7.42749127798557,6.12902778882173,-1.59184001011886,-0.43951400451155,4.56237577763571,0.477237441584933,0.0499203899853559,1.38610393193963,2,2,0.406083106941008,0.132,0.770618618618619,0.734156244924476,0.850269928390835,0.751506452859042,0.929233296282959,0.725223679404939,0.723376831769625
