"","intercept class1","intercept class2","age.centered class1","age.centered class2","varcov 1","varcov 2","varcov 3","stderr","bic.select","icl.select","ARI","MCR","RI","JI","FMI","mean.pprob.misc","mean.pprob.correct","btr.est.hm1","btr.est.best"
"1",6.11611752514687,7.47147382753466,-0.430119329783215,-1.67399269980465,4.39604390374511,0.709271055060974,0.114435942995712,1.40156990461701,2,2,0.360311840703802,0.147,0.748966966966967,0.709796796889465,0.833000983381956,0.735569535252042,0.944959419754958,0.70609886247267,0.709519721987615
