"","intercept class1","intercept class2","age.centered class1","age.centered class2","varcov 1","varcov 2","varcov 3","stderr","bic.select","icl.select","ARI","MCR","RI","JI","FMI","mean.pprob.misc","mean.pprob.correct","btr.est.hm1","btr.est.best"
"1",5.98969586863076,8.08467645399605,-0.517836290163196,-1.39669960668156,4.10565360969787,0.545629201083005,0.0725134267143843,1.39800978532482,2,2,0.34623005005164,0.153,0.740558558558559,0.699405728388647,0.825333109454198,0.78859558349889,0.948542342139348,0.709634824195386,0.710818030821759
