"","intercept class1","intercept class2","age.centered class1","age.centered class2","varcov 1","varcov 2","varcov 3","stderr","bic.select","icl.select","ARI","MCR","RI","JI","FMI","mean.pprob.misc","mean.pprob.correct","btr.est.hm1","btr.est.best"
"1",7.58724136204009,6.02247741956434,-1.55113568977204,-0.521778191601838,4.37661070169224,0.660349545623077,0.0996372583330394,1.4192769423072,2,2,0.429775484996004,0.128,0.776544544544545,0.7377320362799,0.851934260323352,0.745917548810387,0.922124676228721,0.704492395902001,0.705519524749181
