"","intercept class1","intercept class2","age.centered class1","age.centered class2","varcov 1","varcov 2","varcov 3","stderr","bic.select","icl.select","ARI","MCR","RI","JI","FMI","mean.pprob.misc","mean.pprob.correct","btr.est.hm1","btr.est.best"
"1",5.9371214456856,7.47926939454111,-0.46605220493583,-1.49614078650414,4.02549116081571,0.579737729791116,0.0834921360461922,1.42974811132358,2,2,0.343634737809661,0.154,0.739171171171171,0.697775839511557,0.82414247497699,0.755466483137016,0.927552106847051,0.693674644771722,0.692309464975506
