"","intercept class1","intercept class2","age.centered class1","age.centered class2","varcov 1","varcov 2","varcov 3","stderr","bic.select","icl.select","ARI","MCR","RI","JI","FMI","mean.pprob.misc","mean.pprob.correct","btr.est.hm1","btr.est.best"
"1",5.99850665412553,7.42011078691386,-0.559673161804981,-1.50808321678908,4.43473277375584,0.648997828318869,0.109476299426682,1.44069050099917,2,2,0.353518953331634,0.141,0.75751951951952,0.72597759296296,0.846368987428459,0.773188580114381,0.9195447476037,0.694516295548887,0.694349605410048
