"","intercept class1","intercept class2","age.centered class1","age.centered class2","varcov 1","varcov 2","varcov 3","stderr","bic.select","icl.select","ARI","MCR","RI","JI","FMI","mean.pprob.misc","mean.pprob.correct","btr.est.hm1","btr.est.best"
"1",5.98838232730797,7.45871230308165,-0.481340418899409,-1.58078073128883,4.0922308280751,0.726208345825794,0.128874426596153,1.40825209528441,2,2,0.388879103381325,0.144,0.753225225225225,0.708671503864243,0.831037461825328,0.736785622820117,0.935292990805616,0.697413326430011,0.697813149728808
