"","intercept class1","intercept class2","age.centered class1","age.centered class2","varcov 1","varcov 2","varcov 3","stderr","bic.select","icl.select","ARI","MCR","RI","JI","FMI","mean.pprob.misc","mean.pprob.correct","btr.est.hm1","btr.est.best"
"1",6.08756527609064,7.03198521581429,-0.494032574959566,-1.53531634437867,4.62492782392133,0.556079834024095,0.0668623652400474,1.41551347544858,2,2,0.339775933529377,0.149,0.746148148148148,0.710702715035364,0.834619001952976,0.723100320324817,0.891291462007666,0.704808207091223,0.705949415786259
