"","intercept class1","intercept class2","age.centered class1","age.centered class2","varcov 1","varcov 2","varcov 3","stderr","bic.select","icl.select","ARI","MCR","RI","JI","FMI","mean.pprob.misc","mean.pprob.correct","btr.est.hm1","btr.est.best"
"1",7.26194692809719,5.9463442623653,-1.4841260059527,-0.467531506745512,5.09054745967073,0.822000028159289,0.143576848479359,1.38678032341958,2,2,0.343144686407713,0.147,0.748966966966967,0.714506566364911,0.837540258909586,0.728174823818246,0.915945895082888,0.73025826619792,0.730596607411923
