"","intercept class1","intercept class2","age.centered class1","age.centered class2","varcov 1","varcov 2","varcov 3","stderr","bic.select","icl.select","ARI","MCR","RI","JI","FMI","mean.pprob.misc","mean.pprob.correct","btr.est.hm1","btr.est.best"
"1",5.93183934166403,7.70947084137116,-0.495766146686586,-1.4229368805907,4.18915195196991,0.709443948696432,0.146644669012455,1.42125714209481,2,2,0.405425637761931,0.144,0.753225225225225,0.703192872622201,0.826398245295388,0.718730091120154,0.921737390426991,0.709185836864981,0.707872909513171
