"","intercept class1","intercept class2","age.centered class1","age.centered class2","varcov 1","varcov 2","varcov 3","stderr","bic.select","icl.select","ARI","MCR","RI","JI","FMI","mean.pprob.misc","mean.pprob.correct","btr.est.hm1","btr.est.best"
"1",5.96928154761512,7.57475124764985,-0.570477839892518,-1.62629654339911,4.46882311097293,0.618511615336894,0.0856056749991517,1.4383973832162,2,2,0.36041505648796,0.14,0.758958958958959,0.726610929204946,0.846525364517145,0.788849503910022,0.94371862376068,0.705038725470184,0.704087781456249
