"","intercept class1","intercept class2","age.centered class1","age.centered class2","varcov 1","varcov 2","varcov 3","stderr","bic.select","icl.select","ARI","MCR","RI","JI","FMI","mean.pprob.misc","mean.pprob.correct","btr.est.hm1","btr.est.best"
"1",3.07646277453154,6.41214725809554,-1.23291162329289,-0.657533539086733,4.21269178964358,0.347725313452058,0.289965492812914,1.3963229818241,3,2,-0.0143212025403612,0.2,0.667867867867868,0.666532663316583,0.813343364662768,0.988726929924493,0.97505705581207,0.71232233303183,0.712489394424124
