"","intercept class1","intercept class2","age.centered class1","age.centered class2","varcov 1","varcov 2","varcov 3","stderr","bic.select","icl.select","ARI","MCR","RI","JI","FMI","mean.pprob.misc","mean.pprob.correct","btr.est.hm1","btr.est.best"
"1",5.98808813408864,7.62583059228651,-0.525885469666292,-1.48709355121344,4.94483336137103,0.738369726945734,0.120341555146225,1.40597943905504,2,2,0.410218488543163,0.13,0.773573573573574,0.738104721061845,0.853212437975179,0.759459765228963,0.925517305899166,0.730196720974653,0.729846448753463
