"","intercept class1","intercept class2","age.centered class1","age.centered class2","varcov 1","varcov 2","varcov 3","stderr","bic.select","icl.select","ARI","MCR","RI","JI","FMI","mean.pprob.misc","mean.pprob.correct","btr.est.hm1","btr.est.best"
"1",7.53611274305289,6.10106290573242,-1.44947906045534,-0.497047136369439,4.15252126668481,0.568604526903946,0.0778618417098089,1.44224553358027,2,2,0.40151299292346,0.14,0.758958958958959,0.714970218649091,0.835442981602371,0.696912960439699,0.905371775580083,0.691286415749027,0.690903098302919
