"","intercept class1","intercept class2","age.centered class1","age.centered class2","varcov 1","varcov 2","varcov 3","stderr","bic.select","icl.select","ARI","MCR","RI","JI","FMI","mean.pprob.misc","mean.pprob.correct","btr.est.hm1","btr.est.best"
"1",6.00111126040143,7.8216948981153,-0.556314282914656,-1.51146336292108,3.92931518077987,0.567164652992065,0.081865631929689,1.41788021612451,2,2,0.357071350014415,0.139,0.760402402402402,0.7298198482933,0.849333210695874,0.818398750488803,0.957165860567188,0.684190751132342,0.684803238708777
