"","intercept class1","intercept class2","age.centered class1","age.centered class2","varcov 1","varcov 2","varcov 3","stderr","bic.select","icl.select","ARI","MCR","RI","JI","FMI","mean.pprob.misc","mean.pprob.correct","btr.est.hm1","btr.est.best"
"1",5.99769778381935,7.32631164330363,-0.52614525944995,-1.61437705411085,4.78612363873609,0.662489502391577,0.0917010659905204,1.38753446608557,2,2,0.360197704247185,0.145,0.751801801801802,0.714672036823936,0.836889009822779,0.746936892105579,0.927763528279977,0.722682383893811,0.726080865121125
