"","intercept class1","intercept class2","age.centered class1","age.centered class2","varcov 1","varcov 2","varcov 3","stderr","bic.select","icl.select","ARI","MCR","RI","JI","FMI","mean.pprob.misc","mean.pprob.correct","btr.est.hm1","btr.est.best"
"1",6.10703241135015,7.4813431462921,-0.429932966496221,-1.6226581514904,4.20875479328691,0.612465480746527,0.107540221321275,1.38086345386819,2,2,0.332486335874357,0.151,0.743345345345345,0.707974943052392,0.832743459654983,0.772637596270749,0.940845068333376,0.714471814039991,0.713716630940012
