"","intercept class1","intercept class2","age.centered class1","age.centered class2","varcov 1","varcov 2","varcov 3","stderr","bic.select","icl.select","ARI","MCR","RI","JI","FMI","mean.pprob.misc","mean.pprob.correct","btr.est.hm1","btr.est.best"
"1",3.98843749672094,7.04985966308554,-1.16350161921678,-0.514307296017868,3.02110658362835,0.0365316354140613,0.254352764404164,1.37657844855774,3,2,-0.0456434461722324,0.2,0.545147147147147,0.498899426554918,0.665687921152566,0.909643711959088,0.827725788008428,0.726521935998979,0.726734564606908
