"","intercept class1","intercept class2","age.centered class1","age.centered class2","varcov 1","varcov 2","varcov 3","stderr","bic.select","icl.select","ARI","MCR","RI","JI","FMI","mean.pprob.misc","mean.pprob.correct","btr.est.hm1","btr.est.best"
"1",6.06538466143526,7.27153239252085,-0.493564566332476,-1.55829219623697,4.68365341306906,0.60981869365405,0.0937408539933671,1.38073492863272,2,2,0.322698668623047,0.15,0.744744744744745,0.712804202293962,0.837134165059537,0.778556001617177,0.929595799190436,0.721722227220029,0.721602937097141
