"","intercept class1","intercept class2","age.centered class1","age.centered class2","varcov 1","varcov 2","varcov 3","stderr","bic.select","icl.select","ARI","MCR","RI","JI","FMI","mean.pprob.misc","mean.pprob.correct","btr.est.hm1","btr.est.best"
"1",7.85119206840018,5.86943535681709,-1.53444144376867,-0.542369004161949,4.60575814116832,0.666134818037696,0.0963436603812624,1.42309154179251,2,2,0.448120712775652,0.123,0.784042042042042,0.745644853995322,0.85723733668467,0.793738475986672,0.947186086249462,0.718260143272483,0.719477862678689
