"","intercept class1","intercept class2","age.centered class1","age.centered class2","varcov 1","varcov 2","varcov 3","stderr","bic.select","icl.select","ARI","MCR","RI","JI","FMI","mean.pprob.misc","mean.pprob.correct","btr.est.hm1","btr.est.best"
"1",7.44481730732711,6.08778298377107,-1.60406443081346,-0.517773255612921,4.38215904400433,0.625478524505707,0.0892768321444589,1.40428564348595,2,2,0.353299567306744,0.144,0.753225225225225,0.718928286398358,0.840636925753414,0.753023614741479,0.938162510256529,0.697256643084459,0.699371397604911
