"","intercept class1","intercept class2","age.centered class1","age.centered class2","varcov 1","varcov 2","varcov 3","stderr","bic.select","icl.select","ARI","MCR","RI","JI","FMI","mean.pprob.misc","mean.pprob.correct","btr.est.hm1","btr.est.best"
"1",7.63318872787454,6.0103789509165,-1.27379737247013,-0.528976804177057,4.14710675008397,0.590520512317188,0.0840862070433221,1.44815824913689,2,2,0.377963204203799,0.145,0.751801801801802,0.709524367385192,0.832089316057506,0.671135673302544,0.887844555503987,0.683837108434391,0.684215040798467
