"","intercept class1","intercept class2","age.centered class1","age.centered class2","varcov 1","varcov 2","varcov 3","stderr","bic.select","icl.select","ARI","MCR","RI","JI","FMI","mean.pprob.misc","mean.pprob.correct","btr.est.hm1","btr.est.best"
"1",7.64507195665473,5.85925916654597,-1.29848144869579,-0.473015114468241,3.90749863268982,0.589981999371868,0.0890797012777476,1.43800597161033,2,2,0.401281011157182,0.145,0.751801801801802,0.701983173076923,0.825594261960044,0.700016454861344,0.909296669171888,0.685631809719966,0.686294716954044
