"","intercept class1","intercept class2","age.centered class1","age.centered class2","varcov 1","varcov 2","varcov 3","stderr","bic.select","icl.select","ARI","MCR","RI","JI","FMI","mean.pprob.misc","mean.pprob.correct","btr.est.hm1","btr.est.best"
"1",5.0611634703712,7.61463598261621,-1.05199637679465,-0.314709617640324,2.97942233753146,-0.101822127947421,0.0498925201702205,1.42528083092521,1,2,0.0159327562413751,0.424,0.511063063063063,0.417020748393503,0.594771533316518,0.716433385480424,0.729332499514189,0.690674365992852,0.690512308364691
