"","intercept class1","intercept class2","age.centered class1","age.centered class2","varcov 1","varcov 2","varcov 3","stderr","bic.select","icl.select","ARI","MCR","RI","JI","FMI","mean.pprob.misc","mean.pprob.correct","btr.est.hm1","btr.est.best"
"1",7.35190607352726,6.04570538855645,-1.63901059479261,-0.518626848349756,4.39439089585522,0.570874364015481,0.0741630894438691,1.41476684550739,2,2,0.318821932924555,0.149,0.746148148148148,0.716028397384216,0.83998027554015,0.775410252560147,0.938552580791182,0.702511801427582,0.702826282416056
