"","intercept class1","intercept class2","age.centered class1","age.centered class2","varcov 1","varcov 2","varcov 3","stderr","bic.select","icl.select","ARI","MCR","RI","JI","FMI","mean.pprob.misc","mean.pprob.correct","btr.est.hm1","btr.est.best"
"1",5.98708596538654,7.48197676614864,-0.477877988858278,-1.43727700428004,4.7332164711893,0.629700664759093,0.0911236255349924,1.41118759817688,2,2,0.419861056660197,0.133,0.769147147147147,0.727538868673503,0.844432757229293,0.70108333174021,0.908935225695325,0.721581793379961,0.720964379913772
