"","intercept class1","intercept class2","age.centered class1","age.centered class2","varcov 1","varcov 2","varcov 3","stderr","bic.select","icl.select","ARI","MCR","RI","JI","FMI","mean.pprob.misc","mean.pprob.correct","btr.est.hm1","btr.est.best"
"1",5.93213998796368,7.66166377770852,-0.468369792376834,-1.42002746005948,3.94879626759896,0.483488393893878,0.0887129107174906,1.39486819024059,2,2,0.419084353510858,0.137,0.763301301301301,0.717188606311116,0.836533413759232,0.709001380108868,0.923394304960293,0.704861297264359,0.705276847389825
