"","intercept class1","intercept class2","age.centered class1","age.centered class2","varcov 1","varcov 2","varcov 3","stderr","bic.select","icl.select","ARI","MCR","RI","JI","FMI","mean.pprob.misc","mean.pprob.correct","btr.est.hm1","btr.est.best"
"1",7.68025909616702,5.80779932873226,-1.45737598484189,-0.483330184028343,4.33726933612476,0.617385146482981,0.100631905158401,1.41739606085241,2,2,0.473217003936043,0.127,0.778036036036036,0.726052342877475,0.841616609716222,0.713031012584724,0.907441430811395,0.726880709049744,0.725780556246054
