"","intercept class1","intercept class2","age.centered class1","age.centered class2","varcov 1","varcov 2","varcov 3","stderr","bic.select","icl.select","ARI","MCR","RI","JI","FMI","mean.pprob.misc","mean.pprob.correct","btr.est.hm1","btr.est.best"
"1",6.04760176916447,7.64677163404977,-0.482392028053196,-1.38849236733298,3.87570814499326,0.55639003457773,0.0798744031053162,1.37877809257782,2,2,0.372550982821114,0.147,0.748966966966967,0.706179117068141,0.829680886298333,0.750430184927962,0.930205170526837,0.693136831085895,0.695195755099827
