"","intercept class1","intercept class2","age.centered class1","age.centered class2","varcov 1","varcov 2","varcov 3","stderr","bic.select","icl.select","ARI","MCR","RI","JI","FMI","mean.pprob.misc","mean.pprob.correct","btr.est.hm1","btr.est.best"
"1",7.61308134880897,4.78057426284983,-0.708308189866261,-0.84650406511519,2.7014425877151,0.240313446629139,0.197794462417984,1.37352463496755,3,2,0.0340235069610096,0.404,0.51794994994995,0.420763449861917,0.599054628707508,0.772841243508156,0.818549122955248,0.714227977005496,0.714492066492904
