"","intercept class1","intercept class2","age.centered class1","age.centered class2","varcov 1","varcov 2","varcov 3","stderr","bic.select","icl.select","ARI","MCR","RI","JI","FMI","mean.pprob.misc","mean.pprob.correct","btr.est.hm1","btr.est.best"
"1",8.05116368729454,5.73630614680137,-1.30319873415298,-0.530417564227619,3.41461338726163,0.491487219618306,0.0708741538530669,1.42147335424514,2,2,0.363581128803233,0.151,0.743345345345345,0.699023815337227,0.824426844919217,0.745566528393189,0.956506958531568,0.684205181616362,0.684290184148292
