"","intercept class1","intercept class2","age.centered class1","age.centered class2","varcov 1","varcov 2","varcov 3","stderr","bic.select","icl.select","ARI","MCR","RI","JI","FMI","mean.pprob.misc","mean.pprob.correct","btr.est.hm1","btr.est.best"
"1",7.74127592177131,5.91004664942758,-1.38016053911656,-0.519424678732067,4.28664398426066,0.686051846685944,0.109798533562094,1.4093708999571,2,2,0.440663985920127,0.131,0.772094094094094,0.726256432453229,0.842660412430508,0.711719584489282,0.928698314749709,0.707801061421807,0.709360330574308
