"","intercept class1","intercept class2","age.centered class1","age.centered class2","varcov 1","varcov 2","varcov 3","stderr","bic.select","icl.select","ARI","MCR","RI","JI","FMI","mean.pprob.misc","mean.pprob.correct","btr.est.hm1","btr.est.best"
"1",6.83041061643652,6.05319789726365,-1.68461845117941,-0.463339475973611,4.49996715591139,0.723003291711635,0.116164128813871,1.42953010414645,2,2,0.35495472552889,0.149,0.746148148148148,0.706491949297705,0.830599553106817,0.729776526129552,0.91553452440439,0.692378555942035,0.694426461446377
