"","intercept class1","intercept class2","age.centered class1","age.centered class2","varcov 1","varcov 2","varcov 3","stderr","bic.select","icl.select","ARI","MCR","RI","JI","FMI","mean.pprob.misc","mean.pprob.correct","btr.est.hm1","btr.est.best"
"1",6.21744757105159,6.78263529867014,-0.433325211749072,-1.61832836555147,4.90492353372875,0.656755028868929,0.0989593139602076,1.40136029328101,2,2,0.412495554556759,0.135,0.766216216216216,0.724556081820584,0.842425265475912,0.710123548487268,0.872640045018062,0.721845946911312,0.721383970026393
