"","intercept class1","intercept class2","age.centered class1","age.centered class2","varcov 1","varcov 2","varcov 3","stderr","bic.select","icl.select","ARI","MCR","RI","JI","FMI","mean.pprob.misc","mean.pprob.correct","btr.est.hm1","btr.est.best"
"1",7.3247632234696,6.0170156556012,-1.55244086009051,-0.561313251591814,4.90652439941864,0.604919625449528,0.0745798469217779,1.40956264369055,2,2,0.352786784238099,0.142,0.756084084084084,0.723800542260993,0.84462596135924,0.755663253885932,0.917219332522918,0.715160464656433,0.71838950953264
