"","intercept class1","intercept class2","age.centered class1","age.centered class2","varcov 1","varcov 2","varcov 3","stderr","bic.select","icl.select","ARI","MCR","RI","JI","FMI","mean.pprob.misc","mean.pprob.correct","btr.est.hm1","btr.est.best"
"1",7.62450778662378,6.09298257065534,-1.57668236875303,-0.505650761412693,4.83811415304432,0.650217217881258,0.0873858231897829,1.3841136802168,2,2,0.350729309121523,0.142,0.756084084084084,0.724319260724161,0.845156655257497,0.787702355289499,0.940958112460261,0.726577181700602,0.7272648336918
