"","intercept class1","intercept class2","age.centered class1","age.centered class2","varcov 1","varcov 2","varcov 3","stderr","bic.select","icl.select","ARI","MCR","RI","JI","FMI","mean.pprob.misc","mean.pprob.correct","btr.est.hm1","btr.est.best"
"1",7.49037089224562,5.93741482933711,-1.47054305157063,-0.522359684456368,4.31792686337765,0.655286386967616,0.0994481110131997,1.39138487167456,2,2,0.413766262925385,0.134,0.76767967967968,0.726776573853014,0.844097857568289,0.728200293527268,0.915435697768249,0.709201679357618,0.710097604840982
