"","intercept class1","intercept class2","age.centered class1","age.centered class2","varcov 1","varcov 2","varcov 3","stderr","bic.select","icl.select","ARI","MCR","RI","JI","FMI","mean.pprob.misc","mean.pprob.correct","btr.est.hm1","btr.est.best"
"1",7.54938340291046,5.98063087715357,-1.4475585937548,-0.492918006133749,4.32985090667538,0.64094846331631,0.106675616425898,1.40931044053802,2,2,0.372052716904719,0.144,0.753225225225225,0.713758911362423,0.835649105847408,0.723559988443975,0.931797580194184,0.701622733127473,0.701933649719335
