"","intercept class1","intercept class2","age.centered class1","age.centered class2","varcov 1","varcov 2","varcov 3","stderr","bic.select","icl.select","ARI","MCR","RI","JI","FMI","mean.pprob.misc","mean.pprob.correct","btr.est.hm1","btr.est.best"
"1",7.20650637138367,5.96643389135385,-1.70735540734608,-0.535494305008989,4.36979296176518,0.617746718819051,0.0873293110110077,1.41000385917847,2,2,0.397355006359871,0.135,0.766216216216216,0.728997447203528,0.846591289624283,0.74417690323341,0.932386825943862,0.703182332321099,0.704693039933844
