"","intercept class1","intercept class2","age.centered class1","age.centered class2","varcov 1","varcov 2","varcov 3","stderr","bic.select","icl.select","ARI","MCR","RI","JI","FMI","mean.pprob.misc","mean.pprob.correct","btr.est.hm1","btr.est.best"
"1",6.05756176223049,7.69366148489103,-0.524104644955475,-1.47130333974848,4.48022663603104,0.629188574941196,0.0883616857161396,1.39171055518909,2,2,0.31223699166306,0.154,0.739171171171171,0.706363874038748,0.832357589267374,0.75069327152354,0.930061433250075,0.714595167583322,0.714641310948742
