"","intercept class1","intercept class2","age.centered class1","age.centered class2","varcov 1","varcov 2","varcov 3","stderr","bic.select","icl.select","ARI","MCR","RI","JI","FMI","mean.pprob.misc","mean.pprob.correct","btr.est.hm1","btr.est.best"
"1",5.95396477815733,7.68600924103496,-0.496522050731229,-1.48095339379473,3.95002027035088,0.6674771571485,0.153144633139564,1.44223788512108,2,2,0.407127695717833,0.138,0.76184984984985,0.718399348528033,0.837876825628911,0.732731553783249,0.92387950394468,0.686136192467549,0.687623033839622
