"","intercept class1","intercept class2","age.centered class1","age.centered class2","varcov 1","varcov 2","varcov 3","stderr","bic.select","icl.select","ARI","MCR","RI","JI","FMI","mean.pprob.misc","mean.pprob.correct","btr.est.hm1","btr.est.best"
"1",6.17148790704225,6.83454162944358,-0.495829980721374,-1.79191644185114,4.37098454026849,0.556558862330635,0.0708690040596914,1.40853541432278,2,2,0.317425349982708,0.147,0.748966966966967,0.720867021655507,0.844064038333979,0.808740982648813,0.938874307728518,0.691775679323008,0.693296985178009
