"","intercept class1","intercept class2","age.centered class1","age.centered class2","varcov 1","varcov 2","varcov 3","stderr","bic.select","icl.select","ARI","MCR","RI","JI","FMI","mean.pprob.misc","mean.pprob.correct","btr.est.hm1","btr.est.best"
"1",7.90870942974889,6.09429210049687,-1.32815161417054,-0.492928374167723,4.84729507418164,0.774048441684787,0.123605224487982,1.42663348086087,2,2,0.288995982969091,0.157,0.735033033033033,0.705425821729995,0.832687087901868,0.792854001746697,0.938494287619321,0.709411348195834,0.711569542859781
