"","intercept class1","intercept class2","age.centered class1","age.centered class2","varcov 1","varcov 2","varcov 3","stderr","bic.select","icl.select","ARI","MCR","RI","JI","FMI","mean.pprob.misc","mean.pprob.correct","btr.est.hm1","btr.est.best"
"1",6.12863202218757,7.21489035855689,-0.493248289948134,-1.47154915955321,4.45538282996399,0.568528410988435,0.0725469945453419,1.39580027589853,2,2,0.325354843631852,0.149,0.746148148148148,0.714424384926533,0.838332715248242,0.766701598435199,0.919932415856002,0.701619311572043,0.701953370394829
