"","intercept class1","intercept class2","age.centered class1","age.centered class2","varcov 1","varcov 2","varcov 3","stderr","bic.select","icl.select","ARI","MCR","RI","JI","FMI","mean.pprob.misc","mean.pprob.correct","btr.est.hm1","btr.est.best"
"1",7.4413966429309,5.98581472183027,-1.48310476511594,-0.440051306852865,3.95075923212663,0.515897941037927,0.0673695411346188,1.40584225909865,2,2,0.373268091375443,0.151,0.743345345345345,0.695931330227792,0.821750610014401,0.715015643919882,0.902078752441591,0.698752061631091,0.699694317090476
