"","intercept class1","intercept class2","age.centered class1","age.centered class2","varcov 1","varcov 2","varcov 3","stderr","bic.select","icl.select","ARI","MCR","RI","JI","FMI","mean.pprob.misc","mean.pprob.correct","btr.est.hm1","btr.est.best"
"1",4.78273998318801,7.58176010825189,-1.08429500147521,-0.455105942211859,2.88862317243807,-0.139994230112189,0.0933959233543232,1.41112721549712,3,2,-0.0140187574658483,0.404,0.499531531531532,0.410554114595614,0.587499022243582,0.751443375672368,0.785677069323666,0.710148126041047,0.710048093841866
