"","intercept class1","intercept class2","age.centered class1","age.centered class2","varcov 1","varcov 2","varcov 3","stderr","bic.select","icl.select","ARI","MCR","RI","JI","FMI","mean.pprob.misc","mean.pprob.correct","btr.est.hm1","btr.est.best"
"1",5.85001468819444,7.6273671168852,-0.615457423989649,-1.39315331081628,4.00611625445499,0.544722050229399,0.077016402540217,1.41218731319181,2,2,0.388970201882883,0.141,0.75751951951952,0.716269209145427,0.836927872912114,0.739410026929136,0.922304827419032,0.693149713662463,0.692991742051133
