"","intercept class1","intercept class2","age.centered class1","age.centered class2","varcov 1","varcov 2","varcov 3","stderr","bic.select","icl.select","ARI","MCR","RI","JI","FMI","mean.pprob.misc","mean.pprob.correct","btr.est.hm1","btr.est.best"
"1",6.14244812363811,7.50966722381837,-0.497386547457311,-1.61247766724008,4.07389898337743,0.493143605094376,0.0596949318494715,1.41052091119331,2,2,0.409567414419651,0.132,0.770618618618619,0.733175596055947,0.849317949251927,0.78628564106043,0.921802566416583,0.695227246013546,0.695143156936818
