"","intercept class1","intercept class2","age.centered class1","age.centered class2","varcov 1","varcov 2","varcov 3","stderr","bic.select","icl.select","ARI","MCR","RI","JI","FMI","mean.pprob.misc","mean.pprob.correct","btr.est.hm1","btr.est.best"
"1",5.86149443936648,7.48063801186985,-0.468019194366381,-1.45816231088214,4.02969051812809,0.652573034327457,0.105678611574614,1.44833815133908,2,2,0.415087712216276,0.142,0.756084084084084,0.705153212105959,0.827631313973827,0.709221768165041,0.911572505599314,0.688737276171794,0.690474269546285
