"","intercept class1","intercept class2","age.centered class1","age.centered class2","varcov 1","varcov 2","varcov 3","stderr","bic.select","icl.select","ARI","MCR","RI","JI","FMI","mean.pprob.misc","mean.pprob.correct","btr.est.hm1","btr.est.best"
"1",7.55333888838095,6.0929760197574,-1.40792787984731,-0.464830112058092,4.34606197651165,0.514328419897082,0.0729650352068132,1.42694657793154,2,2,0.388970201882883,0.141,0.75751951951952,0.716269209145427,0.836927872912114,0.733764207173658,0.895305463239393,0.704946092273076,0.704411545438885
