"","intercept class1","intercept class2","age.centered class1","age.centered class2","varcov 1","varcov 2","varcov 3","stderr","bic.select","icl.select","ARI","MCR","RI","JI","FMI","mean.pprob.misc","mean.pprob.correct","btr.est.hm1","btr.est.best"
"1",5.91080715828011,7.46010516895455,-0.435111163618313,-1.44194693446023,4.41513594483831,0.708304556595962,0.113630900718125,1.42825540725971,2,2,0.410803537759178,0.141,0.75751951951952,0.709309748955983,0.830840331155414,0.680143097030957,0.920462510127013,0.707791157564315,0.706776064321904
