"","intercept class1","intercept class2","age.centered class1","age.centered class2","varcov 1","varcov 2","varcov 3","stderr","bic.select","icl.select","ARI","MCR","RI","JI","FMI","mean.pprob.misc","mean.pprob.correct","btr.est.hm1","btr.est.best"
"1",7.93992073079785,6.09250601370813,-1.45173677746112,-0.513515572763139,4.19473739790937,0.544246958859769,0.0706134486843794,1.43236564856971,2,2,0.343144686407713,0.147,0.748966966966967,0.714506566364911,0.837540258909586,0.792483914526244,0.94406036430212,0.695066244324558,0.696476207015756
