"","intercept class1","intercept class2","age.centered class1","age.centered class2","varcov 1","varcov 2","varcov 3","stderr","bic.select","icl.select","ARI","MCR","RI","JI","FMI","mean.pprob.misc","mean.pprob.correct","btr.est.hm1","btr.est.best"
"1",6.97552854434347,5.99113872537512,-1.56786676566467,-0.529950231220182,4.79805828140501,0.628057681552717,0.0822123065178502,1.42245404863795,2,2,0.384388271178099,0.137,0.763301301301301,0.727588383838384,0.846097320816693,0.711413901388977,0.892317211270765,0.707320948564594,0.70895377766811
