"","intercept class1","intercept class2","age.centered class1","age.centered class2","varcov 1","varcov 2","varcov 3","stderr","bic.select","icl.select","ARI","MCR","RI","JI","FMI","mean.pprob.misc","mean.pprob.correct","btr.est.hm1","btr.est.best"
"1",6.94058933534033,5.9604732925893,-1.58731205837339,-0.503217510398041,4.38255473949726,0.562951930309118,0.0723140153075764,1.42103274725205,2,2,0.33557648587738,0.155,0.737787787787788,0.697749069997138,0.824420783247625,0.690338966397515,0.906157041038487,0.69459542529935,0.69631685693508
