"","intercept class1","intercept class2","age.centered class1","age.centered class2","varcov 1","varcov 2","varcov 3","stderr","bic.select","icl.select","ARI","MCR","RI","JI","FMI","mean.pprob.misc","mean.pprob.correct","btr.est.hm1","btr.est.best"
"1",5.19412054458307,7.79609519056327,-1.00649601139359,-0.365129197225373,3.36396835043423,-0.0672668023007551,0.13124109473869,1.40906253839698,3,2,0.0132563923880031,0.441,0.506468468468468,0.409919764847812,0.588384558648557,0.723664861942972,0.725025999524671,0.720732780645052,0.720713098261655
