"","intercept class1","intercept class2","age.centered class1","age.centered class2","varcov 1","varcov 2","varcov 3","stderr","bic.select","icl.select","ARI","MCR","RI","JI","FMI","mean.pprob.misc","mean.pprob.correct","btr.est.hm1","btr.est.best"
"1",6.13876829045104,6.74304334142832,-0.443533633628705,-1.46998969208611,4.14982097693939,0.425788058916792,0.0436875402899986,1.44249438424997,2,2,0.403078303860913,0.14,0.758958958958959,0.714474077376576,0.835006317989271,0.672167400444012,0.848161737060369,0.675217054972081,0.675756121348212
