"","intercept class1","intercept class2","age.centered class1","age.centered class2","varcov 1","varcov 2","varcov 3","stderr","bic.select","icl.select","ARI","MCR","RI","JI","FMI","mean.pprob.misc","mean.pprob.correct","btr.est.hm1","btr.est.best"
"1",7.73314923123003,5.9336296996744,-1.44842007002653,-0.532525552760233,4.46420832272471,0.718349970642385,0.115592915222711,1.43292322368986,2,2,0.43779716283263,0.131,0.772094094094094,0.727203669267488,0.843476470660779,0.717345188544748,0.919375709566781,0.709878342485023,0.710995959993566
