"","intercept class1","intercept class2","age.centered class1","age.centered class2","varcov 1","varcov 2","varcov 3","stderr","bic.select","icl.select","ARI","MCR","RI","JI","FMI","mean.pprob.misc","mean.pprob.correct","btr.est.hm1","btr.est.best"
"1",5.96267078246061,7.88156588797134,-0.517768403283279,-1.37013369529026,3.99565573022591,0.641399421260044,0.102960126070062,1.40619312156851,2,2,0.341828304772076,0.154,0.739171171171171,0.698306324998495,0.8246278054561,0.751611912953901,0.934580513760082,0.697705020292721,0.699842596707463
