"","intercept class1","intercept class2","age.centered class1","age.centered class2","varcov 1","varcov 2","varcov 3","stderr","bic.select","icl.select","ARI","MCR","RI","JI","FMI","mean.pprob.misc","mean.pprob.correct","btr.est.hm1","btr.est.best"
"1",6.25249741294315,7.48873614045848,-0.506812216208527,-1.48542552860395,4.57814548811877,0.613516101214241,0.0913136723352115,1.39601390753352,2,2,0.309049369718799,0.151,0.743345345345345,0.713882391801171,0.838701466265731,0.760033168419742,0.923785170093419,0.70777828803219,0.707353624477718
