"","intercept class1","intercept class2","age.centered class1","age.centered class2","varcov 1","varcov 2","varcov 3","stderr","bic.select","icl.select","ARI","MCR","RI","JI","FMI","mean.pprob.misc","mean.pprob.correct","btr.est.hm1","btr.est.best"
"1",7.81667077224714,6.11482313243025,-1.5359574035072,-0.492098947587961,4.19399356804609,0.601884087004113,0.114218246103258,1.41457742061829,2,2,0.355593425973875,0.146,0.750382382382382,0.713534750143596,0.836184392254468,0.76126159487672,0.947238644790061,0.699647894862343,0.699784059811049
