"","intercept class1","intercept class2","age.centered class1","age.centered class2","varcov 1","varcov 2","varcov 3","stderr","bic.select","icl.select","ARI","MCR","RI","JI","FMI","mean.pprob.misc","mean.pprob.correct","btr.est.hm1","btr.est.best"
"1",7.30445735919206,6.0202958775178,-1.58834578663419,-0.499111694107061,4.24022490414353,0.626888560622703,0.0926814099802147,1.43071899460315,2,2,0.389304600112994,0.134,0.76767967967968,0.7336937813537,0.850762734100197,0.760105611489697,0.939413735738656,0.691076016286501,0.689754414119403
