"","intercept class1","intercept class2","age.centered class1","age.centered class2","varcov 1","varcov 2","varcov 3","stderr","bic.select","icl.select","ARI","MCR","RI","JI","FMI","mean.pprob.misc","mean.pprob.correct","btr.est.hm1","btr.est.best"
"1",7.23877392629738,6.05576973026939,-1.71272839225287,-0.582855527023038,4.41109216265075,0.651428513368193,0.102776494790316,1.42082450824546,2,2,0.294562357183603,0.153,0.740558558558559,0.71285972577972,0.83859029640392,0.799145245092203,0.947924372332098,0.691556716552953,0.69214713114538
