"","intercept class1","intercept class2","age.centered class1","age.centered class2","varcov 1","varcov 2","varcov 3","stderr","bic.select","icl.select","ARI","MCR","RI","JI","FMI","mean.pprob.misc","mean.pprob.correct","btr.est.hm1","btr.est.best"
"1",6.00132781094632,7.28921744796441,-0.496467666835299,-1.49045000174983,4.70873915056112,0.703331526500231,0.10505472777678,1.4319022887589,2,2,0.442074670010508,0.131,0.772094094094094,0.725784306168462,0.842258013254726,0.699626926039243,0.885781061944415,0.709948425842441,0.711193910999345
