"","intercept class1","intercept class2","age.centered class1","age.centered class2","varcov 1","varcov 2","varcov 3","stderr","bic.select","icl.select","ARI","MCR","RI","JI","FMI","mean.pprob.misc","mean.pprob.correct","btr.est.hm1","btr.est.best"
"1",6.00808842237101,8.0081857896055,-0.531511271230872,-1.64124971242586,4.71371913402639,0.639892443857673,0.0868662299007132,1.3820869799798,2,2,0.28916006266965,0.043,0.917615615615616,0.916002939315384,0.956813099552047,0.920992556970924,0.991050614126594,0.698902831068036,0.700339611332417
