"","intercept class1","intercept class2","age.centered class1","age.centered class2","varcov 1","varcov 2","varcov 3","stderr","bic.select","icl.select","ARI","MCR","RI","JI","FMI","mean.pprob.misc","mean.pprob.correct","btr.est.hm1","btr.est.best"
"1",4.84353381089353,7.76430519141359,-0.777749876072698,-0.351925314414609,2.32846337995487,0.233859975794697,0.1220086350221,1.39266313648325,1,2,0.0171329045887379,0.421,0.511993993993994,0.48555600109744,0.681832529256864,0.80692453967731,0.825893017743544,0.681026561270483,0.680975620486219
