"","intercept class1","intercept class2","age.centered class1","age.centered class2","varcov 1","varcov 2","varcov 3","stderr","bic.select","icl.select","ARI","MCR","RI","JI","FMI","mean.pprob.misc","mean.pprob.correct","btr.est.hm1","btr.est.best"
"1",5.98895164501333,7.68076028554221,-0.483530657020753,-1.3310609688381,4.6381455329187,0.626077495727435,0.089526771044932,1.40776615075744,1,2,0.277305248379883,0.045,0.913963963963964,0.912269061957742,0.954704857145767,0.866013145643805,0.977649624006334,0.690624928895198,0.689518232925673
