"","intercept class1","intercept class2","age.centered class1","age.centered class2","varcov 1","varcov 2","varcov 3","stderr","bic.select","icl.select","ARI","MCR","RI","JI","FMI","mean.pprob.misc","mean.pprob.correct","btr.est.hm1","btr.est.best"
"1",5.97578671581923,7.13316617650228,-0.433889789280428,-1.51916768762583,4.48724180833814,0.686052120760622,0.104891112981968,1.42426527598776,2,2,0.470085225401256,0.037,0.928666666666667,0.925981245507688,0.961867542909081,0.844983151822436,0.972257382673589,0.675713116061193,0.675063548956453
