"","intercept class1","intercept class2","age.centered class1","age.centered class2","varcov 1","varcov 2","varcov 3","stderr","bic.select","icl.select","ARI","MCR","RI","JI","FMI","mean.pprob.misc","mean.pprob.correct","btr.est.hm1","btr.est.best"
"1",6.00447143608643,6.72439392733922,-0.504090504144415,-1.97140820910339,4.40819702198371,0.492058082788684,0.0582929029975357,1.41460983206053,2,2,0.301739385228088,0.041,0.921283283283283,0.919752229728351,0.958925919419176,0.939984998846744,0.990103517177198,0.671777527563342,0.671628559074367
