"","intercept class1","intercept class2","age.centered class1","age.centered class2","varcov 1","varcov 2","varcov 3","stderr","bic.select","icl.select","ARI","MCR","RI","JI","FMI","mean.pprob.misc","mean.pprob.correct","btr.est.hm1","btr.est.best"
"1",7.11921493305402,6.05084472783128,-1.41599865898778,-0.473084931174334,4.6498407971095,0.677101037230259,0.0997041640941024,1.42145846077403,1,2,0.32575523276791,0.043,0.917615615615616,0.915668996044839,0.956497262974302,0.870319343385615,0.969357302431376,0.677149906286092,0.679189185363568
