"","intercept class1","intercept class2","age.centered class1","age.centered class2","varcov 1","varcov 2","varcov 3","stderr","bic.select","icl.select","ARI","MCR","RI","JI","FMI","mean.pprob.misc","mean.pprob.correct","btr.est.hm1","btr.est.best"
"1",9.178496002645,5.98850208226897,-1.2122802048919,-0.53221763787886,4.83176385678305,0.729515298759183,0.114372515222914,1.4054017391136,2,2,0.314298739596031,0.042,0.919447447447447,0.917712069959875,0.957709123296586,0.957198028911948,0.99554016500918,0.702308609019421,0.701246969696695
