"","intercept class1","intercept class2","age.centered class1","age.centered class2","varcov 1","varcov 2","varcov 3","stderr","bic.select","icl.select","ARI","MCR","RI","JI","FMI","mean.pprob.misc","mean.pprob.correct","btr.est.hm1","btr.est.best"
"1",5.97373210256917,8.2814063778641,-0.515412603995294,-1.36610584121404,4.33242268159315,0.60662231882638,0.0849389370234438,1.3950851206027,1,2,0.166000434172165,0.045,0.913963963963964,0.913137948458818,0.95556195731552,0.971214234482174,0.996533195921622,0.664192619141009,0.666211563114434
