"","intercept class1","intercept class2","age.centered class1","age.centered class2","varcov 1","varcov 2","varcov 3","stderr","bic.select","icl.select","ARI","MCR","RI","JI","FMI","mean.pprob.misc","mean.pprob.correct","btr.est.hm1","btr.est.best"
"1",7.59774608478558,6.11896891738864,-1.46561486755011,-0.44209777751673,4.68298383842557,0.713659594856677,0.116551606124542,1.39697434572402,2,2,0.295355143723782,0.042,0.919447447447447,0.917875658243867,0.957868939173739,0.9045793343189,0.986149971790121,0.693232862765594,0.691699051550004
