"","intercept class1","intercept class2","age.centered class1","age.centered class2","varcov 1","varcov 2","varcov 3","stderr","bic.select","icl.select","ARI","MCR","RI","JI","FMI","mean.pprob.misc","mean.pprob.correct","btr.est.hm1","btr.est.best"
"1",8.29979916361812,6.10267578884483,-1.49983774201997,-0.496479140223939,4.04067158042933,0.609598111370366,0.0919673984485647,1.43851421275803,2,2,0.365085098619625,0.042,0.919447447447447,0.91722145872594,0.957252798734958,0.9153692005976,0.990602093625785,0.656361092892344,0.65698798878665
