"","intercept class1","intercept class2","age.centered class1","age.centered class2","varcov 1","varcov 2","varcov 3","stderr","bic.select","icl.select","ARI","MCR","RI","JI","FMI","mean.pprob.misc","mean.pprob.correct","btr.est.hm1","btr.est.best"
"1",8.03257942042325,6.11965749434097,-1.56429783062229,-0.496315597294515,4.31198143034985,0.625716522816168,0.0907986619458855,1.43837393508425,1,2,0.225451085021534,0.043,0.917615615615616,0.916504007304454,0.957315720803059,0.943616626856636,0.993188557707865,0.658566422775096,0.660020164241812
