"","intercept class1","intercept class2","age.centered class1","age.centered class2","varcov 1","varcov 2","varcov 3","stderr","bic.select","icl.select","ARI","MCR","RI","JI","FMI","mean.pprob.misc","mean.pprob.correct","btr.est.hm1","btr.est.best"
"1",6.01947698436302,8.5364520129848,-0.526907924159928,-1.48658160998637,4.59447618813664,0.602133002267331,0.0789132263480819,1.43086508156955,1,2,0.219977515894685,0.044,0.915787787787788,0.9146452819928,0.956261086480366,0.941643386630683,0.994583164463705,0.679482390823906,0.68094713288611
