"","intercept class1","intercept class2","age.centered class1","age.centered class2","varcov 1","varcov 2","varcov 3","stderr","bic.select","icl.select","ARI","MCR","RI","JI","FMI","mean.pprob.misc","mean.pprob.correct","btr.est.hm1","btr.est.best"
"1",7.67595386097527,5.86392281320736,-1.19570470369167,-0.490342872126939,4.03641818118028,0.630115091863321,0.0983656837158188,1.4450566100085,2,2,0.371723369054638,0.05,0.904904904904905,0.90148253233447,0.948281498338302,0.699853858295996,0.959109709383492,0.658193828764184,0.659370288785039
