"","intercept class1","intercept class2","age.centered class1","age.centered class2","varcov 1","varcov 2","varcov 3","stderr","bic.select","icl.select","ARI","MCR","RI","JI","FMI","mean.pprob.misc","mean.pprob.correct","btr.est.hm1","btr.est.best"
"1",7.43055580206251,5.98549340388931,-1.62268858391018,-0.496330170403435,4.52200851743117,0.600631081430402,0.0888972113892232,1.42150879155664,2,2,0.462472028102131,0.038,0.926814814814815,0.92405778555195,0.960805632803741,0.852653156261633,0.974900268963551,0.688056559934638,0.688258488796533
