"","intercept class1","intercept class2","age.centered class1","age.centered class2","varcov 1","varcov 2","varcov 3","stderr","bic.select","icl.select","ARI","MCR","RI","JI","FMI","mean.pprob.misc","mean.pprob.correct","btr.est.hm1","btr.est.best"
"1",5.80608318792469,6.1289155773956,-2.14567281493295,-0.523590310316008,4.52718558095112,0.553028884872993,0.0816018767042969,1.42207847617039,1,2,0.166000434172165,0.045,0.913963963963964,0.913137948458818,0.95556195731552,0.964056011916989,0.992111514726145,0.671326223721586,0.672967784324218
