"","intercept class1","intercept class2","age.centered class1","age.centered class2","varcov 1","varcov 2","varcov 3","stderr","bic.select","icl.select","ARI","MCR","RI","JI","FMI","mean.pprob.misc","mean.pprob.correct","btr.est.hm1","btr.est.best"
"1",5.99044862661436,7.65096913822981,-0.518675653019889,-1.68995744316727,4.16535145775728,0.549544850865463,0.0725028372064488,1.40526572375799,2,2,0.355771913129729,0.041,0.921283283283283,0.919271785058741,0.958458127424749,0.944022117206042,0.98684661053882,0.669748730678843,0.67165536107222
