"","intercept class1","intercept class2","age.centered class1","age.centered class2","varcov 1","varcov 2","varcov 3","stderr","bic.select","icl.select","ARI","MCR","RI","JI","FMI","mean.pprob.misc","mean.pprob.correct","btr.est.hm1","btr.est.best"
"1",7.12697403121349,4.52576781959406,-0.325545958619671,-0.959799529604072,2.82252004294304,0.154820392134406,0.0312986927047927,1.40646114710109,1,2,-0.0169955135927524,0.332,0.537625625625626,0.519182245909148,0.70387033706959,0.697355034151617,0.794446031302002,0.674593843988156,0.674773311773329
