"","intercept class1","intercept class2","age.centered class1","age.centered class2","varcov 1","varcov 2","varcov 3","stderr","bic.select","icl.select","ARI","MCR","RI","JI","FMI","mean.pprob.misc","mean.pprob.correct","btr.est.hm1","btr.est.best"
"1",5.95008652230776,7.32839277178949,-0.537208674706623,-1.49217034330801,4.72113791082618,0.648251836326767,0.0890104155941464,1.39249460998777,2,2,0.314298739596031,0.042,0.919447447447447,0.917712069959875,0.957709123296586,0.873578106210201,0.97794591793646,0.691615924439579,0.694315895978078
