"","intercept class1","intercept class2","age.centered class1","age.centered class2","varcov 1","varcov 2","varcov 3","stderr","bic.select","icl.select","ARI","MCR","RI","JI","FMI","mean.pprob.misc","mean.pprob.correct","btr.est.hm1","btr.est.best"
"1",6.41463973070393,6.00229197494038,-2.09945879995113,-0.520931912355158,4.54908463649606,0.718578009573782,0.11350897075825,1.43902609984899,1,2,0.196173579944027,0.044,0.915787787787788,0.914815714864318,0.95643633395433,0.955750061988475,0.993753825679978,0.662956849797761,0.663901667173514
