"","intercept class1","intercept class2","age.centered class1","age.centered class2","varcov 1","varcov 2","varcov 3","stderr","bic.select","icl.select","ARI","MCR","RI","JI","FMI","mean.pprob.misc","mean.pprob.correct","btr.est.hm1","btr.est.best"
"1",6.04342129625551,6.89259035649279,-0.475547983607903,-1.50730324787547,4.36236501387585,0.636542390179964,0.107430246634039,1.39923822277411,2,2,0.415236198185624,0.041,0.921283283283283,0.918631602037987,0.957888416298864,0.843208295544473,0.956620457309688,0.680246493426364,0.679909952098836
