"","intercept class1","intercept class2","age.centered class1","age.centered class2","varcov 1","varcov 2","varcov 3","stderr","bic.select","icl.select","ARI","MCR","RI","JI","FMI","mean.pprob.misc","mean.pprob.correct","btr.est.hm1","btr.est.best"
"1",7.14814236033723,6.05943884356871,-1.55722989934998,-0.456659803333253,4.13516991031741,0.52188046607617,0.0680816689453413,1.39754247109357,2,2,0.219977515894685,0.044,0.915787787787788,0.9146452819928,0.956261086480366,0.858845153933018,0.977748864034592,0.665586241500076,0.665774734893188
