"","intercept class1","intercept class2","age.centered class1","age.centered class2","varcov 1","varcov 2","varcov 3","stderr","bic.select","icl.select","ARI","MCR","RI","JI","FMI","mean.pprob.misc","mean.pprob.correct","btr.est.hm1","btr.est.best"
"1",6.10317640391662,6.1048633063379,-0.514299452399872,-1.94798093612027,4.25071088171218,0.595499515461667,0.0834259693600228,1.41060407012572,2,2,0.130758009238056,0.047,0.910328328328328,0.909633255188053,0.953641421081238,0.926469993618689,0.989841719286136,0.655365170860807,0.655887428829855
