"","intercept class1","intercept class2","age.centered class1","age.centered class2","varcov 1","varcov 2","varcov 3","stderr","bic.select","icl.select","ARI","MCR","RI","JI","FMI","mean.pprob.misc","mean.pprob.correct","btr.est.hm1","btr.est.best"
"1",8.84442732611885,6.06025140519323,-1.60208762280831,-0.485832702267895,4.22009554585795,0.523563228178668,0.0649555764193221,1.4305314382495,2,2,0.438575586004907,0.036,0.930522522522523,0.928336609783094,0.963328104573989,0.947709683230709,0.996067516804254,0.668937570258439,0.672797626506098
