"","intercept class1","intercept class2","age.centered class1","age.centered class2","varcov 1","varcov 2","varcov 3","stderr","bic.select","icl.select","ARI","MCR","RI","JI","FMI","mean.pprob.misc","mean.pprob.correct","btr.est.hm1","btr.est.best"
"1",6.04014019251033,8.1451570773674,-0.480835410725562,-1.17795390822411,3.8983415896994,0.525509983226817,0.0708405709557549,1.38321743060855,2,2,0.301838217482695,0.044,0.915787787787788,0.913963715203207,0.955598534271304,0.916112097537029,0.984407524078096,0.658900672933416,0.66240904107349
