"","intercept class1","intercept class2","age.centered class1","age.centered class2","varcov 1","varcov 2","varcov 3","stderr","bic.select","icl.select","ARI","MCR","RI","JI","FMI","mean.pprob.misc","mean.pprob.correct","btr.est.hm1","btr.est.best"
"1",5.76607382457332,6.01753779873149,-2.18874930704028,-0.556944744494954,4.34471232544121,0.581457162161911,0.0788363462293621,1.41949407261045,2,2,0.134886334547567,0.046,0.912144144144144,0.911470647569094,0.954692581472049,0.979504971801393,0.992107874683147,0.662139921226384,0.662360339038715
