"","intercept class1","intercept class2","age.centered class1","age.centered class2","varcov 1","varcov 2","varcov 3","stderr","bic.select","icl.select","ARI","MCR","RI","JI","FMI","mean.pprob.misc","mean.pprob.correct","btr.est.hm1","btr.est.best"
"1",5.99205629204457,8.0221968070298,-0.500789760437342,-1.38531668534534,4.27349566529536,0.567619086263483,0.075394216189417,1.42326062964903,1,2,0.248008509406724,0.043,0.917615615615616,0.916336969825115,0.957144333014142,0.931599999833155,0.989558953312401,0.667444302305165,0.667389994088631
