"","intercept class1","intercept class2","age.centered class1","age.centered class2","varcov 1","varcov 2","varcov 3","stderr","bic.select","icl.select","ARI","MCR","RI","JI","FMI","mean.pprob.misc","mean.pprob.correct","btr.est.hm1","btr.est.best"
"1",7.7569208501416,5.96672359963004,-1.40556898872171,-0.524092023746821,4.3912101561501,0.613455616458321,0.0857006866953862,1.39785010497418,2,2,0.314298739596031,0.042,0.919447447447447,0.917712069959875,0.957709123296586,0.875955237922627,0.982141286236161,0.67910299010248,0.680598633145864
