"","intercept class1","intercept class2","age.centered class1","age.centered class2","varcov 1","varcov 2","varcov 3","stderr","bic.select","icl.select","ARI","MCR","RI","JI","FMI","mean.pprob.misc","mean.pprob.correct","btr.est.hm1","btr.est.best"
"1",7.51606715470603,6.01414214898553,-1.56959684854645,-0.528945078367438,4.32904406685696,0.607656096434389,0.0949770465426513,1.44792248043213,2,2,0.349081583635703,0.042,0.919447447447447,0.91738496601852,0.95740105248472,0.845100039153134,0.979340390216117,0.665581370504295,0.664982186266412
