"","intercept class1","intercept class2","age.centered class1","age.centered class2","varcov 1","varcov 2","varcov 3","stderr","bic.select","icl.select","ARI","MCR","RI","JI","FMI","mean.pprob.misc","mean.pprob.correct","btr.est.hm1","btr.est.best"
"1",6.08982175569471,5.53536393289135,-0.490090234557892,-2.06111247042024,4.24338302104897,0.538500657875408,0.0813301883365376,1.40399856943372,2,2,0.281486393559403,0.041,0.921283283283283,0.919912414706182,0.959089562724804,0.945900736966431,0.982967531272606,0.669839934485623,0.669803498867506
