"","intercept class1","intercept class2","age.centered class1","age.centered class2","varcov 1","varcov 2","varcov 3","stderr","bic.select","icl.select","ARI","MCR","RI","JI","FMI","mean.pprob.misc","mean.pprob.correct","btr.est.hm1","btr.est.best"
"1",6.0041133238426,6.89545639542648,-0.424822193470482,-1.46060055216851,4.76805842176946,0.797954788841202,0.133542191616428,1.40263653177067,2,2,0.333854995115143,0.047,0.910328328328328,0.907829483206368,0.951984462716677,0.803781805246899,0.95318368671769,0.694714111455072,0.695306428244568
