"","intercept class1","intercept class2","age.centered class1","age.centered class2","varcov 1","varcov 2","varcov 3","stderr","bic.select","icl.select","ARI","MCR","RI","JI","FMI","mean.pprob.misc","mean.pprob.correct","btr.est.hm1","btr.est.best"
"1",5.99016500415146,7.03993151916307,-0.465256534540709,-1.35680014099185,4.07069367720787,0.506844275240927,0.0885940095121975,1.39227633131799,1,2,0.358507894805707,0.043,0.917615615615616,0.915335174037025,0.956196829120703,0.860882836764259,0.959220498127239,0.665729246196769,0.666115132333048
