"","intercept class1","intercept class2","age.centered class1","age.centered class2","varcov 1","varcov 2","varcov 3","stderr","bic.select","icl.select","ARI","MCR","RI","JI","FMI","mean.pprob.misc","mean.pprob.correct","btr.est.hm1","btr.est.best"
"1",4.75011359639327,7.22747509935312,-0.926021397236818,-0.208592127942199,2.41100866991792,0.17122686504053,0.0258355714774908,1.41466518374915,1,2,-0.00345553949327744,0.46,0.500468468468468,0.476145687244388,0.673186126521269,0.725736346717599,0.761946298260377,0.641141486280432,0.641641262423497
