"","intercept class1","intercept class2","age.centered class1","age.centered class2","varcov 1","varcov 2","varcov 3","stderr","bic.select","icl.select","ARI","MCR","RI","JI","FMI","mean.pprob.misc","mean.pprob.correct","btr.est.hm1","btr.est.best"
"1",4.45658859116938,6.95738194474634,-0.992819886258479,-0.333739522622953,3.1586349196493,0.160874948072181,0.00819365128358889,1.41880496148131,1,2,-0.0184968004753336,0.28,0.570258258258258,0.554912311986033,0.729318689535175,0.685133407038754,0.794004908907312,0.676613342560865,0.677050657754647
