"","intercept class1","intercept class2","age.centered class1","age.centered class2","varcov 1","varcov 2","varcov 3","stderr","bic.select","icl.select","ARI","MCR","RI","JI","FMI","mean.pprob.misc","mean.pprob.correct","btr.est.hm1","btr.est.best"
"1",7.44360550572452,6.05422729517069,-1.59219383625101,-0.419014020297546,4.25366023478275,0.558230687873074,0.0732596140980892,1.38436137424953,2,2,0.394665045523275,0.042,0.919447447447447,0.916894554647676,0.956967855823487,0.840369776141126,0.980652128104976,0.688200423938263,0.685971361942231
