"","intercept class1","intercept class2","age.centered class1","age.centered class2","varcov 1","varcov 2","varcov 3","stderr","bic.select","icl.select","ARI","MCR","RI","JI","FMI","mean.pprob.misc","mean.pprob.correct","btr.est.hm1","btr.est.best"
"1",7.09243470033691,4.47407057507414,-0.247558165008547,-1.08984831076737,2.6403299783448,0.0380567660346634,0.0185716837946045,1.38006018381631,3,2,0.00629775190018709,0.301,0.566544544544545,0.54781059552303,0.72559786731971,0.748001608252558,0.814034744049243,0.676651059725902,0.676961888065824
