"","intercept class1","intercept class2","age.centered class1","age.centered class2","varcov 1","varcov 2","varcov 3","stderr","bic.select","icl.select","ARI","MCR","RI","JI","FMI","mean.pprob.misc","mean.pprob.correct","btr.est.hm1","btr.est.best"
"1",5.6343775332882,8.4966422807698,-0.542006741531552,-0.902096307508169,3.78172392300509,0.656291818524542,0.138171285833376,1.41917151792181,2,2,0.465501343013411,0.05,0.904904904904905,0.899780149295929,0.947254109926693,0.709605008435016,0.975206536133718,0.671068454373701,0.672108579089784
