"","intercept class1","intercept class2","age.centered class1","age.centered class2","varcov 1","varcov 2","varcov 3","stderr","bic.select","icl.select","ARI","MCR","RI","JI","FMI","mean.pprob.misc","mean.pprob.correct","btr.est.hm1","btr.est.best"
"1",7.27677385948031,5.92582056131232,-1.63407519984888,-0.563582446467104,4.38503525322844,0.600143038789811,0.0821366333159228,1.41083868396163,2,2,0.369729456754617,0.039,0.924966966966967,0.923057183095122,0.960575691154017,0.903916015228847,0.982351606435586,0.673691012000315,0.67431169877611
