"","intercept class1","intercept class2","age.centered class1","age.centered class2","varcov 1","varcov 2","varcov 3","stderr","bic.select","icl.select","ARI","MCR","RI","JI","FMI","mean.pprob.misc","mean.pprob.correct","btr.est.hm1","btr.est.best"
"1",7.26614352676405,5.12333215932709,-0.132717081913609,-0.830047649754077,3.38263600386664,0.208537161065536,0.0170571566116505,1.38727535743782,1,2,0.00875787054734058,0.383,0.525975975975976,0.50255471845574,0.69353885965595,0.668928769810337,0.697084048751731,0.683543336821649,0.683425569713701
