"","intercept class1","intercept class2","age.centered class1","age.centered class2","varcov 1","varcov 2","varcov 3","stderr","bic.select","icl.select","ARI","MCR","RI","JI","FMI","mean.pprob.misc","mean.pprob.correct","btr.est.hm1","btr.est.best"
"1",6.71375725655975,4.23346719836592,-0.427699784839643,-0.883594734164566,3.8126673623374,0.42365002895881,0.100812944601238,1.42549532091085,1,2,-0.0145416591099347,0.156,0.686958958958959,0.679647613194018,0.813572519391215,0.629395023813518,0.830579177055401,0.691188196785301,0.691329042750026
