"","intercept class1","intercept class2","age.centered class1","age.centered class2","varcov 1","varcov 2","varcov 3","stderr","bic.select","icl.select","ARI","MCR","RI","JI","FMI","mean.pprob.misc","mean.pprob.correct","btr.est.hm1","btr.est.best"
"1",6.04253041987173,7.00328579166856,-0.495340065493217,-1.58843435752455,4.71922715920269,0.683266986518228,0.0989258960106843,1.43158683050566,2,2,0.378783497654115,0.04,0.923123123123123,0.921005858732144,0.959368165217167,0.840203226084432,0.973960079340712,0.682666304845373,0.68448274076644
