"","intercept class1","intercept class2","age.centered class1","age.centered class2","varcov 1","varcov 2","varcov 3","stderr","bic.select","icl.select","ARI","MCR","RI","JI","FMI","mean.pprob.misc","mean.pprob.correct","btr.est.hm1","btr.est.best"
"1",8.25360757392079,5.9328341061079,-1.29721344491799,-0.478025639616585,3.91504739847257,0.599014065807624,0.0916514022283966,1.43842731189537,2,2,0.466896598985456,0.039,0.924966966966967,0.921985387481526,0.95961991000891,0.877001966435935,0.986682074915162,0.64967784371916,0.651375213251904
