"","intercept class1","intercept class2","age.centered class1","age.centered class2","varcov 1","varcov 2","varcov 3","stderr","bic.select","icl.select","ARI","MCR","RI","JI","FMI","mean.pprob.misc","mean.pprob.correct","btr.est.hm1","btr.est.best"
"1",8.80454266110643,5.956577340494,-1.08252684682589,-0.537522231200605,4.04927693982892,0.696344130689536,0.122023906941355,1.41404340035154,2,2,0.266115103664734,0.047,0.910328328328328,0.90855060331979,0.952601222253981,0.910202019974557,0.991117210582942,0.664170801177685,0.665363107623644
