"","intercept class1","intercept class2","age.centered class1","age.centered class2","varcov 1","varcov 2","varcov 3","stderr","bic.select","icl.select","ARI","MCR","RI","JI","FMI","mean.pprob.misc","mean.pprob.correct","btr.est.hm1","btr.est.best"
"1",5.28003579692904,7.52203897321158,-0.571630246781242,-0.453819493126073,3.25651189359434,0.535482311173211,0.144746601695987,1.39813345363471,1,2,0.0465782449844988,0.359,0.539301301301301,0.511542853746652,0.702847533499619,0.677431060983884,0.762185912179099,0.676837305659022,0.676830577539696
