"","intercept class1","intercept class2","age.centered class1","age.centered class2","varcov 1","varcov 2","varcov 3","stderr","bic.select","icl.select","ARI","MCR","RI","JI","FMI","mean.pprob.misc","mean.pprob.correct","btr.est.hm1","btr.est.best"
"1",6.02703873369939,8.00228574518292,-0.488390800655248,-1.52516205365503,4.41787188837974,0.582494669750119,0.0768021316593626,1.39466267580784,2,2,0.342573243662618,0.043,0.917615615615616,0.915502067736332,0.956345120480156,0.881272197973512,0.987208695861855,0.687406998690735,0.687990326104244
