"","intercept class1","intercept class2","age.centered class1","age.centered class2","varcov 1","varcov 2","varcov 3","stderr","bic.select","icl.select","ARI","MCR","RI","JI","FMI","mean.pprob.misc","mean.pprob.correct","btr.est.hm1","btr.est.best"
"1",8.86355425449915,6.03556031684957,-1.20219928786034,-0.544940394417143,4.59977362152217,0.699518124600495,0.106381373479823,1.4317715726019,1,2,0.209541087887837,0.046,0.912144144144144,0.910939193330384,0.954155258377296,0.928126912942263,0.993947895863856,0.677978780090917,0.679232781274915
