"","intercept class1","intercept class2","age.centered class1","age.centered class2","varcov 1","varcov 2","varcov 3","stderr","bic.select","icl.select","ARI","MCR","RI","JI","FMI","mean.pprob.misc","mean.pprob.correct","btr.est.hm1","btr.est.best"
"1",7.58126286459708,6.10971488838608,-1.50036888741484,-0.481584998740977,4.41335175554688,0.583447874157498,0.0771321755259667,1.38074184724071,2,2,0.176902505517332,0.048,0.908516516516517,0.907432016335527,0.952229338233086,0.929236688875865,0.986312522673855,0.679019721280636,0.681604365054682
