"","intercept class1","intercept class2","age.centered class1","age.centered class2","varcov 1","varcov 2","varcov 3","stderr","bic.select","icl.select","ARI","MCR","RI","JI","FMI","mean.pprob.misc","mean.pprob.correct","btr.est.hm1","btr.est.best"
"1",5.99934255130917,8.02510628785575,-0.468311863449554,-0.883745830654561,4.42761736566069,0.766305858421718,0.136582921420189,1.41308940652818,1,2,0.263341752798418,0.044,0.915787787787788,0.914304457129819,0.955922120354238,0.880431899184586,0.974824181776779,0.673167128666766,0.672864477990162
