"","intercept class1","intercept class2","age.centered class1","age.centered class2","varcov 1","varcov 2","varcov 3","stderr","bic.select","icl.select","ARI","MCR","RI","JI","FMI","mean.pprob.misc","mean.pprob.correct","btr.est.hm1","btr.est.best"
"1",7.99885624962285,6.04670115713016,-1.39869838916712,-0.471526464345558,4.15132046605899,0.608200268482632,0.117419365363566,1.41046721186545,2,2,0.355771913129729,0.041,0.921283283283283,0.919271785058741,0.958458127424749,0.855782756411369,0.982898815273009,0.670492179758942,0.670513823504632
