"","intercept class1","intercept class2","age.centered class1","age.centered class2","varcov 1","varcov 2","varcov 3","stderr","bic.select","icl.select","ARI","MCR","RI","JI","FMI","mean.pprob.misc","mean.pprob.correct","btr.est.hm1","btr.est.best"
"1",7.9591588651189,5.98046384800117,-1.55942829828408,-0.510826625950953,4.45106853018756,0.596619396412926,0.0799706638371333,1.42724561043463,2,2,0.324069846095551,0.046,0.912144144144144,0.909876903235346,0.953184219686155,0.846291816167582,0.985169733217997,0.67893059995324,0.679940269810319
