"","intercept class1","intercept class2","age.centered class1","age.centered class2","varcov 1","varcov 2","varcov 3","stderr","bic.select","icl.select","ARI","MCR","RI","JI","FMI","mean.pprob.misc","mean.pprob.correct","btr.est.hm1","btr.est.best"
"1",5.89479522822724,9.42129693473897,-0.51451597548056,-0.532653927769392,4.1416356772025,0.670852788922398,0.143582545338549,1.4074361082522,1,2,0.0922937677667674,0.05,0.904904904904905,0.904333780447033,0.950681658755347,0.943419412508571,0.994621406033226,0.67113956146627,0.671117402028929
