"","intercept class1","intercept class2","age.centered class1","age.centered class2","varcov 1","varcov 2","varcov 3","stderr","bic.select","icl.select","ARI","MCR","RI","JI","FMI","mean.pprob.misc","mean.pprob.correct","btr.est.hm1","btr.est.best"
"1",6.02226226482157,7.31938452939824,-0.475329693385138,-1.45971285865319,4.59944698696568,0.752241951550809,0.142288698852586,1.40390693794298,2,2,0.435357420919188,0.04,0.923123123123123,0.920379524267657,0.958814079571023,0.81137351818842,0.965263425512369,0.69368656269376,0.693951291359535
