"","intercept class1","intercept class2","age.centered class1","age.centered class2","varcov 1","varcov 2","varcov 3","stderr","bic.select","icl.select","ARI","MCR","RI","JI","FMI","mean.pprob.misc","mean.pprob.correct","btr.est.hm1","btr.est.best"
"1",5.21545572264823,7.18778759239819,-0.787370183054376,-0.203640378907288,3.33485207002898,0.249964983639672,0.0637275887494602,1.39677001152759,1,2,0.0121401234469147,0.397,0.520738738738739,0.496178049037146,0.689168612428246,0.640073401822802,0.691305277080393,0.671899836829725,0.672035618184811
