"","intercept class1","intercept class2","age.centered class1","age.centered class2","varcov 1","varcov 2","varcov 3","stderr","bic.select","icl.select","ARI","MCR","RI","JI","FMI","mean.pprob.misc","mean.pprob.correct","btr.est.hm1","btr.est.best"
"1",5.94859070057264,8.24806217284312,-0.511617710035541,-1.19097583752486,4.08245915480828,0.626325615657546,0.096090068916562,1.3982422017265,2,2,0.383298144411186,0.048,0.908516516516517,0.905229625696841,0.950378721644316,0.822797870633283,0.97702383104544,0.678363600633955,0.680061552258784
