"","intercept class1","intercept class2","age.centered class1","age.centered class2","varcov 1","varcov 2","varcov 3","stderr","bic.select","icl.select","ARI","MCR","RI","JI","FMI","mean.pprob.misc","mean.pprob.correct","btr.est.hm1","btr.est.best"
"1",7.4313610378686,5.93768599479535,-1.77413150016519,-0.555038505880233,4.53147099588481,0.635517918945288,0.0891284591307988,1.43196110156931,2,2,0.378783497654115,0.04,0.923123123123123,0.921005858732144,0.959368165217167,0.889544376291214,0.987797574506534,0.674204669749526,0.676904798380417
