"","intercept class1","intercept class2","age.centered class1","age.centered class2","varcov 1","varcov 2","varcov 3","stderr","bic.select","icl.select","ARI","MCR","RI","JI","FMI","mean.pprob.misc","mean.pprob.correct","btr.est.hm1","btr.est.best"
"1",6.59398641680195,5.96853570492467,-1.9696180234322,-0.457532396600706,4.45057537458232,0.638113144683088,0.0914919505988986,1.39598904776907,2,2,0.394056759792067,0.04,0.923123123123123,0.920849221890137,0.959223850766303,0.924692221551513,0.982943006804717,0.681626781607049,0.682429605055007
