"","intercept class1","intercept class2","age.centered class1","age.centered class2","varcov 1","varcov 2","varcov 3","stderr","bic.select","icl.select","ARI","MCR","RI","JI","FMI","mean.pprob.misc","mean.pprob.correct","btr.est.hm1","btr.est.best"
"1",7.0719681011649,6.0596876973487,-1.91741508658801,-0.490460940433781,4.49138665420627,0.58655324639762,0.0766010143961825,1.41142371789227,2,2,0.263341752798418,0.044,0.915787787787788,0.914304457129819,0.955922120354238,0.920041170889788,0.991535993393482,0.677361831080531,0.677877194002823
