"","intercept class1","intercept class2","age.centered class1","age.centered class2","varcov 1","varcov 2","varcov 3","stderr","bic.select","icl.select","ARI","MCR","RI","JI","FMI","mean.pprob.misc","mean.pprob.correct","btr.est.hm1","btr.est.best"
"1",5.91305177305503,7.47937593249322,-0.527532908948855,-1.76337297657442,4.47681335853309,0.594478082086634,0.0789414745326539,1.40227654862575,2,2,0.301739385228088,0.041,0.921283283283283,0.919752229728351,0.958925919419176,0.894773348024266,0.991965590657694,0.67800603631185,0.678288145730619
