"","intercept class1","intercept class2","age.centered class1","age.centered class2","varcov 1","varcov 2","varcov 3","stderr","bic.select","icl.select","ARI","MCR","RI","JI","FMI","mean.pprob.misc","mean.pprob.correct","btr.est.hm1","btr.est.best"
"1",6.06042735923746,6.6380582132712,-0.505283017401979,-1.71873423094773,4.39497685043214,0.658782931180879,0.098747949178199,1.41930063464056,2,2,0.362651853160315,0.04,0.923123123123123,0.921162524277426,0.959516341557897,0.925108514369726,0.974873702603657,0.667675251098689,0.668696474445947
