"","intercept class1","intercept class2","age.centered class1","age.centered class2","varcov 1","varcov 2","varcov 3","stderr","bic.select","icl.select","ARI","MCR","RI","JI","FMI","mean.pprob.misc","mean.pprob.correct","btr.est.hm1","btr.est.best"
"1",8.0346783943148,5.924777082144,-1.73087614301289,-0.567071990076245,4.23151646181425,0.553305850116018,0.0723493264427104,1.40241760065011,2,2,0.242323769959757,0.044,0.915787787787788,0.914474861334765,0.9560896814802,0.947681243432867,0.99545527421718,0.673176914113384,0.672371933276172
