"","intercept class1","intercept class2","age.centered class1","age.centered class2","varcov 1","varcov 2","varcov 3","stderr","bic.select","icl.select","ARI","MCR","RI","JI","FMI","mean.pprob.misc","mean.pprob.correct","btr.est.hm1","btr.est.best"
"1",7.90702879870272,6.04678797032087,-1.62022093994331,-0.454376615118943,4.51538761798018,0.709706905530531,0.11154849008247,1.39747902108402,2,2,0.415236198185624,0.041,0.921283283283283,0.918631602037987,0.957888416298864,0.902041823403114,0.987616451793801,0.689707631126122,0.69172974825499
