"","intercept class1","intercept class2","age.centered class1","age.centered class2","varcov 1","varcov 2","varcov 3","stderr","bic.select","icl.select","ARI","MCR","RI","JI","FMI","mean.pprob.misc","mean.pprob.correct","btr.est.hm1","btr.est.best"
"1",7.85984372730682,5.88583507333749,-1.23367401515852,-0.498320313342302,3.75280802806141,0.480515907043573,0.0615261759409198,1.41986880346305,1,2,0.199735278049556,0.048,0.908516516516517,0.907248259484036,0.952054042699738,0.893484751738561,0.985430745630187,0.641111060291336,0.642318001460957
