"","intercept class1","intercept class2","age.centered class1","age.centered class2","varcov 1","varcov 2","varcov 3","stderr","bic.select","icl.select","ARI","MCR","RI","JI","FMI","mean.pprob.misc","mean.pprob.correct","btr.est.hm1","btr.est.best"
"1",5.92682665364651,7.95882790021723,-0.510046591112111,-1.27749740223978,4.20505928998526,0.595908790114871,0.111408233071992,1.3670373813832,1,2,0.3951088468899,0.044,0.915787787787788,0.912942335473349,0.95472010784986,0.80905099019911,0.970917960716707,0.694285569818671,0.694261805664928
