"","intercept class1","intercept class2","age.centered class1","age.centered class2","varcov 1","varcov 2","varcov 3","stderr","bic.select","icl.select","ARI","MCR","RI","JI","FMI","mean.pprob.misc","mean.pprob.correct","btr.est.hm1","btr.est.best"
"1",4.83489805986271,7.43680487055277,-0.826140162565298,-0.214545720390169,2.7230397312488,0.108431029211988,0.00432455792393087,1.4273925204515,1,2,0.00788502016242074,0.425,0.510760760760761,0.485723364942275,0.681196338044764,0.709137795953064,0.761131353975317,0.662710750918347,0.66282835311197
