"","intercept class1","intercept class2","age.centered class1","age.centered class2","varcov 1","varcov 2","varcov 3","stderr","bic.select","icl.select","ARI","MCR","RI","JI","FMI","mean.pprob.misc","mean.pprob.correct","btr.est.hm1","btr.est.best"
"1",4.87065647940447,7.68059968665198,-0.859620535367617,-0.246414331243509,2.87638276179413,0.0971700041024563,0.0673330981671772,1.40317804574735,1,2,0.00396996620050859,0.466,0.501813813813814,0.476386866535927,0.673979425100809,0.75668763884105,0.768419319695901,0.698935535422259,0.699148778305288
