"","intercept class1","intercept class2","age.centered class1","age.centered class2","varcov 1","varcov 2","varcov 3","stderr","bic.select","icl.select","ARI","MCR","RI","JI","FMI","mean.pprob.misc","mean.pprob.correct","btr.est.hm1","btr.est.best"
"1",7.49120700101322,5.91257453386592,-1.27393667821771,-0.484162849632451,4.36082098616396,0.685927981570604,0.108429715219649,1.40832998368202,2,2,0.414665864746938,0.043,0.917615615615616,0.914668032497937,0.955642174978451,0.778427203789594,0.965361322198501,0.676826934848904,0.67657153445473
