"","intercept class1","intercept class2","age.centered class1","age.centered class2","varcov 1","varcov 2","varcov 3","stderr","bic.select","icl.select","ARI","MCR","RI","JI","FMI","mean.pprob.misc","mean.pprob.correct","btr.est.hm1","btr.est.best"
"1",6.06847012629825,7.03603555408944,-0.47808372880264,-1.50240750924013,4.05187079237391,0.600477072834344,0.10305061079865,1.42109604238759,2,2,0.378783497654115,0.04,0.923123123123123,0.921005858732144,0.959368165217167,0.850247929571421,0.972412239037877,0.657492039237017,0.656919980679694
