"","intercept class1","intercept class2","age.centered class1","age.centered class2","varcov 1","varcov 2","varcov 3","stderr","bic.select","icl.select","ARI","MCR","RI","JI","FMI","mean.pprob.misc","mean.pprob.correct","btr.est.hm1","btr.est.best"
"1",6.81888038275678,3.87468332912055,-0.339931834769417,-1.05248226334653,2.89699478485092,0.213975014310114,0.0817763393783853,1.37707088052742,1,2,-0.0054348020950855,0.197,0.646528528528528,0.635911278648228,0.785120061953916,0.726621237658626,0.871599971109049,0.69281425648088,0.693065020192884
