"","intercept class1","intercept class2","age.centered class1","age.centered class2","varcov 1","varcov 2","varcov 3","stderr","bic.select","icl.select","ARI","MCR","RI","JI","FMI","mean.pprob.misc","mean.pprob.correct","btr.est.hm1","btr.est.best"
"1",7.76213984928272,6.11935199368736,-1.6737598863069,-0.467013137942506,5.01938718233098,0.781520803384906,0.121683135123182,1.42796376876008,1,2,0.219977515894685,0.044,0.915787787787788,0.9146452819928,0.956261086480366,0.954491668545066,0.993853659969761,0.684102653050513,0.687425192838966
