"","intercept class1","intercept class2","age.centered class1","age.centered class2","varcov 1","varcov 2","varcov 3","stderr","bic.select","icl.select","ARI","MCR","RI","JI","FMI","mean.pprob.misc","mean.pprob.correct","btr.est.hm1","btr.est.best"
"1",7.88711413194186,5.94219860462209,-1.49640093752855,-0.52323438787371,4.39016277211007,0.665038068158817,0.100742693899921,1.4425483053846,2,2,0.400806592321667,0.037,0.928666666666667,0.926712027282189,0.962549727043253,0.937127773177789,0.987515258920073,0.668882467242522,0.668697443632911
