"","intercept class1","intercept class2","age.centered class1","age.centered class2","varcov 1","varcov 2","varcov 3","stderr","bic.select","icl.select","ARI","MCR","RI","JI","FMI","mean.pprob.misc","mean.pprob.correct","btr.est.hm1","btr.est.best"
"1",5.65018215994681,8.12646092807956,-0.6452326839288,0.162114203420205,3.52287823928068,0.198929348966397,0.0190393181360726,1.4271880410459,1,2,0.0584760884812922,0.055,0.831129129129129,0.828533270452781,0.906238389820347,0.653301589657122,0.903938680810162,0.664459450600027,0.664833946780079
