"","intercept class1","intercept class2","age.centered class1","age.centered class2","varcov 1","varcov 2","varcov 3","stderr","bic.select","icl.select","ARI","MCR","RI","JI","FMI","mean.pprob.misc","mean.pprob.correct","btr.est.hm1","btr.est.best"
"1",8.23607026847745,6.05288961244525,-1.79453052873151,-0.49873671615492,4.78884616503333,0.654417068514645,0.0894295547500244,1.38250119101785,2,2,0.26920515378115,0.043,0.917615615615616,0.916169945771523,0.956976792173951,0.960256629475701,0.996021190384582,0.700509021945129,0.701505248857192
