"","intercept class1","intercept class2","age.centered class1","age.centered class2","varcov 1","varcov 2","varcov 3","stderr","bic.select","icl.select","ARI","MCR","RI","JI","FMI","mean.pprob.misc","mean.pprob.correct","btr.est.hm1","btr.est.best"
"1",7.5046490556242,6.08106911294207,-1.60274527786849,-0.509288498620017,4.49261563482822,0.61566269965269,0.0843699267976758,1.39255881258768,1,2,0.166000434172165,0.045,0.913963963963964,0.913137948458818,0.95556195731552,0.943274598731271,0.989683062716809,0.68275131269699,0.683382585790519
