"","intercept class1","intercept class2","age.centered class1","age.centered class2","varcov 1","varcov 2","varcov 3","stderr","bic.select","icl.select","ARI","MCR","RI","JI","FMI","mean.pprob.misc","mean.pprob.correct","btr.est.hm1","btr.est.best"
"1",5.94696279995917,7.96254494010505,-0.536798501827967,-1.45071674269851,4.6623187704453,0.806149308239189,0.139391088725839,1.39014258475253,2,2,0.226282918204571,0.047,0.910328328328328,0.908911394464442,0.95293262062865,0.917699603157855,0.988535146849126,0.694482541964372,0.695637961696943
