"","intercept class1","intercept class2","age.centered class1","age.centered class2","varcov 1","varcov 2","varcov 3","stderr","bic.select","icl.select","ARI","MCR","RI","JI","FMI","mean.pprob.misc","mean.pprob.correct","btr.est.hm1","btr.est.best"
"1",7.15177651325618,6.02669411843017,-1.6930191584201,-0.473565910256666,4.50527339008948,0.699089467539006,0.121998465125372,1.41495399182698,2,2,0.477891831689028,0.036,0.930522522522523,0.92790876420366,0.962930581290255,0.881712872034921,0.97583779686067,0.683428003687459,0.682860588122125
