"","intercept class1","intercept class2","age.centered class1","age.centered class2","varcov 1","varcov 2","varcov 3","stderr","bic.select","icl.select","ARI","MCR","RI","JI","FMI","mean.pprob.misc","mean.pprob.correct","btr.est.hm1","btr.est.best"
"1",5.82947025907983,6.74963979820858,-0.519381494847455,-1.5691998064813,4.25262566378364,0.636242134031982,0.0951893146809066,1.33738450716712,2,2,0.333854995115143,0.047,0.910328328328328,0.907829483206368,0.951984462716677,0.853983178386047,0.972218185713339,0.689379468232225,0.689970200442295
