"","intercept class1","intercept class2","age.centered class1","age.centered class2","varcov 1","varcov 2","varcov 3","stderr","bic.select","icl.select","ARI","MCR","RI","JI","FMI","mean.pprob.misc","mean.pprob.correct","btr.est.hm1","btr.est.best"
"1",7.04273710639463,4.6770172422643,-0.399196775144963,-0.752933223249005,3.08881739855427,0.335270286656762,0.10821002553,1.41553674889122,1,2,-0.0182871985317806,0.397,0.507957957957958,0.486837654663822,0.680017638720744,0.686197414675612,0.753441218497918,0.673159023448234,0.673298460303963
