"","intercept class1","intercept class2","age.centered class1","age.centered class2","varcov 1","varcov 2","varcov 3","stderr","bic.select","icl.select","ARI","MCR","RI","JI","FMI","mean.pprob.misc","mean.pprob.correct","btr.est.hm1","btr.est.best"
"1",5.82757452594727,7.3206409640538,-0.53378954421231,-1.26228729727546,4.29939210944268,0.632151514263151,0.0929469899435234,1.4134569570608,1,2,0.345862893752957,0.045,0.913963963963964,0.911574437965276,0.954088335945352,0.858170940533819,0.959066468678483,0.671420844951791,0.671651224555394
