"","intercept class1","intercept class2","age.centered class1","age.centered class2","varcov 1","varcov 2","varcov 3","stderr","bic.select","icl.select","ARI","MCR","RI","JI","FMI","mean.pprob.misc","mean.pprob.correct","btr.est.hm1","btr.est.best"
"1",9.99036682474825,5.94789980440614,-0.975724020699651,-0.522465438498307,3.9100169179587,0.558383651074245,0.0797423412655316,1.43438801066935,2,2,0.28916006266965,0.043,0.917615615615616,0.916002939315384,0.956813099552047,0.977230252860218,0.998702394795177,0.652749013622304,0.653441741423139
