"","intercept class1","intercept class2","age.centered class1","age.centered class2","varcov 1","varcov 2","varcov 3","stderr","bic.select","icl.select","ARI","MCR","RI","JI","FMI","mean.pprob.misc","mean.pprob.correct","btr.est.hm1","btr.est.best"
"1",4.70483993176717,6.43515777412034,-0.809049502600352,-0.444652272433362,3.75651400773924,0.285617373212955,0.0787431809818551,1.41439222811311,1,2,-0.00522070579373851,0.05,0.866234234234234,0.865681903161348,0.928318318060164,0.905024745921162,0.84047302236985,0.665456227124263,0.665609123990139
