"","intercept class1","intercept class2","age.centered class1","age.centered class2","varcov 1","varcov 2","varcov 3","stderr","bic.select","icl.select","ARI","MCR","RI","JI","FMI","mean.pprob.misc","mean.pprob.correct","btr.est.hm1","btr.est.best"
"1",4.29940284097449,6.87898653225493,-0.753162402824824,-0.416121421274155,3.53670032261843,0.606720843477911,0.170708292698774,1.39273733572774,1,2,-0.02540565825602,0.272,0.573301301301301,0.559007676232646,0.73188391224899,0.666562873908541,0.813341676009333,0.695757643321951,0.695783646997322
