"","intercept class1","intercept class2","age.centered class1","age.centered class2","varcov 1","varcov 2","varcov 3","stderr","bic.select","icl.select","ARI","MCR","RI","JI","FMI","mean.pprob.misc","mean.pprob.correct","btr.est.hm1","btr.est.best"
"1",7.36750844330189,5.96037852051867,-1.50153192265384,-0.531508031564841,4.49931321301503,0.630934531283806,0.0884753685407015,1.38300721095743,2,2,0.544187820981149,0.131,0.772094094094094,0.628516139979898,0.771888134946338,0.65457135392125,0.955826460859978,0.744382090495554,0.746445631957406
