"","intercept class1","intercept class2","age.centered class1","age.centered class2","varcov 1","varcov 2","varcov 3","stderr","bic.select","icl.select","ARI","MCR","RI","JI","FMI","mean.pprob.misc","mean.pprob.correct","btr.est.hm1","btr.est.best"
"1",5.85733866156438,7.6124309254976,-0.532211711549541,-1.49690086896569,3.91172379586422,0.571926381543122,0.0836216781770806,1.41656033369738,2,2,0.574137849678694,0.121,0.787069069069069,0.648655523255814,0.786890314743086,0.669537465112286,0.971403097436657,0.72867045330005,0.729551552697135
