"","intercept class1","intercept class2","age.centered class1","age.centered class2","varcov 1","varcov 2","varcov 3","stderr","bic.select","icl.select","ARI","MCR","RI","JI","FMI","mean.pprob.misc","mean.pprob.correct","btr.est.hm1","btr.est.best"
"1",7.70909153257065,6.01353423917876,-1.47645435831203,-0.498029937749039,4.37196893961879,0.631133666612053,0.0911099121054476,1.42487529374486,2,2,0.562061709254414,0.125,0.781031031031031,0.640464544462414,0.780833148404972,0.678201287363265,0.969891096036208,0.739345949549755,0.740928456165338
