"","intercept class1","intercept class2","age.centered class1","age.centered class2","varcov 1","varcov 2","varcov 3","stderr","bic.select","icl.select","ARI","MCR","RI","JI","FMI","mean.pprob.misc","mean.pprob.correct","btr.est.hm1","btr.est.best"
"1",5.98293175340029,7.5363818814943,-0.504304160487145,-1.52458120983426,4.414941095888,0.612681835178013,0.0940987379586859,1.40572955361763,2,2,0.59867446717591,0.113,0.799337337337337,0.66553544494721,0.799184990656522,0.646336223185665,0.969655838158838,0.745599443971207,0.746879172303944
