"","intercept class1","intercept class2","age.centered class1","age.centered class2","varcov 1","varcov 2","varcov 3","stderr","bic.select","icl.select","ARI","MCR","RI","JI","FMI","mean.pprob.misc","mean.pprob.correct","btr.est.hm1","btr.est.best"
"1",5.91701241750474,7.5279909522361,-0.519840865724223,-1.55797510730836,4.25771063069619,0.605431546415245,0.086255929683282,1.42863840513736,2,2,0.547148551983498,0.13,0.773573573573574,0.631069734670311,0.773812479727173,0.702220050795414,0.977041523343771,0.735844480137472,0.736891117905299
