"","intercept class1","intercept class2","age.centered class1","age.centered class2","varcov 1","varcov 2","varcov 3","stderr","bic.select","icl.select","ARI","MCR","RI","JI","FMI","mean.pprob.misc","mean.pprob.correct","btr.est.hm1","btr.est.best"
"1",7.53013668156316,5.93005329795067,-1.47041612407102,-0.541598301586937,4.21605083116736,0.645398583407486,0.119489237602706,1.40405449812665,2,2,0.526604194501131,0.137,0.763301301301301,0.617573424763876,0.763581893198444,0.649608517050033,0.964400800979349,0.737962674419117,0.738013299947233
