"","intercept class1","intercept class2","age.centered class1","age.centered class2","varcov 1","varcov 2","varcov 3","stderr","bic.select","icl.select","ARI","MCR","RI","JI","FMI","mean.pprob.misc","mean.pprob.correct","btr.est.hm1","btr.est.best"
"1",7.37636755550303,6.0151695452397,-1.5071643095528,-0.480779460610881,4.52586902536035,0.646675577005037,0.09901120093774,1.39351561132119,2,2,0.595579407761785,0.114,0.79778978978979,0.663403027253277,0.797645602408012,0.661935069995352,0.975227272477658,0.749811533345905,0.748619497967907
