"","intercept class1","intercept class2","age.centered class1","age.centered class2","varcov 1","varcov 2","varcov 3","stderr","bic.select","icl.select","ARI","MCR","RI","JI","FMI","mean.pprob.misc","mean.pprob.correct","btr.est.hm1","btr.est.best"
"1",5.64837461945299,7.57270242261366,-0.506031860401477,-1.44980669466053,4.26882165331242,0.595454354585894,0.0830595123071076,1.38749927621488,2,2,0.53535896082997,0.134,0.76767967967968,0.622670221759771,0.767463671952633,0.69880648214915,0.979340064960143,0.750378375853791,0.753622076631944
