"","intercept class1","intercept class2","age.centered class1","age.centered class2","varcov 1","varcov 2","varcov 3","stderr","bic.select","icl.select","ARI","MCR","RI","JI","FMI","mean.pprob.misc","mean.pprob.correct","btr.est.hm1","btr.est.best"
"1",6.05376225302038,7.59890276786816,-0.522081109631141,-1.51543731166208,4.17786283733932,0.640380012086347,0.0981646058463796,1.42405159749439,2,2,0.535359966463564,0.134,0.76767967967968,0.62300120204022,0.767715532623365,0.659291487759211,0.972775388803021,0.731297512331986,0.731497819844526
