"","intercept class1","intercept class2","age.centered class1","age.centered class2","varcov 1","varcov 2","varcov 3","stderr","bic.select","icl.select","ARI","MCR","RI","JI","FMI","mean.pprob.misc","mean.pprob.correct","btr.est.hm1","btr.est.best"
"1",6.0937851935634,7.53149039698073,-0.54206800070857,-1.54226039198435,4.41215058584209,0.598548489354277,0.0817920388921081,1.42390117441776,2,2,0.509306247357698,0.143,0.754652652652653,0.606122645754323,0.754765885772633,0.674099160325778,0.967504769952394,0.736482433676224,0.735389730963149
