"","intercept class1","intercept class2","age.centered class1","age.centered class2","varcov 1","varcov 2","varcov 3","stderr","bic.select","icl.select","ARI","MCR","RI","JI","FMI","mean.pprob.misc","mean.pprob.correct","btr.est.hm1","btr.est.best"
"1",6.12746829614355,7.44537805214862,-0.466595024608638,-1.49610962589882,4.36307350000284,0.637795282205912,0.0951913063033925,1.42409022480902,2,2,0.506450240766194,0.144,0.753225225225225,0.603912546111232,0.753049251602761,0.658978345141391,0.971003511289807,0.735192580788336,0.73405766420123
