"","intercept class1","intercept class2","age.centered class1","age.centered class2","varcov 1","varcov 2","varcov 3","stderr","bic.select","icl.select","ARI","MCR","RI","JI","FMI","mean.pprob.misc","mean.pprob.correct","btr.est.hm1","btr.est.best"
"1",7.57619566397861,5.8111274472658,-1.42001914074312,-0.537561211591955,4.07168703206063,0.629714223468937,0.0974085965832366,1.42460418264447,2,2,0.512169212261874,0.142,0.756084084084084,0.60800489044754,0.75622361864037,0.665191240999967,0.965381731504789,0.728458836769619,0.729048240770601
