"","intercept class1","intercept class2","age.centered class1","age.centered class2","varcov 1","varcov 2","varcov 3","stderr","bic.select","icl.select","ARI","MCR","RI","JI","FMI","mean.pprob.misc","mean.pprob.correct","btr.est.hm1","btr.est.best"
"1",5.37042855612811,8.14367389519248,-1.32956894181646,-0.711492118398544,3.38012477838252,-0.0706763778122418,0.277208857935946,1.41772517617511,3,2,-0.000857602986426478,0.494,0.499571571571572,0.332564336713714,0.499134383662794,0.814026224462058,0.794125225764942,0.751195089555098,0.751156376469242
