"","intercept class1","intercept class2","age.centered class1","age.centered class2","varcov 1","varcov 2","varcov 3","stderr","bic.select","icl.select","ARI","MCR","RI","JI","FMI","mean.pprob.misc","mean.pprob.correct","btr.est.hm1","btr.est.best"
"1",6.01435979688197,7.53252251351447,-0.531591122277243,-1.46487211655051,4.35411642795623,0.624335570273988,0.0895244320656856,1.42542195307559,2,2,0.57413895572225,0.121,0.787069069069069,0.649031163791397,0.787167481895499,0.665188960410397,0.956734393469946,0.730513169932788,0.732458427922692
