"","intercept class1","intercept class2","age.centered class1","age.centered class2","varcov 1","varcov 2","varcov 3","stderr","bic.select","icl.select","ARI","MCR","RI","JI","FMI","mean.pprob.misc","mean.pprob.correct","btr.est.hm1","btr.est.best"
"1",7.54474773958367,5.92608530430833,-1.47735625464825,-0.481556837826212,4.65960584534919,0.646915955035282,0.0922654548860515,1.40970204187132,2,2,0.541240668275535,0.132,0.770618618618619,0.627813906953477,0.771365205017433,0.689395019500483,0.969718281880414,0.754179683611942,0.753497418137625
