"","intercept class1","intercept class2","age.centered class1","age.centered class2","varcov 1","varcov 2","varcov 3","stderr","bic.select","icl.select","ARI","MCR","RI","JI","FMI","mean.pprob.misc","mean.pprob.correct","btr.est.hm1","btr.est.best"
"1",5.92879322501396,7.61323816696709,-0.526529924638031,-1.49423991235329,4.09661293667861,0.594054845166367,0.102019728657192,1.41779653080806,2,2,0.509306247357698,0.143,0.754652652652653,0.606122645754323,0.754765885772633,0.689599883231237,0.964986856913848,0.733935255205241,0.734421224275784
