"","intercept class1","intercept class2","age.centered class1","age.centered class2","varcov 1","varcov 2","varcov 3","stderr","bic.select","icl.select","ARI","MCR","RI","JI","FMI","mean.pprob.misc","mean.pprob.correct","btr.est.hm1","btr.est.best"
"1",5.96047348917749,7.60754661505823,-0.5158469756252,-1.50175927703613,4.44731384842314,0.606232582305539,0.082638411856984,1.41451850412246,2,2,0.592492164199936,0.115,0.796246246246246,0.661215264370265,0.796062113970747,0.685885314093013,0.968498272580775,0.743907654562483,0.745070663166532
