"","intercept class1","intercept class2","age.centered class1","age.centered class2","varcov 1","varcov 2","varcov 3","stderr","bic.select","icl.select","ARI","MCR","RI","JI","FMI","mean.pprob.misc","mean.pprob.correct","btr.est.hm1","btr.est.best"
"1",5.96122864778828,7.54813001407497,-0.509658204344041,-1.50676931006014,4.44025749908598,0.678689449771385,0.103737250652276,1.40950864459618,2,2,0.589413660258661,0.116,0.794706706706707,0.659290565235304,0.79466585362298,0.660911057997309,0.976825013712303,0.742124008086557,0.745359038382114
