"","intercept class1","intercept class2","age.centered class1","age.centered class2","varcov 1","varcov 2","varcov 3","stderr","bic.select","icl.select","ARI","MCR","RI","JI","FMI","mean.pprob.misc","mean.pprob.correct","btr.est.hm1","btr.est.best"
"1",5.88283282029656,7.81138566998416,-0.527697976400315,-1.48746842672214,3.93354884759766,0.561266635173056,0.0800855257584287,1.41203591751269,2,2,0.568083653033733,0.123,0.784042042042042,0.644501641202758,0.783826084518439,0.680309862630194,0.978692996644902,0.735766552545444,0.73793695333523
