"","intercept class1","intercept class2","age.centered class1","age.centered class2","varcov 1","varcov 2","varcov 3","stderr","bic.select","icl.select","ARI","MCR","RI","JI","FMI","mean.pprob.misc","mean.pprob.correct","btr.est.hm1","btr.est.best"
"1",6.03873708508617,7.409412430883,-0.488452907656047,-1.58095088404239,4.68786662365502,0.675132314352657,0.0999772157734287,1.44470843719354,2,2,0.559062967629893,0.126,0.779531531531532,0.638534760060395,0.779397330887171,0.688326493254506,0.973972210166718,0.744010196927727,0.743271590759839
