"","intercept class1","intercept class2","age.centered class1","age.centered class2","varcov 1","varcov 2","varcov 3","stderr","bic.select","icl.select","ARI","MCR","RI","JI","FMI","mean.pprob.misc","mean.pprob.correct","btr.est.hm1","btr.est.best"
"1",5.98265783978299,7.46269970774792,-0.512242612279457,-1.52670413234046,4.35230875572946,0.678609251571624,0.112492354500738,1.40149106298658,2,2,0.529513796370667,0.136,0.764756756756757,0.619052559231258,0.764709896877461,0.675693872924183,0.965785181230403,0.744179999905079,0.743170116133166
