"","intercept class1","intercept class2","age.centered class1","age.centered class2","varcov 1","varcov 2","varcov 3","stderr","bic.select","icl.select","ARI","MCR","RI","JI","FMI","mean.pprob.misc","mean.pprob.correct","btr.est.hm1","btr.est.best"
"1",5.97071698344695,7.69539230348753,-0.500967058761973,-1.49010992286357,4.3484889564298,0.719194145593119,0.118947179792122,1.39688441064034,2,2,0.535359258795933,0.134,0.76767967967968,0.622768350562382,0.767538260589509,0.692649480392746,0.985082950781368,0.744031182718886,0.747836198054103
