"","intercept class1","intercept class2","age.centered class1","age.centered class2","varcov 1","varcov 2","varcov 3","stderr","bic.select","icl.select","ARI","MCR","RI","JI","FMI","mean.pprob.misc","mean.pprob.correct","btr.est.hm1","btr.est.best"
"1",6.13536318579848,7.36277022799802,-0.503855289817939,-1.50504658230796,4.74534245570541,0.567975966486736,0.0679822370614538,1.40996702320901,2,2,0.517917442598518,0.14,0.758958958958959,0.61123919122253,0.75871936900739,0.646597564639355,0.953412863933305,0.740265425132886,0.743326599787772
