"","intercept class1","intercept class2","age.centered class1","age.centered class2","varcov 1","varcov 2","varcov 3","stderr","bic.select","icl.select","ARI","MCR","RI","JI","FMI","mean.pprob.misc","mean.pprob.correct","btr.est.hm1","btr.est.best"
"1",7.96037342589354,5.00128009577274,-0.864311864792074,-1.12959426097084,2.66412348408686,0.144647001867702,0.344044551783845,1.44687840471591,3,2,0.0293838842843699,0.413,0.514652652652653,0.363597941933113,0.533705719895397,0.777478355231654,0.85015624206977,0.723527707546593,0.723597993598571
