"","intercept class1","intercept class2","age.centered class1","age.centered class2","varcov 1","varcov 2","varcov 3","stderr","bic.select","icl.select","ARI","MCR","RI","JI","FMI","mean.pprob.misc","mean.pprob.correct","btr.est.hm1","btr.est.best"
"1",7.54453826312142,6.12590684043461,-1.50891809439441,-0.450791084320507,4.40303721531605,0.673781395450661,0.106022420102698,1.39239943435732,2,2,0.523699711153803,0.138,0.76184984984985,0.615161142132472,0.761733559527311,0.655902942028352,0.979074056895189,0.748039064951668,0.747112868828798
