"","intercept class1","intercept class2","age.centered class1","age.centered class2","varcov 1","varcov 2","varcov 3","stderr","bic.select","icl.select","ARI","MCR","RI","JI","FMI","mean.pprob.misc","mean.pprob.correct","btr.est.hm1","btr.est.best"
"1",7.69203850975258,5.63017167392735,-1.44029961489155,-0.601807054617204,4.35205009285469,0.707414801632999,0.137363880885733,1.45771092212319,2,2,0.532433330084579,0.135,0.766216216216216,0.621170341149449,0.766324162650454,0.674983405572975,0.955301987453105,0.738693630066341,0.73930684434429
