"","intercept class1","intercept class2","age.centered class1","age.centered class2","varcov 1","varcov 2","varcov 3","stderr","bic.select","icl.select","ARI","MCR","RI","JI","FMI","mean.pprob.misc","mean.pprob.correct","btr.est.hm1","btr.est.best"
"1",5.98861834684191,7.47804743467113,-0.519491858694365,-1.52213446424096,4.48140630170125,0.572912256473965,0.0732422886012818,1.42002561033513,2,2,0.630065768043196,0.103,0.815033033033033,0.687572703909103,0.814865878821962,0.634751748426131,0.967699698912802,0.735876086285216,0.739460449152614
