"","intercept class1","intercept class2","age.centered class1","age.centered class2","varcov 1","varcov 2","varcov 3","stderr","bic.select","icl.select","ARI","MCR","RI","JI","FMI","mean.pprob.misc","mean.pprob.correct","btr.est.hm1","btr.est.best"
"1",6.02681529328654,7.3984549067086,-0.469984101526509,-1.44398109867171,4.48955017980452,0.619455583176346,0.0854710539094228,1.43993987559694,2,2,0.464590989879498,0.159,0.732294294294294,0.578232043501848,0.732761966276307,0.640671762061208,0.95967126830731,0.724514978982715,0.728700051560054
