"","intercept class1","intercept class2","age.centered class1","age.centered class2","varcov 1","varcov 2","varcov 3","stderr","bic.select","icl.select","ARI","MCR","RI","JI","FMI","mean.pprob.misc","mean.pprob.correct","btr.est.hm1","btr.est.best"
"1",7.71121729552455,5.84757339879445,-1.48515896524986,-0.536776883766427,4.21074758527499,0.701124701434584,0.116748113068015,1.42607510889712,2,2,0.486690919056426,0.151,0.743345345345345,0.591436675377653,0.743274098273969,0.671189031600287,0.980144293926179,0.739200567280588,0.740155620752585
