"","intercept class1","intercept class2","age.centered class1","age.centered class2","varcov 1","varcov 2","varcov 3","stderr","bic.select","icl.select","ARI","MCR","RI","JI","FMI","mean.pprob.misc","mean.pprob.correct","btr.est.hm1","btr.est.best"
"1",7.59526650395736,6.02595445293435,-1.51574192870334,-0.482536729298421,4.51741869839433,0.555465182171556,0.0683008338432944,1.44001345633614,2,2,0.547146700646947,0.13,0.773573573573574,0.630454955367062,0.773348510257229,0.686396753208772,0.971295868753512,0.739011591202474,0.740904986121461
