"","intercept class1","intercept class2","age.centered class1","age.centered class2","varcov 1","varcov 2","varcov 3","stderr","bic.select","icl.select","ARI","MCR","RI","JI","FMI","mean.pprob.misc","mean.pprob.correct","btr.est.hm1","btr.est.best"
"1",7.71848793341268,6.10912166848271,-1.46171745419461,-0.509065626205091,4.14907190613029,0.583030599738386,0.0819280587133819,1.41627735092144,2,2,0.541238020533459,0.132,0.770618618618619,0.626941385620234,0.770700118516772,0.664692531065001,0.965527771098468,0.725211872186559,0.729380053631723
