"","intercept class1","intercept class2","age.centered class1","age.centered class2","varcov 1","varcov 2","varcov 3","stderr","bic.select","icl.select","ARI","MCR","RI","JI","FMI","mean.pprob.misc","mean.pprob.correct","btr.est.hm1","btr.est.best"
"1",6.07083677934775,7.32179333174199,-0.481117461401459,-1.5438465307773,4.40014167264003,0.591985691653341,0.0796444945454056,1.43910646077109,2,2,0.574137713129709,0.121,0.787069069069069,0.64860909211048,0.786856138566433,0.658436772041614,0.964888600945783,0.721766289015855,0.727401130713008
