"","intercept class1","intercept class2","age.centered class1","age.centered class2","varcov 1","varcov 2","varcov 3","stderr","bic.select","icl.select","ARI","MCR","RI","JI","FMI","mean.pprob.misc","mean.pprob.correct","btr.est.hm1","btr.est.best"
"1",6.30627467139418,7.40019798731824,-0.507318264198177,-1.5353927593243,4.66587226601425,0.650671669723807,0.112193419324419,1.36726681225422,2,2,0.512169439068156,0.142,0.756084084084084,0.608078026686568,0.75628048151676,0.655303473932031,0.958178489832163,0.751708056852953,0.752489230600228
