"","intercept class1","intercept class2","age.centered class1","age.centered class2","varcov 1","varcov 2","varcov 3","stderr","bic.select","icl.select","ARI","MCR","RI","JI","FMI","mean.pprob.misc","mean.pprob.correct","btr.est.hm1","btr.est.best"
"1",6.12113895590019,7.6546229462046,-0.446547716846162,-1.49212350266084,4.31058350007683,0.672956370656651,0.110751146991394,1.36322914006158,2,2,0.556071629033781,0.127,0.778036036036036,0.636412230763177,0.777814072518451,0.694248580604292,0.977854408026965,0.755971327292123,0.755455353549036
