"","intercept class1","intercept class2","age.centered class1","age.centered class2","varcov 1","varcov 2","varcov 3","stderr","bic.select","icl.select","ARI","MCR","RI","JI","FMI","mean.pprob.misc","mean.pprob.correct","btr.est.hm1","btr.est.best"
"1",7.62877584469523,6.02870638238805,-1.49988866500067,-0.515308670184895,4.40150224491591,0.606185312954098,0.0947287737053453,1.40898028300545,2,2,0.497933432874014,0.147,0.748966966966967,0.598358082742892,0.748715934438509,0.671334326882882,0.971969519133052,0.745391396849012,0.744763217507971
