"","intercept class1","intercept class2","age.centered class1","age.centered class2","varcov 1","varcov 2","varcov 3","stderr","bic.select","icl.select","ARI","MCR","RI","JI","FMI","mean.pprob.misc","mean.pprob.correct","btr.est.hm1","btr.est.best"
"1",5.94276904710349,7.37666360696917,-0.495084140219575,-1.50312978705077,4.21424472919508,0.600971413567634,0.0914194119173655,1.44979847775777,2,2,0.589413324549052,0.116,0.794706706706707,0.659175058995579,0.79458174859938,0.666660172244453,0.961875661456127,0.721579762252472,0.722375167417494
