"","intercept class1","intercept class2","age.centered class1","age.centered class2","varcov 1","varcov 2","varcov 3","stderr","bic.select","icl.select","ARI","MCR","RI","JI","FMI","mean.pprob.misc","mean.pprob.correct","btr.est.hm1","btr.est.best"
"1",7.53518080833334,6.02629722955741,-1.46378889717779,-0.50664111370115,3.92538731133828,0.595778667641306,0.11578589284333,1.40052422552655,2,2,0.52660228194475,0.137,0.763301301301301,0.616948965838992,0.763102592597064,0.667126285858041,0.954567295807488,0.727169223504561,0.727459716804163
