"","intercept class1","intercept class2","age.centered class1","age.centered class2","varcov 1","varcov 2","varcov 3","stderr","bic.select","icl.select","ARI","MCR","RI","JI","FMI","mean.pprob.misc","mean.pprob.correct","btr.est.hm1","btr.est.best"
"1",5.85633770937663,7.47822576049594,-0.528624901436187,-1.52556414603097,4.23017483678993,0.586284590569185,0.0812566010610959,1.40271894941529,2,2,0.509306042820534,0.143,0.754652652652653,0.606056807077097,0.754714626033105,0.68640510815863,0.977736404951473,0.740784778845136,0.74146865981776
