"","intercept class1","intercept class2","age.centered class1","age.centered class2","varcov 1","varcov 2","varcov 3","stderr","bic.select","icl.select","ARI","MCR","RI","JI","FMI","mean.pprob.misc","mean.pprob.correct","btr.est.hm1","btr.est.best"
"1",5.92038960873524,7.50266742990575,-0.51621747217937,-1.51459119664597,4.56703267851248,0.615210559063154,0.0828730759751688,1.3753526082868,2,2,0.556072269570784,0.127,0.778036036036036,0.636626725573225,0.777974454385024,0.682265742943078,0.974466757458052,0.757324256727502,0.758418299661568
