"","intercept class1","intercept class2","age.centered class1","age.centered class2","varcov 1","varcov 2","varcov 3","stderr","bic.select","icl.select","ARI","MCR","RI","JI","FMI","mean.pprob.misc","mean.pprob.correct","btr.est.hm1","btr.est.best"
"1",6.03903206110563,7.74540477809477,-0.520406569537021,-1.45806123940118,4.26810050855871,0.57291081070146,0.0929093500947587,1.41833386693367,2,2,0.571106684230755,0.122,0.785553553553554,0.646551837919884,0.785340398098193,0.648762298070348,0.960884097611312,0.739100692731715,0.739737939646532
