"","intercept class1","intercept class2","age.centered class1","age.centered class2","varcov 1","varcov 2","varcov 3","stderr","bic.select","icl.select","ARI","MCR","RI","JI","FMI","mean.pprob.misc","mean.pprob.correct","btr.est.hm1","btr.est.best"
"1",7.33550653049839,6.27091251421354,-1.5665086827103,-0.469065748709663,4.53194543869376,0.585232195118789,0.0755738905679487,1.39793767035659,2,2,0.49793649153746,0.147,0.748966966966967,0.599333452625928,0.74948250339691,0.652419229148708,0.974196946451941,0.73754429726949,0.740995950217394
