"","intercept class1","intercept class2","age.centered class1","age.centered class2","varcov 1","varcov 2","varcov 3","stderr","bic.select","icl.select","ARI","MCR","RI","JI","FMI","mean.pprob.misc","mean.pprob.correct","btr.est.hm1","btr.est.best"
"1",7.35727129238456,5.8352568408323,-1.53151293357278,-0.539947334521991,4.30903511784094,0.599433516090039,0.083387731307104,1.41406664699027,2,2,0.55607241191209,0.127,0.778036036036036,0.636674356722463,0.778010118267357,0.606053951131837,0.974101429538671,0.733852105728166,0.736555601243123
