"","intercept class1","intercept class2","age.centered class1","age.centered class2","varcov 1","varcov 2","varcov 3","stderr","bic.select","icl.select","ARI","MCR","RI","JI","FMI","mean.pprob.misc","mean.pprob.correct","btr.est.hm1","btr.est.best"
"1",7.66233172638723,5.89620183505787,-1.46956635973208,-0.497441557069041,4.54710990153171,0.661568845605515,0.101589069020284,1.40674644657291,2,2,0.515038570599811,0.141,0.75751951951952,0.609374193714846,0.757280930928022,0.651444707100122,0.9754402683807,0.753951144590592,0.753955861523888
