"","intercept class1","intercept class2","age.centered class1","age.centered class2","varcov 1","varcov 2","varcov 3","stderr","bic.select","icl.select","ARI","MCR","RI","JI","FMI","mean.pprob.misc","mean.pprob.correct","btr.est.hm1","btr.est.best"
"1",6.2036316438819,7.31317580983856,-0.431987924693568,-1.51841720319926,4.09910114851228,0.506711858513339,0.0626373686711349,1.43870091335859,2,2,0.57717678062193,0.12,0.788588588588589,0.650687378435238,0.788383539209613,0.644453289508369,0.969280538243305,0.715054912753659,0.716380502137377
