"","intercept class1","intercept class2","age.centered class1","age.centered class2","varcov 1","varcov 2","varcov 3","stderr","bic.select","icl.select","ARI","MCR","RI","JI","FMI","mean.pprob.misc","mean.pprob.correct","btr.est.hm1","btr.est.best"
"1",7.38074209946386,6.19453127805916,-1.51772491541028,-0.485271453717361,4.29917743212977,0.604481894717398,0.101544771635952,1.40206166629199,2,2,0.512167874882615,0.142,0.756084084084084,0.607573083216306,0.755888614651406,0.645500392510794,0.958357203038579,0.732849309421637,0.733741067286219
