"","intercept class1","intercept class2","age.centered class1","age.centered class2","varcov 1","varcov 2","varcov 3","stderr","bic.select","icl.select","ARI","MCR","RI","JI","FMI","mean.pprob.misc","mean.pprob.correct","btr.est.hm1","btr.est.best"
"1",7.56706292840866,5.93209536441072,-1.49013893365535,-0.519931722428228,4.33308323883587,0.614060575631914,0.102581680405104,1.39535520846178,2,2,0.556072027590356,0.127,0.778036036036036,0.63654572395164,0.777913845346341,0.687345350339906,0.964107254631646,0.745895597027475,0.746614038976546
