"","intercept class1","intercept class2","age.centered class1","age.centered class2","varcov 1","varcov 2","varcov 3","stderr","bic.select","icl.select","ARI","MCR","RI","JI","FMI","mean.pprob.misc","mean.pprob.correct","btr.est.hm1","btr.est.best"
"1",5.9698595214362,7.69505408339953,-0.517439445641126,-1.46767471390129,4.51403853035447,0.700438452670613,0.10868627803474,1.4358827854653,2,2,0.532432640448164,0.135,0.766216216216216,0.620944077281639,0.766151341361035,0.688397167542492,0.97332170632734,0.737478618490605,0.740619651716798
