"","intercept class1","intercept class2","age.centered class1","age.centered class2","varcov 1","varcov 2","varcov 3","stderr","bic.select","icl.select","ARI","MCR","RI","JI","FMI","mean.pprob.misc","mean.pprob.correct","btr.est.hm1","btr.est.best"
"1",5.98196205950683,7.42365285401068,-0.472504129681648,-1.50022008533863,4.61481773895461,0.591457091739332,0.0758052163796911,1.42513553372923,2,2,0.529514739225389,0.136,0.764756756756757,0.619361066659756,0.764946228707528,0.676000889755142,0.968720834359244,0.740834830117257,0.743103669373202
