"","intercept class1","intercept class2","age.centered class1","age.centered class2","varcov 1","varcov 2","varcov 3","stderr","bic.select","icl.select","ARI","MCR","RI","JI","FMI","mean.pprob.misc","mean.pprob.correct","btr.est.hm1","btr.est.best"
"1",5.81649123952765,7.61648364518119,-0.507726866579619,-1.45342830134055,4.50902515824569,0.687093315427262,0.122387961012784,1.40008761590478,2,2,0.500766577610566,0.146,0.750382382382382,0.600909032712374,0.750711783706723,0.667691663688216,0.9734332710646,0.755239106440265,0.755220769194533
