"","intercept class1","intercept class2","age.centered class1","age.centered class2","varcov 1","varcov 2","varcov 3","stderr","bic.select","icl.select","ARI","MCR","RI","JI","FMI","mean.pprob.misc","mean.pprob.correct","btr.est.hm1","btr.est.best"
"1",7.59890486908998,5.87124534830371,-1.48931636824194,-0.534053027463618,4.37652363973604,0.665197869844159,0.101104950521405,1.38094968676412,2,2,0.538293877926465,0.133,0.769147147147147,0.624599567663298,0.768927409411389,0.640891420574814,0.978342144623336,0.749695552782383,0.752497131147373
