"","intercept class1","intercept class2","age.centered class1","age.centered class2","varcov 1","varcov 2","varcov 3","stderr","bic.select","icl.select","ARI","MCR","RI","JI","FMI","mean.pprob.misc","mean.pprob.correct","btr.est.hm1","btr.est.best"
"1",7.47662736421224,5.91124592824014,-1.49442999048237,-0.495228237221761,4.49922553420295,0.661201951155071,0.0971697683201955,1.40193275971004,2,2,0.571106684230755,0.122,0.785553553553554,0.646551837919884,0.785340398098193,0.632573493805569,0.972135564818186,0.745294807315909,0.747047726733354
