"","intercept class1","intercept class2","age.centered class1","age.centered class2","varcov 1","varcov 2","varcov 3","stderr","bic.select","icl.select","ARI","MCR","RI","JI","FMI","mean.pprob.misc","mean.pprob.correct","btr.est.hm1","btr.est.best"
"1",5.92150541750976,7.53183212269833,-0.54983249083916,-1.45636509457014,4.63810893086124,0.708598693198559,0.108257945361597,1.43359566338596,2,2,0.580224007185952,0.119,0.790112112112112,0.652828001854427,0.789952760124432,0.631342495393305,0.958338585981484,0.735544884820527,0.740436929771934
