"","intercept class1","intercept class2","age.centered class1","age.centered class2","varcov 1","varcov 2","varcov 3","stderr","bic.select","icl.select","ARI","MCR","RI","JI","FMI","mean.pprob.misc","mean.pprob.correct","btr.est.hm1","btr.est.best"
"1",7.41326433913338,6.03860807350157,-1.50586998687306,-0.50055348255116,4.80688139984732,0.640131798315331,0.0852472461521171,1.36119634300992,2,2,0.565068640239381,0.124,0.782534534534535,0.642465455838111,0.782318378234527,0.650691681101872,0.969968959358776,0.763310107397607,0.763503984623571
