"","intercept class1","intercept class2","age.centered class1","age.centered class2","varcov 1","varcov 2","varcov 3","stderr","bic.select","icl.select","ARI","MCR","RI","JI","FMI","mean.pprob.misc","mean.pprob.correct","btr.est.hm1","btr.est.best"
"1",6.03584481870824,7.50089874359264,-0.47704657985727,-1.51083384456788,4.44698015680891,0.610187810803542,0.0837273268082236,1.41773258206492,2,2,0.544187820981149,0.131,0.772094094094094,0.628516139979898,0.771888134946338,0.676571672593904,0.973511704441512,0.738449558294247,0.740469313260929
