"","intercept class1","intercept class2","age.centered class1","age.centered class2","varcov 1","varcov 2","varcov 3","stderr","bic.select","icl.select","ARI","MCR","RI","JI","FMI","mean.pprob.misc","mean.pprob.correct","btr.est.hm1","btr.est.best"
"1",7.62284759633089,5.77915256252237,-1.45967652109266,-0.509722738921323,4.24497391510775,0.663784443157815,0.103795641073717,1.44951421407167,2,2,0.583280171175735,0.118,0.79163963963964,0.655297585533071,0.791759013634001,0.66973505547237,0.977253385232116,0.72846192236966,0.732786659856319
