"","intercept class1","intercept class2","age.centered class1","age.centered class2","varcov 1","varcov 2","varcov 3","stderr","bic.select","icl.select","ARI","MCR","RI","JI","FMI","mean.pprob.misc","mean.pprob.correct","btr.est.hm1","btr.est.best"
"1",6.0562385632172,7.59817396900435,-0.488466471638171,-1.47600140192742,3.86757292886827,0.600705756665712,0.0933011755113686,1.41291169381681,2,2,0.529513796370667,0.136,0.764756756756757,0.619052559231258,0.764709896877461,0.687703001554156,0.973884561577662,0.717768480082993,0.720816508639416
