"","intercept class1","intercept class2","age.centered class1","age.centered class2","varcov 1","varcov 2","varcov 3","stderr","bic.select","icl.select","ARI","MCR","RI","JI","FMI","mean.pprob.misc","mean.pprob.correct","btr.est.hm1","btr.est.best"
"1",5.94187782533256,7.48809862292522,-0.470849668707429,-1.50973530341894,4.22958305360653,0.607306575090383,0.0872006789094453,1.42517632559913,2,2,0.559063073666746,0.126,0.779531531531532,0.638570350191998,0.779423885053856,0.658539017953443,0.976413829272574,0.736305008447925,0.736176561926804
