"","intercept class1","intercept class2","age.centered class1","age.centered class2","varcov 1","varcov 2","varcov 3","stderr","bic.select","icl.select","ARI","MCR","RI","JI","FMI","mean.pprob.misc","mean.pprob.correct","btr.est.hm1","btr.est.best"
"1",5.81468784942374,7.65606021233976,-0.532573278568374,-1.46135141144932,4.55615752158216,0.699555117994754,0.121058392716549,1.40042415838874,2,2,0.535358923584197,0.134,0.76767967967968,0.622657952069717,0.767454350555605,0.684876174384755,0.96600648179476,0.760354969909488,0.758927178731005
