"","intercept class1","intercept class2","age.centered class1","age.centered class2","varcov 1","varcov 2","varcov 3","stderr","bic.select","icl.select","ARI","MCR","RI","JI","FMI","mean.pprob.misc","mean.pprob.correct","btr.est.hm1","btr.est.best"
"1",5.87366659543787,7.40204911983412,-0.503202536308581,-1.52689812576022,4.62928594969887,0.6364479303094,0.0875007737585981,1.45486041645321,2,2,0.464593204455776,0.159,0.732294294294294,0.578917369945837,0.733317675159147,0.675545061221196,0.971340953587495,0.734830893566819,0.737693281422797
