"","intercept class1","intercept class2","age.centered class1","age.centered class2","varcov 1","varcov 2","varcov 3","stderr","bic.select","icl.select","ARI","MCR","RI","JI","FMI","mean.pprob.misc","mean.pprob.correct","btr.est.hm1","btr.est.best"
"1",5.77164736093781,7.47163668454843,-0.547828454086176,-1.47929104527885,4.38641152835687,0.648720045353818,0.111020279234455,1.39456458582389,2,2,0.520804326569922,0.139,0.760402402402402,0.613115019072865,0.760162805286486,0.685161843279373,0.963867438743052,0.748639603123355,0.748976350358816
