"","intercept class1","intercept class2","age.centered class1","age.centered class2","varcov 1","varcov 2","varcov 3","stderr","bic.select","icl.select","ARI","MCR","RI","JI","FMI","mean.pprob.misc","mean.pprob.correct","btr.est.hm1","btr.est.best"
"1",8.01341258037772,6.03625453015925,-0.620451025624894,-1.26472975560289,3.70563857365497,-0.0844187204836429,0.242953857403648,1.45149680967633,1,2,0.01649068411651,0.434,0.50822022022022,0.351554828150573,0.520390484328172,0.707548486189035,0.752640237521996,0.72040375097945,0.720421193928863
