"","intercept class1","intercept class2","age.centered class1","age.centered class2","varcov 1","varcov 2","varcov 3","stderr","bic.select","icl.select","ARI","MCR","RI","JI","FMI","mean.pprob.misc","mean.pprob.correct","btr.est.hm1","btr.est.best"
"1",6.0513727466726,7.48771209708489,-0.442683433660187,-1.49957368005211,4.47136198299712,0.639136122911572,0.0913595227718542,1.38392829244234,2,2,0.509306042820534,0.143,0.754652652652653,0.606056807077097,0.754714626033105,0.690736729066385,0.976485812635062,0.751052803305988,0.75181308226854
