"","intercept class1","intercept class2","age.centered class1","age.centered class2","varcov 1","varcov 2","varcov 3","stderr","bic.select","icl.select","ARI","MCR","RI","JI","FMI","mean.pprob.misc","mean.pprob.correct","btr.est.hm1","btr.est.best"
"1",7.72804946006436,5.92911341274734,-1.4378631825019,-0.523634943228843,4.53294032933321,0.756787479726513,0.136051932609387,1.39162353581196,2,2,0.559063193841784,0.126,0.779531531531532,0.638610677202977,0.779453985658102,0.668813498213192,0.97064270924251,0.756795449710742,0.757135152178275
