"","intercept class1","intercept class2","age.centered class1","age.centered class2","varcov 1","varcov 2","varcov 3","stderr","bic.select","icl.select","ARI","MCR","RI","JI","FMI","mean.pprob.misc","mean.pprob.correct","btr.est.hm1","btr.est.best"
"1",5.92018372125047,7.55873284161733,-0.524523809410627,-1.48820019087898,4.1870466363557,0.576015846336547,0.0792458981483129,1.42885963219013,2,2,0.509304815593969,0.143,0.754652652652653,0.60566131232785,0.754407305798497,0.662241894171813,0.964082612743696,0.729769627568288,0.730935575828421
