"","intercept class1","intercept class2","age.centered class1","age.centered class2","varcov 1","varcov 2","varcov 3","stderr","bic.select","icl.select","ARI","MCR","RI","JI","FMI","mean.pprob.misc","mean.pprob.correct","btr.est.hm1","btr.est.best"
"1",7.47065831440066,6.0655059664846,-1.48788108049312,-0.466905160296862,4.74324115954869,0.638221686771219,0.0858756735725267,1.4412425176863,2,2,0.532432055754827,0.135,0.766216216216216,0.620752033048403,0.766004945090928,0.654200972812232,0.965154361979611,0.740003845176463,0.74202270684385
