"","intercept class1","intercept class2","age.centered class1","age.centered class2","varcov 1","varcov 2","varcov 3","stderr","bic.select","icl.select","ARI","MCR","RI","JI","FMI","mean.pprob.misc","mean.pprob.correct","btr.est.hm1","btr.est.best"
"1",5.65966686259123,8.51915570251285,-1.185508810462,-0.677548615991804,3.3616304224704,-0.0481460106864117,0.262594897815951,1.42124093408743,1,2,0.00521584320307794,0.461,0.502544544544545,0.362482040229885,0.533061921967052,0.80751170511913,0.817934261218129,0.746230735029511,0.746058003310629
