"","intercept class1","intercept class2","age.centered class1","age.centered class2","varcov 1","varcov 2","varcov 3","stderr","bic.select","icl.select","ARI","MCR","RI","JI","FMI","mean.pprob.misc","mean.pprob.correct","btr.est.hm1","btr.est.best"
"1",5.82644336669564,7.50450449034543,-0.524005252238112,-1.52907491988931,4.51785590560245,0.638943500323343,0.0903633961489628,1.41333992979766,2,2,0.517918060899993,0.14,0.758958958958959,0.611439931324267,0.758874157403676,0.650043726494895,0.975371907873645,0.744272781433792,0.747623243062586
