"","intercept class1","intercept class2","age.centered class1","age.centered class2","varcov 1","varcov 2","varcov 3","stderr","bic.select","icl.select","ARI","MCR","RI","JI","FMI","mean.pprob.misc","mean.pprob.correct","btr.est.hm1","btr.est.best"
"1",5.96516057226949,7.55065074042107,-0.47826271348292,-1.50017615558377,4.24832358831371,0.661760915569185,0.10308551126495,1.43243892762227,2,2,0.565068696022152,0.124,0.782534534534535,0.642484283974591,0.782332338780892,0.671622683022611,0.977092173620529,0.738089236192142,0.73656610158194
