"","intercept class1","intercept class2","age.centered class1","age.centered class2","varcov 1","varcov 2","varcov 3","stderr","bic.select","icl.select","ARI","MCR","RI","JI","FMI","mean.pprob.misc","mean.pprob.correct","btr.est.hm1","btr.est.best"
"1",7.36791740280827,6.13622615715213,-1.4825999099513,-0.501499131972822,4.39955585103976,0.595867546099781,0.0807034379155037,1.40401862409902,2,2,0.532432790369296,0.135,0.766216216216216,0.62099328806782,0.766188897539431,0.663563819418349,0.956678430945606,0.732349283662283,0.733841391663261
