"","intercept class1","intercept class2","age.centered class1","age.centered class2","varcov 1","varcov 2","varcov 3","stderr","bic.select","icl.select","ARI","MCR","RI","JI","FMI","mean.pprob.misc","mean.pprob.correct","btr.est.hm1","btr.est.best"
"1",5.94389053502907,7.39964622663519,-0.503650299901218,-1.50926449860229,4.4630292326393,0.698819374091576,0.109420864652871,1.41170996292677,2,2,0.544188873274366,0.131,0.772094094094094,0.628864937469843,0.772151717484651,0.66555799486244,0.972800409501192,0.739470904426307,0.742214787755965
