"","intercept class1","intercept class2","age.centered class1","age.centered class2","varcov 1","varcov 2","varcov 3","stderr","bic.select","icl.select","ARI","MCR","RI","JI","FMI","mean.pprob.misc","mean.pprob.correct","btr.est.hm1","btr.est.best"
"1",5.869956650463,7.54150026456438,-0.565999317236205,-1.4722666313805,3.93979716173974,0.581534655222764,0.0858382988089424,1.44841223946419,2,2,0.538294366464642,0.133,0.769147147147147,0.624760820045558,0.769049717344613,0.659798044141504,0.958192390359843,0.714228216418079,0.714273360419332
