"","intercept class1","intercept class2","age.centered class1","age.centered class2","varcov 1","varcov 2","varcov 3","stderr","bic.select","icl.select","ARI","MCR","RI","JI","FMI","mean.pprob.misc","mean.pprob.correct","btr.est.hm1","btr.est.best"
"1",6.03746157105974,7.50637824860459,-0.562777267879931,-1.53126870797297,4.48758227751261,0.642290051000838,0.0919289755264597,1.36952123933864,2,2,0.598675818326808,0.113,0.799337337337337,0.666003545532096,0.799523839730171,0.666490051883937,0.973996430334229,0.75031863842915,0.752578091746625
