"","intercept class1","intercept class2","age.centered class1","age.centered class2","varcov 1","varcov 2","varcov 3","stderr","bic.select","icl.select","ARI","MCR","RI","JI","FMI","mean.pprob.misc","mean.pprob.correct","btr.est.hm1","btr.est.best"
"1",7.48027977787263,6.00098793333185,-1.46332246274419,-0.515017807660096,4.08777600368371,0.580689188129581,0.0915967375483183,1.40028575208907,2,2,0.520804756789297,0.139,0.760402402402402,0.61325504440107,0.76027049636626,0.676208776932373,0.956906050624747,0.73089638195095,0.731347542978704
