"","intercept class1","intercept class2","age.centered class1","age.centered class2","varcov 1","varcov 2","varcov 3","stderr","bic.select","icl.select","ARI","MCR","RI","JI","FMI","mean.pprob.misc","mean.pprob.correct","btr.est.hm1","btr.est.best"
"1",7.51171474187725,6.04302902416989,-1.47167863624079,-0.446732535791059,4.28394321187116,0.687211052979016,0.110239336487198,1.40733280545065,2,2,0.544188142515703,0.131,0.772094094094094,0.628622786527997,0.771968629659138,0.663464948996633,0.978174151532578,0.734832418037363,0.737713409257416
