"","intercept class1","intercept class2","age.centered class1","age.centered class2","varcov 1","varcov 2","varcov 3","stderr","bic.select","icl.select","ARI","MCR","RI","JI","FMI","mean.pprob.misc","mean.pprob.correct","btr.est.hm1","btr.est.best"
"1",7.61185261803595,6.09007310459369,-1.46068672116468,-0.494374461780707,4.29241899660503,0.648271172426495,0.0979065622368501,1.45574731059762,2,2,0.56808441472855,0.123,0.784042042042042,0.644759201201359,0.784016836116914,0.666875428885363,0.962042263930597,0.725647950456837,0.724597578252816
