"","intercept class1","intercept class2","age.centered class1","age.centered class2","varcov 1","varcov 2","varcov 3","stderr","bic.select","icl.select","ARI","MCR","RI","JI","FMI","mean.pprob.misc","mean.pprob.correct","btr.est.hm1","btr.est.best"
"1",7.5657501002422,6.06370571242732,-1.53208053837673,-0.510153823479737,4.13856096207163,0.588365847678451,0.0836464423835028,1.41858156983675,2,2,0.556074917104121,0.127,0.778036036036036,0.637510625776499,0.778639185680807,0.679917956823117,0.977432329916137,0.730445427389737,0.731599450981862
