"","intercept class1","intercept class2","age.centered class1","age.centered class2","varcov 1","varcov 2","varcov 3","stderr","bic.select","icl.select","ARI","MCR","RI","JI","FMI","mean.pprob.misc","mean.pprob.correct","btr.est.hm1","btr.est.best"
"1",7.40471226106403,5.95964822745716,-1.52420989170158,-0.496149313238163,4.73875081094634,0.681429308115435,0.10050596184916,1.40691552261178,2,2,0.553088992362956,0.128,0.776544544544545,0.634532392945784,0.776408524656747,0.718076568224062,0.970196903888109,0.754158902801862,0.753902960920945
