"","intercept class1","intercept class2","age.centered class1","age.centered class2","varcov 1","varcov 2","varcov 3","stderr","bic.select","icl.select","ARI","MCR","RI","JI","FMI","mean.pprob.misc","mean.pprob.correct","btr.est.hm1","btr.est.best"
"1",7.67544630633038,6.11199112585365,-1.50945237582543,-0.506227796465143,4.40262180518543,0.621235066484295,0.0876605727878389,1.40343515678094,2,2,0.595579589305111,0.114,0.79778978978979,0.663465831473028,0.797691069021484,0.677490218499908,0.969683422805642,0.740832718233426,0.74300046485648
