"","intercept class1","intercept class2","age.centered class1","age.centered class2","varcov 1","varcov 2","varcov 3","stderr","bic.select","icl.select","ARI","MCR","RI","JI","FMI","mean.pprob.misc","mean.pprob.correct","btr.est.hm1","btr.est.best"
"1",7.42649405445713,6.33723789834851,-1.57973859983395,-0.48231930933552,4.85367116984535,0.688762037079983,0.114767582306639,1.36293710550289,2,2,0.535363549463432,0.134,0.76767967967968,0.62417576723278,0.768615731823809,0.663738965402207,0.969542155893236,0.762098608538553,0.761735436856478
