"","intercept class1","intercept class2","age.centered class1","age.centered class2","varcov 1","varcov 2","varcov 3","stderr","bic.select","icl.select","ARI","MCR","RI","JI","FMI","mean.pprob.misc","mean.pprob.correct","btr.est.hm1","btr.est.best"
"1",7.29196739748391,6.03187894481479,-1.47518311384284,-0.449958698359163,4.69038114899216,0.654798237374136,0.0914127722663127,1.40317629233723,2,2,0.535360569841632,0.134,0.76767967967968,0.623199511643916,0.767866817557603,0.657685805415628,0.966444934202228,0.742429015292444,0.745887118879614
