"","intercept class1","intercept class2","age.centered class1","age.centered class2","varcov 1","varcov 2","varcov 3","stderr","bic.select","icl.select","ARI","MCR","RI","JI","FMI","mean.pprob.misc","mean.pprob.correct","btr.est.hm1","btr.est.best"
"1",6.10202021918445,7.61915257699904,-0.475939080340894,-1.4699291358783,4.30685573780077,0.61157773262035,0.0868472856709102,1.42717184434123,2,2,0.608007640368248,0.11,0.804004004004004,0.67198064719324,0.803813906179726,0.669278011756066,0.969613871179652,0.731380713637858,0.732952712616852
