"","intercept class1","intercept class2","age.centered class1","age.centered class2","varcov 1","varcov 2","varcov 3","stderr","bic.select","icl.select","ARI","MCR","RI","JI","FMI","mean.pprob.misc","mean.pprob.correct","btr.est.hm1","btr.est.best"
"1",7.47642500746207,6.08464351308927,-1.5016143141165,-0.450475051675035,4.34575450580865,0.616590589892019,0.087485225772316,1.42990349056639,2,2,0.568083860768949,0.123,0.784042042042042,0.644571921870469,0.783878080659742,0.669693176766451,0.967277738165344,0.732961295016774,0.73349941770219
