"","intercept class1","intercept class2","age.centered class1","age.centered class2","varcov 1","varcov 2","varcov 3","stderr","bic.select","icl.select","ARI","MCR","RI","JI","FMI","mean.pprob.misc","mean.pprob.correct","btr.est.hm1","btr.est.best"
"1",7.54703271453109,5.98326939035321,-1.48006453680713,-0.518029592127086,4.39100913569101,0.671216366879602,0.102605090607097,1.45060579113219,2,2,0.517917504428737,0.14,0.758958958958959,0.611259274565895,0.758734842747256,0.63679471478548,0.960562554083861,0.7283945876023,0.73004277830524
