"","intercept class1","intercept class2","age.centered class1","age.centered class2","varcov 1","varcov 2","varcov 3","stderr","bic.select","icl.select","ARI","MCR","RI","JI","FMI","mean.pprob.misc","mean.pprob.correct","btr.est.hm1","btr.est.best"
"1",5.86916386950733,7.45473472716771,-0.493946371655666,-1.48113887415215,4.40353250256988,0.581964752723204,0.0769120196164995,1.3831623118413,2,2,0.520807553196405,0.139,0.760402402402402,0.614162744213038,0.760971851150477,0.668226530637737,0.973303521143153,0.75027354241882,0.751330489132462
