"","intercept class1","intercept class2","age.centered class1","age.centered class2","varcov 1","varcov 2","varcov 3","stderr","bic.select","icl.select","ARI","MCR","RI","JI","FMI","mean.pprob.misc","mean.pprob.correct","btr.est.hm1","btr.est.best"
"1",7.64080417402154,5.79924847940092,-1.47184334927023,-0.52711545886391,4.3525252852844,0.690873735593533,0.10966197492651,1.38931953924361,2,2,0.580223845668953,0.119,0.790112112112112,0.652772809771737,0.789912330032884,0.693116155371633,0.980928724793223,0.75037479072971,0.753327030715065
