"","intercept class1","intercept class2","age.centered class1","age.centered class2","varcov 1","varcov 2","varcov 3","stderr","bic.select","icl.select","ARI","MCR","RI","JI","FMI","mean.pprob.misc","mean.pprob.correct","btr.est.hm1","btr.est.best"
"1",7.54746110118904,6.19384264176248,-1.51418912297725,-0.505896942395293,4.13571286944607,0.541475858017469,0.0708937718547819,1.43681767972611,2,2,0.541238660407261,0.132,0.770618618618619,0.627152619589977,0.770860615226451,0.633206089022695,0.965334689323993,0.716623700973172,0.719537318703584
