"","intercept class1","intercept class2","age.centered class1","age.centered class2","varcov 1","varcov 2","varcov 3","stderr","bic.select","icl.select","ARI","MCR","RI","JI","FMI","mean.pprob.misc","mean.pprob.correct","btr.est.hm1","btr.est.best"
"1",7.47637985533102,5.78125950882988,-1.46326802501729,-0.468586915055404,4.49087627033609,0.615495608539888,0.0843565560208126,1.41954270043159,2,2,0.586342659009569,0.117,0.793171171171171,0.657202298789552,0.793147047248239,0.674363689757711,0.968499621377779,0.745302162529217,0.746734029515898
