"","intercept class1","intercept class2","age.centered class1","age.centered class2","varcov 1","varcov 2","varcov 3","stderr","bic.select","icl.select","ARI","MCR","RI","JI","FMI","mean.pprob.misc","mean.pprob.correct","btr.est.hm1","btr.est.best"
"1",5.84442701483751,7.60949347404085,-0.591012305260194,-1.50030585294794,4.32506474327239,0.628714159439987,0.0913931996765408,1.42759372924513,2,2,0.571107234313652,0.122,0.785553553553554,0.646738341798034,0.785478131569868,0.666722453451426,0.967097036613809,0.734179471239958,0.736937228413839
