"","intercept class1","intercept class2","age.centered class1","age.centered class2","varcov 1","varcov 2","varcov 3","stderr","bic.select","icl.select","ARI","MCR","RI","JI","FMI","mean.pprob.misc","mean.pprob.correct","btr.est.hm1","btr.est.best"
"1",7.36249290657072,6.08192698710195,-1.50215577739753,-0.502070193226387,4.36232188890578,0.505653366118995,0.0586122996014824,1.42352327489222,2,2,0.48390057424156,0.152,0.74194994994995,0.589811479270357,0.741989700032407,0.624590475323829,0.958017893071984,0.722879670925885,0.727307117140661
