"","intercept class1","intercept class2","age.centered class1","age.centered class2","varcov 1","varcov 2","varcov 3","stderr","bic.select","icl.select","ARI","MCR","RI","JI","FMI","mean.pprob.misc","mean.pprob.correct","btr.est.hm1","btr.est.best"
"1",7.40029491470987,6.01726233155154,-1.53986464135532,-0.527677965457585,4.99302458297221,0.719903125733035,0.103796930291083,1.42035063860949,2,2,0.55906491163076,0.126,0.779531531531532,0.639186134137151,0.779884926392357,0.650221216155793,0.966104474320973,0.748914428314902,0.752621454254929
