"","intercept class1","intercept class2","age.centered class1","age.centered class2","varcov 1","varcov 2","varcov 3","stderr","bic.select","icl.select","ARI","MCR","RI","JI","FMI","mean.pprob.misc","mean.pprob.correct","btr.est.hm1","btr.est.best"
"1",6.13955709597635,7.79446143675041,-0.543148074824097,-1.47883521845854,4.64045903593698,0.683789591052898,0.109979032250148,1.41255265630493,2,2,0.535363184461816,0.134,0.76767967967968,0.624056447902966,0.768523827963944,0.673370477035866,0.966324736517785,0.750190487080619,0.750665732692722
