"","intercept class1","intercept class2","age.centered class1","age.centered class2","varcov 1","varcov 2","varcov 3","stderr","bic.select","icl.select","ARI","MCR","RI","JI","FMI","mean.pprob.misc","mean.pprob.correct","btr.est.hm1","btr.est.best"
"1",5.13485251763856,8.42828774262158,-1.07085695847856,-0.947400803616549,2.16466396433467,0.127667506864288,0.324983784588256,1.4008389752282,3,2,0.102791357332046,0.339,0.551393393393393,0.381509798509522,0.552311044715295,0.821011933414852,0.911264006209784,0.740335030376889,0.740410818597746
