"","intercept class1","intercept class2","age.centered class1","age.centered class2","varcov 1","varcov 2","varcov 3","stderr","bic.select","icl.select","ARI","MCR","RI","JI","FMI","mean.pprob.misc","mean.pprob.correct","btr.est.hm1","btr.est.best"
"1",7.20042051488372,6.29943412261639,-1.5529061559769,-0.425523208861656,4.64716682738127,0.625722995249122,0.0846301548268037,1.38691332195079,2,2,0.483899589619403,0.152,0.74194994994995,0.589500570067325,0.741743152536179,0.665579620486655,0.974300615086766,0.74292188847676,0.744679225709971
