"","intercept class1","intercept class2","age.centered class1","age.centered class2","varcov 1","varcov 2","varcov 3","stderr","bic.select","icl.select","ARI","MCR","RI","JI","FMI","mean.pprob.misc","mean.pprob.correct","btr.est.hm1","btr.est.best"
"1",7.96099699257497,5.66555122352825,-1.27908030928604,-0.615263412331533,3.73510507783282,0.754305957050426,0.197197711910316,1.41608322565952,2,2,0.269669043254166,0.24,0.634834834834835,0.464659924042757,0.634495308602775,0.685138698342498,0.901394036279789,0.724127262934832,0.723421029671325
