"","intercept class1","intercept class2","age.centered class1","age.centered class2","varcov 1","varcov 2","varcov 3","stderr","bic.select","icl.select","ARI","MCR","RI","JI","FMI","mean.pprob.misc","mean.pprob.correct","btr.est.hm1","btr.est.best"
"1",7.49961348493938,6.03663996476806,-1.48837691942266,-0.52326633287053,4.32732531216865,0.595081351496459,0.0818353028136697,1.41858498597995,2,2,0.259359285146937,0.245,0.62967967967968,0.459295527623502,0.629475751247799,0.648727768906841,0.827017077644037,0.721579002507263,0.721812074935573
