"","intercept class1","intercept class2","age.centered class1","age.centered class2","varcov 1","varcov 2","varcov 3","stderr","bic.select","icl.select","ARI","MCR","RI","JI","FMI","mean.pprob.misc","mean.pprob.correct","btr.est.hm1","btr.est.best"
"1",7.45282432152089,6.04357029477314,-1.42089145368459,-0.517917496921124,4.22698303743681,0.536117265524749,0.0679972455910924,1.44925548020523,2,2,0.308460614531548,0.222,0.654222222222222,0.490362938920035,0.658092743032566,0.628262572894353,0.783516512212454,0.703310953589846,0.703525675205534
