"","intercept class1","intercept class2","age.centered class1","age.centered class2","varcov 1","varcov 2","varcov 3","stderr","bic.select","icl.select","ARI","MCR","RI","JI","FMI","mean.pprob.misc","mean.pprob.correct","btr.est.hm1","btr.est.best"
"1",7.40470550885915,6.11865586713077,-1.61218710493006,-0.479395487342068,4.24207345235968,0.57934637769948,0.079122299118242,1.40421878160958,2,2,0.288738317342914,0.231,0.644366366366366,0.476645729235411,0.645585260173817,0.646533279051256,0.838176004354504,0.724062815792185,0.725069993710568
