"","intercept class1","intercept class2","age.centered class1","age.centered class2","varcov 1","varcov 2","varcov 3","stderr","bic.select","icl.select","ARI","MCR","RI","JI","FMI","mean.pprob.misc","mean.pprob.correct","btr.est.hm1","btr.est.best"
"1",6.02686440500014,7.43952636861457,-0.463509472285451,-1.48399118614506,4.72855464635432,0.684267635356063,0.107104092358882,1.40573970694252,2,2,0.288744816931931,0.231,0.644366366366366,0.478397599276494,0.647209674653129,0.619357097625868,0.820060368122319,0.737794693986958,0.737749319274923
