"","intercept class1","intercept class2","age.centered class1","age.centered class2","varcov 1","varcov 2","varcov 3","stderr","bic.select","icl.select","ARI","MCR","RI","JI","FMI","mean.pprob.misc","mean.pprob.correct","btr.est.hm1","btr.est.best"
"1",7.54320115534254,5.65707693547064,-1.45447723369227,-0.577477500278637,4.1012929149862,0.71525724876178,0.16793623235054,1.42242812856372,2,2,0.326510224378869,0.214,0.663255255255255,0.495903186942944,0.66301510941103,0.652399186471119,0.868912013311061,0.724310891272366,0.724548051473507
