"","intercept class1","intercept class2","age.centered class1","age.centered class2","varcov 1","varcov 2","varcov 3","stderr","bic.select","icl.select","ARI","MCR","RI","JI","FMI","mean.pprob.misc","mean.pprob.correct","btr.est.hm1","btr.est.best"
"1",7.69674658049575,6.09779237278476,-1.47698692602755,-0.553872409105787,4.25570181233629,0.580927359567424,0.107168341773531,1.42203600369809,1,2,0.269672321678542,0.24,0.634834834834835,0.465538358757377,0.635315479033093,0.619174023154853,0.823496663295667,0.721867688342589,0.722184695457912
