"","intercept class1","intercept class2","age.centered class1","age.centered class2","varcov 1","varcov 2","varcov 3","stderr","bic.select","icl.select","ARI","MCR","RI","JI","FMI","mean.pprob.misc","mean.pprob.correct","btr.est.hm1","btr.est.best"
"1",7.68873066578258,6.25677306948963,-1.552188068918,-0.48819516488771,4.56367632982915,0.602034531802986,0.0794661436762507,1.40623464380112,2,2,0.293057598242883,0.229,0.646528528528528,0.477636094674556,0.646487024233474,0.644341692755573,0.852416370183877,0.738242477261668,0.738287014784787
