"","intercept class1","intercept class2","age.centered class1","age.centered class2","varcov 1","varcov 2","varcov 3","stderr","bic.select","icl.select","ARI","MCR","RI","JI","FMI","mean.pprob.misc","mean.pprob.correct","btr.est.hm1","btr.est.best"
"1",7.4412634842763,6.03448055167306,-1.5057539482277,-0.502055143868779,4.85315141543279,0.669878901622041,0.0924642897743079,1.43182943953471,2,2,0.299609369539129,0.226,0.649801801801802,0.482647864329782,0.651068906636744,0.616143163276167,0.815574895258335,0.730209237042122,0.732393415347476
