"","intercept class1","intercept class2","age.centered class1","age.centered class2","varcov 1","varcov 2","varcov 3","stderr","bic.select","icl.select","ARI","MCR","RI","JI","FMI","mean.pprob.misc","mean.pprob.correct","btr.est.hm1","btr.est.best"
"1",7.27403416564558,5.87532308908023,-1.539373230385,-0.51564979732039,4.30997633178788,0.620805345747388,0.0894212263910619,1.3395618282339,2,2,0.304008214434223,0.224,0.652004004004004,0.483548937232228,0.651881480811182,0.631549746514591,0.860270706848159,0.738366667686478,0.740303110946037
