"","intercept class1","intercept class2","age.centered class1","age.centered class2","varcov 1","varcov 2","varcov 3","stderr","bic.select","icl.select","ARI","MCR","RI","JI","FMI","mean.pprob.misc","mean.pprob.correct","btr.est.hm1","btr.est.best"
"1",7.2023170135644,6.26827872648091,-1.6048975475268,-0.454721744348797,4.92875243772868,0.778818587187866,0.123067141646885,1.3800503921419,2,2,0.273849541345355,0.238,0.636924924924925,0.466991917707568,0.636665998638763,0.63485648334992,0.828420572149909,0.739907336102933,0.741591167270871
