"","intercept class1","intercept class2","age.centered class1","age.centered class2","varcov 1","varcov 2","varcov 3","stderr","bic.select","icl.select","ARI","MCR","RI","JI","FMI","mean.pprob.misc","mean.pprob.correct","btr.est.hm1","btr.est.best"
"1",7.55211920964341,6.09205591966133,-1.42821325728809,-0.459010803835887,4.90281259296864,0.73081568754778,0.108935788155567,1.42867829025401,2,2,0.261404771901516,0.244,0.630702702702703,0.460237015362107,0.630359334433836,0.610072805730616,0.835507682357759,0.735434842671228,0.734997369224946
