"","intercept class1","intercept class2","age.centered class1","age.centered class2","varcov 1","varcov 2","varcov 3","stderr","bic.select","icl.select","ARI","MCR","RI","JI","FMI","mean.pprob.misc","mean.pprob.correct","btr.est.hm1","btr.est.best"
"1",7.5414557031751,5.90835359953888,-1.59366716963412,-0.562606268717256,4.29129851730636,0.622390228320875,0.0902689522956972,1.41832379192603,2,2,0.376377268868189,0.193,0.688186186186186,0.525843278129566,0.689256089282463,0.649069517916097,0.865272419012981,0.726704363715858,0.727895962659219
