"","intercept class1","intercept class2","age.centered class1","age.centered class2","varcov 1","varcov 2","varcov 3","stderr","bic.select","icl.select","ARI","MCR","RI","JI","FMI","mean.pprob.misc","mean.pprob.correct","btr.est.hm1","btr.est.best"
"1",6.18031958047386,7.50953110022744,-0.451388598885338,-1.49411737600451,4.8595857176516,0.814602765808178,0.136550575684018,1.41606339770838,2,2,0.261405423167181,0.244,0.630702702702703,0.460410694436319,0.630522299949306,0.63173526522591,0.836950737640014,0.729223130033685,0.732602897156443
