"","intercept class1","intercept class2","age.centered class1","age.centered class2","varcov 1","varcov 2","varcov 3","stderr","bic.select","icl.select","ARI","MCR","RI","JI","FMI","mean.pprob.misc","mean.pprob.correct","btr.est.hm1","btr.est.best"
"1",5.41479732250035,7.6302748798924,-0.57667935099968,-1.43429287468127,3.80695144817089,0.630110816522903,0.104295811620324,1.42101377233143,2,2,0.273862579797319,0.238,0.636924924924925,0.470477970159713,0.639924992268413,0.680152978307993,0.922102407514436,0.729330370946713,0.729125105160428
