"","intercept class1","intercept class2","age.centered class1","age.centered class2","varcov 1","varcov 2","varcov 3","stderr","bic.select","icl.select","ARI","MCR","RI","JI","FMI","mean.pprob.misc","mean.pprob.correct","btr.est.hm1","btr.est.best"
"1",5.94474146599582,7.54525560625479,-0.505802593243542,-1.52927635556452,4.42797571847999,0.60094426068268,0.0849223920588286,1.42148434260866,2,2,0.259358620202971,0.245,0.62967967967968,0.459118448600536,0.629309360102746,0.620887041078528,0.862155464558693,0.730679297712372,0.731361937080374
