"","intercept class1","intercept class2","age.centered class1","age.centered class2","varcov 1","varcov 2","varcov 3","stderr","bic.select","icl.select","ARI","MCR","RI","JI","FMI","mean.pprob.misc","mean.pprob.correct","btr.est.hm1","btr.est.best"
"1",6.02910553953723,7.7021440506649,-0.509066749545525,-1.53838334556874,4.32069595012743,0.678776394522367,0.106635013255005,1.39431311408335,2,2,0.345088695355232,0.206,0.672544544544545,0.506344089915855,0.672282121288207,0.655289979654392,0.862786749519326,0.735156265407151,0.735886756187628
