"","intercept class1","intercept class2","age.centered class1","age.centered class2","varcov 1","varcov 2","varcov 3","stderr","bic.select","icl.select","ARI","MCR","RI","JI","FMI","mean.pprob.misc","mean.pprob.correct","btr.est.hm1","btr.est.best"
"1",5.88063288261233,7.49873675875423,-0.491631594162174,-1.51194212838025,4.80091513452176,0.819767141627971,0.152921331903459,1.39032180461765,2,2,0.310676639037074,0.221,0.655337337337337,0.487713503541034,0.655656352315887,0.662143842980352,0.86365670076541,0.749613792430035,0.749249414942292
