"","intercept class1","intercept class2","age.centered class1","age.centered class2","varcov 1","varcov 2","varcov 3","stderr","bic.select","icl.select","ARI","MCR","RI","JI","FMI","mean.pprob.misc","mean.pprob.correct","btr.est.hm1","btr.est.best"
"1",7.55449599650758,5.72337676459119,-1.44569951160819,-0.50349384609976,4.13779990838506,0.598441697941237,0.0865517973686947,1.45107706613529,2,2,0.338066771201556,0.209,0.669031031031031,0.503802840574838,0.670043893995083,0.632012085876403,0.867101419319026,0.717157491991913,0.718471954233983
