"","intercept class1","intercept class2","age.centered class1","age.centered class2","varcov 1","varcov 2","varcov 3","stderr","bic.select","icl.select","ARI","MCR","RI","JI","FMI","mean.pprob.misc","mean.pprob.correct","btr.est.hm1","btr.est.best"
"1",6.19377412410548,7.44508684497285,-0.518329802084424,-1.47473324565153,4.37991296736471,0.608041689734581,0.084411435732573,1.39099392631996,2,2,0.282313975039875,0.234,0.641153153153153,0.473709554289741,0.642891331854593,0.636672283574782,0.809116141712986,0.7204969643729,0.721673706384563
