"","intercept class1","intercept class2","age.centered class1","age.centered class2","varcov 1","varcov 2","varcov 3","stderr","bic.select","icl.select","ARI","MCR","RI","JI","FMI","mean.pprob.misc","mean.pprob.correct","btr.est.hm1","btr.est.best"
"1",7.22584101225428,6.334854553473,-1.56875275513747,-0.420714717760279,4.47265593044958,0.458213645950216,0.0469433235715849,1.41043925837052,2,2,0.237390899466991,0.256,0.618690690690691,0.450183884023163,0.620878472947404,0.610521978286429,0.80513018659284,0.720937078787142,0.721406187108871
