"","intercept class1","intercept class2","age.centered class1","age.centered class2","varcov 1","varcov 2","varcov 3","stderr","bic.select","icl.select","ARI","MCR","RI","JI","FMI","mean.pprob.misc","mean.pprob.correct","btr.est.hm1","btr.est.best"
"1",7.72489016969195,6.02345563957027,-1.49604265051289,-0.514784866545702,4.42285226595652,0.673807680795357,0.112922085997444,1.4191978806115,2,2,0.282317369250724,0.234,0.641153153153153,0.474619691063106,0.643739433170552,0.645990826817664,0.866054045427908,0.73448527465886,0.733547833446868
