"","intercept class1","intercept class2","age.centered class1","age.centered class2","varcov 1","varcov 2","varcov 3","stderr","bic.select","icl.select","ARI","MCR","RI","JI","FMI","mean.pprob.misc","mean.pprob.correct","btr.est.hm1","btr.est.best"
"1",7.58903599905816,5.81461890824003,-1.52159905773076,-0.57425877254066,4.18975938232382,0.562669929083028,0.0755645945382917,1.4104492433684,2,2,0.376376369058491,0.193,0.688186186186186,0.525583307950046,0.68903072916953,0.652878947178976,0.86232336203271,0.731186332451053,0.731477196991905
