"","intercept class1","intercept class2","age.centered class1","age.centered class2","varcov 1","varcov 2","varcov 3","stderr","bic.select","icl.select","ARI","MCR","RI","JI","FMI","mean.pprob.misc","mean.pprob.correct","btr.est.hm1","btr.est.best"
"1",7.27258228327412,6.0117004831749,-1.48130224564314,-0.527951102847819,4.42007896252489,0.597065580740571,0.0942695708792982,1.41066042443713,2,2,0.24726486080961,0.251,0.623625625625626,0.456461778651555,0.626837136715697,0.615602866684021,0.798808436333378,0.717625115661357,0.718084107164108
