"","intercept class1","intercept class2","age.centered class1","age.centered class2","varcov 1","varcov 2","varcov 3","stderr","bic.select","icl.select","ARI","MCR","RI","JI","FMI","mean.pprob.misc","mean.pprob.correct","btr.est.hm1","btr.est.best"
"1",5.95213884382804,7.42667106903429,-0.546982597314688,-1.52901584483995,4.78816542511766,0.649815334764002,0.0881882585840854,1.39673522033959,2,2,0.297414199069694,0.227,0.648706706706707,0.480085925925926,0.648727464695275,0.615078813438105,0.829147237823549,0.742971207674942,0.743563055588062
