"","intercept class1","intercept class2","age.centered class1","age.centered class2","varcov 1","varcov 2","varcov 3","stderr","bic.select","icl.select","ARI","MCR","RI","JI","FMI","mean.pprob.misc","mean.pprob.correct","btr.est.hm1","btr.est.best"
"1",7.71250586011895,5.94212997421796,-1.47877217223175,-0.445962740183553,3.78784289615488,0.557611478638458,0.0820864459467414,1.38357989053905,2,2,0.324223614807253,0.215,0.662112112112112,0.494534291704103,0.661790492288818,0.637019628023221,0.905133212585076,0.729167987786908,0.730007557447372
