"","intercept class1","intercept class2","age.centered class1","age.centered class2","varcov 1","varcov 2","varcov 3","stderr","bic.select","icl.select","ARI","MCR","RI","JI","FMI","mean.pprob.misc","mean.pprob.correct","btr.est.hm1","btr.est.best"
"1",7.72474123803495,5.80939683152948,-1.4632784386381,-0.556429131441591,4.35660235956718,0.588156334377701,0.0794036050331577,1.42812170826207,2,2,0.282307244052214,0.234,0.641153153153153,0.471895347809434,0.641208170364684,0.644892611591791,0.845382327051755,0.732763402279238,0.733817536733443
