"","intercept class1","intercept class2","age.centered class1","age.centered class2","varcov 1","varcov 2","varcov 3","stderr","bic.select","icl.select","ARI","MCR","RI","JI","FMI","mean.pprob.misc","mean.pprob.correct","btr.est.hm1","btr.est.best"
"1",5.88551077886855,7.5447588229449,-0.557810993260215,-1.43645812694156,4.85068593283985,0.688912039980176,0.108388452920786,1.405449796485,2,2,0.269672321678542,0.24,0.634834834834835,0.465538358757377,0.635315479033093,0.631994461654255,0.81835515079305,0.744457111676701,0.744412830929731
