"","intercept class1","intercept class2","age.centered class1","age.centered class2","varcov 1","varcov 2","varcov 3","stderr","bic.select","icl.select","ARI","MCR","RI","JI","FMI","mean.pprob.misc","mean.pprob.correct","btr.est.hm1","btr.est.best"
"1",6.03152561104084,7.584062370627,-0.553277408898201,-1.47671235850347,4.81256451402088,0.706306051040908,0.103659544999682,1.38259333812411,2,2,0.299606539919536,0.226,0.649801801801802,0.48187553686206,0.650361169612719,0.633776253365971,0.8206865763429,0.745779058959311,0.746207875329516
