"","intercept class1","intercept class2","age.centered class1","age.centered class2","varcov 1","varcov 2","varcov 3","stderr","bic.select","icl.select","ARI","MCR","RI","JI","FMI","mean.pprob.misc","mean.pprob.correct","btr.est.hm1","btr.est.best"
"1",6.03535939597868,7.55591981554874,-0.552268200959169,-1.51068264073857,4.55144470896898,0.629120438918744,0.0869602610255007,1.42131335730747,2,2,0.280180731223637,0.235,0.64009009009009,0.47063967868837,0.640047822698749,0.616246303728396,0.829115094657316,0.728570981550884,0.729285616411006
