"","intercept class1","intercept class2","age.centered class1","age.centered class2","varcov 1","varcov 2","varcov 3","stderr","bic.select","icl.select","ARI","MCR","RI","JI","FMI","mean.pprob.misc","mean.pprob.correct","btr.est.hm1","btr.est.best"
"1",6.1167889195578,7.47864690086896,-0.509169258825154,-1.52902867936922,4.64429182448372,0.681494695013106,0.116378336509789,1.41803910897167,2,2,0.288734098247865,0.231,0.644366366366366,0.475502238074429,0.644530020702446,0.644451641158543,0.82374095547912,0.734159241457471,0.732275662721721
