"","intercept class1","intercept class2","age.centered class1","age.centered class2","varcov 1","varcov 2","varcov 3","stderr","bic.select","icl.select","ARI","MCR","RI","JI","FMI","mean.pprob.misc","mean.pprob.correct","btr.est.hm1","btr.est.best"
"1",5.9586033670517,7.80347627793388,-0.537854334994524,-1.46514289885181,4.0861439134982,0.617741269350762,0.0933898687795508,1.40594732173415,2,2,0.297416564475845,0.227,0.648706706706707,0.48073212594697,0.64931923447222,0.659633565759714,0.857037371267284,0.727738041268048,0.729162652548184
