"","intercept class1","intercept class2","age.centered class1","age.centered class2","varcov 1","varcov 2","varcov 3","stderr","bic.select","icl.select","ARI","MCR","RI","JI","FMI","mean.pprob.misc","mean.pprob.correct","btr.est.hm1","btr.est.best"
"1",6.03658499614903,7.4824721086609,-0.429836220280253,-1.46158438263832,3.97156577549908,0.503820894837847,0.0639143958108894,1.41111030903611,2,2,0.267596802070043,0.241,0.633795795795796,0.465105330260957,0.634915619450352,0.63894517373278,0.855555359649994,0.714793333079178,0.715631211396578
