"","intercept class1","intercept class2","age.centered class1","age.centered class2","varcov 1","varcov 2","varcov 3","stderr","bic.select","icl.select","ARI","MCR","RI","JI","FMI","mean.pprob.misc","mean.pprob.correct","btr.est.hm1","btr.est.best"
"1",7.42698431593849,6.21589260318884,-1.50873899917075,-0.387244304308002,4.5375354543675,0.532434007374366,0.0876964466295821,1.41556155059775,2,2,0.340404026023945,0.208,0.670198198198198,0.505944169195888,0.671942621463051,0.608992410317553,0.819546618512827,0.731317465772869,0.731093805151482
