"","intercept class1","intercept class2","age.centered class1","age.centered class2","varcov 1","varcov 2","varcov 3","stderr","bic.select","icl.select","ARI","MCR","RI","JI","FMI","mean.pprob.misc","mean.pprob.correct","btr.est.hm1","btr.est.best"
"1",7.28683193656165,6.01218741727706,-1.49461229938234,-0.455398540100739,4.55425296989074,0.600982038480921,0.079307579952027,1.40145441132248,2,2,0.269673164697195,0.24,0.634834834834835,0.465763776206571,0.635526300616707,0.628642894260803,0.816108638730937,0.73023584412239,0.730545229416291
