"","intercept class1","intercept class2","age.centered class1","age.centered class2","varcov 1","varcov 2","varcov 3","stderr","bic.select","icl.select","ARI","MCR","RI","JI","FMI","mean.pprob.misc","mean.pprob.correct","btr.est.hm1","btr.est.best"
"1",6.04869417402239,7.55072286745157,-0.529775800676093,-1.51987888728605,4.2487717473223,0.625814557622267,0.0921783572132913,1.38570668494471,2,2,0.28232786233681,0.234,0.641153153153153,0.477413599071704,0.646358414082815,0.650455060606736,0.844833645083524,0.721967867568028,0.725120428303915
