"","intercept class1","intercept class2","age.centered class1","age.centered class2","varcov 1","varcov 2","varcov 3","stderr","bic.select","icl.select","ARI","MCR","RI","JI","FMI","mean.pprob.misc","mean.pprob.correct","btr.est.hm1","btr.est.best"
"1",6.1540372628352,7.37778403162638,-0.400095892903251,-1.52181491852703,4.76384370987696,0.697223318056081,0.102045717648901,1.42452118427733,2,2,0.340397015021422,0.208,0.670198198198198,0.503971575682756,0.670187948278166,0.629393685292648,0.844554565141789,0.73015757310772,0.730482187816574
