"","intercept class1","intercept class2","age.centered class1","age.centered class2","varcov 1","varcov 2","varcov 3","stderr","bic.select","icl.select","ARI","MCR","RI","JI","FMI","mean.pprob.misc","mean.pprob.correct","btr.est.hm1","btr.est.best"
"1",5.71435784061997,7.71246948574246,-0.533880070719253,-1.30325407281551,4.07878853479186,0.5823445178693,0.126816914531917,1.38428868319921,1,2,0.288747211487415,0.231,0.644366366366366,0.479040072261455,0.647807758822907,0.637080544314371,0.86363255578152,0.738564964277871,0.737831658074616
