"","intercept class1","intercept class2","age.centered class1","age.centered class2","varcov 1","varcov 2","varcov 3","stderr","bic.select","icl.select","ARI","MCR","RI","JI","FMI","mean.pprob.misc","mean.pprob.correct","btr.est.hm1","btr.est.best"
"1",8.07303372768403,5.54092623843211,-0.651569327226338,-1.2799628461448,3.40639367292153,-0.188716353350842,0.149629279067757,1.42470080123238,1,2,0.0300337870545529,0.412,0.515003003003003,0.352820803257054,0.521663236859942,0.702216256486005,0.71052898649273,0.720978306677412,0.720880391426255
