"","intercept class1","intercept class2","age.centered class1","age.centered class2","varcov 1","varcov 2","varcov 3","stderr","bic.select","icl.select","ARI","MCR","RI","JI","FMI","mean.pprob.misc","mean.pprob.correct","btr.est.hm1","btr.est.best"
"1",7.52576400176483,6.05734015769666,-1.55226585935377,-0.471221429390268,4.1069457650564,0.699322606619444,0.119926671569376,1.41218448063004,2,2,0.304008660760754,0.224,0.652004004004004,0.483671662894248,0.651993162726193,0.658270742037318,0.8640848118179,0.71925033422186,0.718689059557734
