"","intercept class1","intercept class2","age.centered class1","age.centered class2","varcov 1","varcov 2","varcov 3","stderr","bic.select","icl.select","ARI","MCR","RI","JI","FMI","mean.pprob.misc","mean.pprob.correct","btr.est.hm1","btr.est.best"
"1",6.12366707264822,7.34140916350066,-0.476367749856996,-1.53038144522433,4.33021719160543,0.634212605321653,0.0928914284685764,1.42556579131808,2,3,0.000105351101831682,0.489,0.499693693693694,0.461592323204468,0.654945253615605,0.903056116837998,0.86597620255519,0.713919509789056,0.715104214988145
