"","intercept class1","intercept class2","age.centered class1","age.centered class2","varcov 1","varcov 2","varcov 3","stderr","bic.select","icl.select","ARI","MCR","RI","JI","FMI","mean.pprob.misc","mean.pprob.correct","btr.est.hm1","btr.est.best"
"1",7.44360517861756,6.25887654498702,-1.48311543038516,-0.484417325109998,4.31737672127456,0.552830863310983,0.0707922877528453,1.43940498591272,2,2,0.297420033709388,0.227,0.648706706706707,0.481676985608621,0.650186870909023,0.617272781670294,0.811834897379524,0.707445567001256,0.70765912930475
