"","intercept class1","intercept class2","age.centered class1","age.centered class2","varcov 1","varcov 2","varcov 3","stderr","bic.select","icl.select","ARI","MCR","RI","JI","FMI","mean.pprob.misc","mean.pprob.correct","btr.est.hm1","btr.est.best"
"1",6.39213575393262,8.71680610601761,-1.16342678955651,-0.22389231304566,4.03837154024904,-0.197528822713069,0.130748708438006,1.4436096633954,1,2,-0.000258441278999774,0.498,0.499507507507507,0.46264691468416,0.656388805024349,0.870056597842908,0.862244177586437,0.71505448620133,0.715315903453782
