"","intercept class1","intercept class2","age.centered class1","age.centered class2","varcov 1","varcov 2","varcov 3","stderr","bic.select","icl.select","ARI","MCR","RI","JI","FMI","mean.pprob.misc","mean.pprob.correct","btr.est.hm1","btr.est.best"
"1",7.15056725913304,6.19968745684063,-1.58977635330819,-0.459252408079712,4.65125971649379,0.642866332369881,0.0986466662089665,1.39630923725155,2,2,0.251260581953193,0.249,0.625627627627628,0.456417218004023,0.626772246714983,0.616834988456057,0.815952424489533,0.732604272536896,0.73168794563035
