"","intercept class1","intercept class2","age.centered class1","age.centered class2","varcov 1","varcov 2","varcov 3","stderr","bic.select","icl.select","ARI","MCR","RI","JI","FMI","mean.pprob.misc","mean.pprob.correct","btr.est.hm1","btr.est.best"
"1",6.09899230105745,7.35064723657871,-0.405523564971164,-1.48001750392025,4.27281724805942,0.501910531871644,0.060717907021762,1.4002051209722,2,2,0.335748871654707,0.21,0.667867867867868,0.504838199389927,0.670988930415198,0.639959744570498,0.827070400639481,0.724120546817338,0.724054596293473
