"","intercept class1","intercept class2","age.centered class1","age.centered class2","varcov 1","varcov 2","varcov 3","stderr","bic.select","icl.select","ARI","MCR","RI","JI","FMI","mean.pprob.misc","mean.pprob.correct","btr.est.hm1","btr.est.best"
"1",5.95307340144055,7.70897990960891,-0.521265806243864,-1.43542043602136,4.20688703683146,0.573945724381341,0.0783034437062004,1.38365537429715,2,2,0.278061905811088,0.236,0.639031031031031,0.469303899926416,0.638811257662519,0.642537725436199,0.844892071247925,0.732769620280897,0.735307438405242
