"","intercept class1","intercept class2","age.centered class1","age.centered class2","varcov 1","varcov 2","varcov 3","stderr","bic.select","icl.select","ARI","MCR","RI","JI","FMI","mean.pprob.misc","mean.pprob.correct","btr.est.hm1","btr.est.best"
"1",7.22115470639232,6.15455236797231,-1.55573002094755,-0.529884524231111,4.94747034761494,0.566262621528263,0.0648118674027903,1.41261595779142,2,2,0.304007489152388,0.224,0.652004004004004,0.483349383552686,0.651699987725762,0.607483424079738,0.79887372524456,0.73308076063125,0.73512264635142
