"","intercept class1","intercept class2","age.centered class1","age.centered class2","varcov 1","varcov 2","varcov 3","stderr","bic.select","icl.select","ARI","MCR","RI","JI","FMI","mean.pprob.misc","mean.pprob.correct","btr.est.hm1","btr.est.best"
"1",7.46652395505868,6.0690905753278,-1.51662855967524,-0.520090176367968,4.66057346187573,0.690706206066602,0.102364556879583,1.42827101506704,2,2,0.278062496092191,0.236,0.639031031031031,0.469463178089286,0.638958955459105,0.619756766844862,0.828120846496963,0.724675228001698,0.72695169736748
