"","intercept class1","intercept class2","age.centered class1","age.centered class2","varcov 1","varcov 2","varcov 3","stderr","bic.select","icl.select","ARI","MCR","RI","JI","FMI","mean.pprob.misc","mean.pprob.correct","btr.est.hm1","btr.est.best"
"1",5.82033990984373,7.68567509537501,-0.500623248537329,-1.47648228342616,3.78526717424177,0.591943818514182,0.0925717720585906,1.42749582108386,2,2,0.233494669155593,0.258,0.616744744744745,0.44701403291872,0.617848011393273,0.667071943549705,0.889711327765993,0.717239536152437,0.716318158265952
