"","intercept class1","intercept class2","age.centered class1","age.centered class2","varcov 1","varcov 2","varcov 3","stderr","bic.select","icl.select","ARI","MCR","RI","JI","FMI","mean.pprob.misc","mean.pprob.correct","btr.est.hm1","btr.est.best"
"1",6.14377980740713,7.3817716640591,-0.487326330338108,-1.52673549174122,4.72750750762076,0.62792604698803,0.083408918257044,1.40794576066344,2,2,0.340397808128731,0.208,0.670198198198198,0.504195509540721,0.670386431409132,0.614161034872863,0.821093971798069,0.735175974080115,0.734601633837912
