"","intercept class1","intercept class2","age.centered class1","age.centered class2","varcov 1","varcov 2","varcov 3","stderr","bic.select","icl.select","ARI","MCR","RI","JI","FMI","mean.pprob.misc","mean.pprob.correct","btr.est.hm1","btr.est.best"
"1",5.97170278531143,7.68129904483464,-0.454348089017536,-1.50158879527204,4.3595100140212,0.747833138156738,0.131444039434943,1.40355368342277,2,2,0.280179484883305,0.235,0.64009009009009,0.470302776730153,0.639735956770161,0.644824012628675,0.871373949848618,0.734929026008429,0.735677355854885
