"","intercept class1","intercept class2","age.centered class1","age.centered class2","varcov 1","varcov 2","varcov 3","stderr","bic.select","icl.select","ARI","MCR","RI","JI","FMI","mean.pprob.misc","mean.pprob.correct","btr.est.hm1","btr.est.best"
"1",7.43613875333765,6.06756257030047,-1.51328447634515,-0.524374740315889,4.84126034000704,0.602142225515609,0.0748935485767274,1.38369476413999,2,2,0.278068572459194,0.236,0.639031031031031,0.471097265489789,0.640478546445976,0.600789730700838,0.821441178417459,0.744923159550716,0.745504288163357
