"","intercept class1","intercept class2","age.centered class1","age.centered class2","varcov 1","varcov 2","varcov 3","stderr","bic.select","icl.select","ARI","MCR","RI","JI","FMI","mean.pprob.misc","mean.pprob.correct","btr.est.hm1","btr.est.best"
"1",5.76955376168301,7.74996007128894,-0.554471968213451,-1.4508981625008,4.2201936180887,0.696931600308135,0.115092849494944,1.40885756636399,2,2,0.345089104838434,0.206,0.672544544544545,0.506460275791316,0.672384596541788,0.663519265424467,0.896673208247577,0.732626804810518,0.734515725188544
