"","intercept class1","intercept class2","age.centered class1","age.centered class2","varcov 1","varcov 2","varcov 3","stderr","bic.select","icl.select","ARI","MCR","RI","JI","FMI","mean.pprob.misc","mean.pprob.correct","btr.est.hm1","btr.est.best"
"1",7.57807236735634,5.76675521925718,-1.4759424377511,-0.494317098353245,4.30473468330832,0.625735582823098,0.10496906835322,1.41593920149269,2,2,0.245272895239363,0.252,0.622630630630631,0.454892479959282,0.625348695315933,0.647231755888521,0.853410377949819,0.737921888602621,0.736932782115425
