"","intercept class1","intercept class2","age.centered class1","age.centered class2","varcov 1","varcov 2","varcov 3","stderr","bic.select","icl.select","ARI","MCR","RI","JI","FMI","mean.pprob.misc","mean.pprob.correct","btr.est.hm1","btr.est.best"
"1",6.23266483354765,7.36025587382261,-0.411523309966621,-1.54749345216591,4.76208340926365,0.725564132678501,0.125703662211163,1.40742332270191,2,2,0.269673621331486,0.24,0.634834834834835,0.46588579795022,0.635640482008465,0.615598703468706,0.828595339906932,0.736710808638083,0.735858515492357
