"","intercept class1","intercept class2","age.centered class1","age.centered class2","varcov 1","varcov 2","varcov 3","stderr","bic.select","icl.select","ARI","MCR","RI","JI","FMI","mean.pprob.misc","mean.pprob.correct","btr.est.hm1","btr.est.best"
"1",7.34122863291241,6.39745221236957,-1.63910967667725,-0.505003372578691,4.4864104467409,0.571587729768137,0.0757785429335662,1.41553421069188,2,2,0.205370288934811,0.273,0.602660660660661,0.443354050506524,0.61462195472414,0.636472432255424,0.833356241960706,0.71710835368804,0.717421538596691
