"","intercept class1","intercept class2","age.centered class1","age.centered class2","varcov 1","varcov 2","varcov 3","stderr","bic.select","icl.select","ARI","MCR","RI","JI","FMI","mean.pprob.misc","mean.pprob.correct","btr.est.hm1","btr.est.best"
"1",7.37167491454055,6.08972349122112,-1.5484066255852,-0.573215839432197,4.65461403697231,0.459783431767139,0.0454175421278276,1.3648981596198,2,2,0.297413951264319,0.227,0.648706706706707,0.480018135697691,0.648665460573579,0.618429296383006,0.78682719933607,0.743024720748412,0.744518896999381
