"","intercept class1","intercept class2","age.centered class1","age.centered class2","varcov 1","varcov 2","varcov 3","stderr","bic.select","icl.select","ARI","MCR","RI","JI","FMI","mean.pprob.misc","mean.pprob.correct","btr.est.hm1","btr.est.best"
"1",5.7640991896991,7.51875764718121,-0.526595091012546,-1.46647035402589,3.70211715234494,0.460829700130123,0.0573641245324243,1.42704474106146,2,2,0.333416880411114,0.211,0.666708708708709,0.499708502121624,0.66640751029076,0.63402998522801,0.868422720817752,0.708406889529305,0.709001360741618
