"","intercept class1","intercept class2","age.centered class1","age.centered class2","varcov 1","varcov 2","varcov 3","stderr","bic.select","icl.select","ARI","MCR","RI","JI","FMI","mean.pprob.misc","mean.pprob.correct","btr.est.hm1","btr.est.best"
"1",7.33563712012279,5.99076157378183,-1.52832194706119,-0.552517952403328,4.65965259368439,0.632776068377293,0.0859303476546341,1.42029670613654,2,2,0.275953040197795,0.237,0.637975975975976,0.468500534935396,0.638067049151089,0.629145467793509,0.80336213449596,0.724911257340145,0.72654180113959
