"","intercept class1","intercept class2","age.centered class1","age.centered class2","varcov 1","varcov 2","varcov 3","stderr","bic.select","icl.select","ARI","MCR","RI","JI","FMI","mean.pprob.misc","mean.pprob.correct","btr.est.hm1","btr.est.best"
"1",6.02424160031816,7.59310104537593,-0.541951337251898,-1.51900799560482,4.57300504716794,0.662077266590122,0.0958554554651437,1.42456886039175,2,2,0.317414578868716,0.218,0.658706706706707,0.49123183994079,0.658827522762195,0.623663445394223,0.843665404428215,0.730837467676832,0.731884217096342
