"","intercept class1","intercept class2","age.centered class1","age.centered class2","varcov 1","varcov 2","varcov 3","stderr","bic.select","icl.select","ARI","MCR","RI","JI","FMI","mean.pprob.misc","mean.pprob.correct","btr.est.hm1","btr.est.best"
"1",7.69192173942848,4.38090050853713,-0.83074951825114,-1.32949216981017,2.87738617812239,-0.0599801899108563,0.353403106874183,1.37632102158588,3,2,0.0309584352209323,0.411,0.515357357357357,0.397873345935728,0.572866108758758,0.797519879885617,0.87911496189795,0.749484897624352,0.749382077550272
