"","intercept class1","intercept class2","age.centered class1","age.centered class2","varcov 1","varcov 2","varcov 3","stderr","bic.select","icl.select","ARI","MCR","RI","JI","FMI","mean.pprob.misc","mean.pprob.correct","btr.est.hm1","btr.est.best"
"1",7.51807676072319,5.95005932530388,-1.54543397359976,-0.525418736018301,4.38263563602883,0.551501498989261,0.069400877546901,1.40589009304464,2,2,0.282307842367341,0.234,0.641153153153153,0.47205711693774,0.641357855363659,0.638443418785468,0.834092155972478,0.731076855603936,0.733191383323663
