"","intercept class1","intercept class2","age.centered class1","age.centered class2","varcov 1","varcov 2","varcov 3","stderr","bic.select","icl.select","ARI","MCR","RI","JI","FMI","mean.pprob.misc","mean.pprob.correct","btr.est.hm1","btr.est.best"
"1",5.86814502855361,7.66222921441222,-0.549273362034508,-1.49319312995548,4.14238430421233,0.529010894884984,0.0675585008973359,1.41502169128585,2,2,0.31741282794845,0.218,0.658706706706707,0.490745498213624,0.658389376427594,0.641963938393776,0.859931086931358,0.72846119512282,0.728945878899417
