"","intercept class1","intercept class2","age.centered class1","age.centered class2","varcov 1","varcov 2","varcov 3","stderr","bic.select","icl.select","ARI","MCR","RI","JI","FMI","mean.pprob.misc","mean.pprob.correct","btr.est.hm1","btr.est.best"
"1",7.80800568783167,5.60223880948627,-0.492543984220759,-1.47960538488239,3.32898990113824,-0.272848441294988,0.0873414984734514,1.41739291072209,1,2,-0.00060145883105202,0.49,0.4996996996997,0.332653257421195,0.499234525461606,0.721812813097264,0.724587840695561,0.708636918839361,0.708624431106908
