"","intercept class1","intercept class2","age.centered class1","age.centered class2","varcov 1","varcov 2","varcov 3","stderr","bic.select","icl.select","ARI","MCR","RI","JI","FMI","mean.pprob.misc","mean.pprob.correct","btr.est.hm1","btr.est.best"
"1",6.19825211155585,7.46074349687716,-0.459614736683935,-1.51887999406868,4.26691070542919,0.471952012435627,0.0522013984631962,1.40641632003046,2,2,0.319675454809011,0.217,0.659837837837838,0.492105577808334,0.659612313405982,0.618487984855642,0.814213527564771,0.720534989995906,0.721071118968231
