"","intercept class1","intercept class2","age.centered class1","age.centered class2","varcov 1","varcov 2","varcov 3","stderr","bic.select","icl.select","ARI","MCR","RI","JI","FMI","mean.pprob.misc","mean.pprob.correct","btr.est.hm1","btr.est.best"
"1",7.10978241791263,6.2743073886431,-1.48107975515697,-0.447766819928401,4.30775260891404,0.391328041039264,0.0355515033500975,1.4455179994762,2,2,0.315183244373625,0.219,0.65757957957958,0.496250721581471,0.66343031823242,0.615791962957789,0.7687307971646,0.698165825284232,0.699275100376622
