"","intercept class1","intercept class2","age.centered class1","age.centered class2","varcov 1","varcov 2","varcov 3","stderr","bic.select","icl.select","ARI","MCR","RI","JI","FMI","mean.pprob.misc","mean.pprob.correct","btr.est.hm1","btr.est.best"
"1",7.56285051913166,6.03145885787769,-1.49262616254532,-0.511327774221104,4.40502325214015,0.646038447561953,0.0947486145379758,1.38928455367465,2,2,0.308444649554844,0.222,0.654222222222222,0.485994881257068,0.654100481366447,0.650419838515277,0.838366030833616,0.734228810027635,0.734870735583565
