"","intercept class1","intercept class2","age.centered class1","age.centered class2","varcov 1","varcov 2","varcov 3","stderr","bic.select","icl.select","ARI","MCR","RI","JI","FMI","mean.pprob.misc","mean.pprob.correct","btr.est.hm1","btr.est.best"
"1",5.91612651114361,7.4023124361869,-0.464393994382045,-1.50235636650036,4.50185992332819,0.661942531072849,0.0973307011086833,1.38579519624125,2,2,0.271766610654598,0.239,0.635877877877878,0.468848562016681,0.638409121883593,0.65261690022868,0.863802504562909,0.739672562156496,0.740236679951592
