"","intercept class1","intercept class2","age.centered class1","age.centered class2","varcov 1","varcov 2","varcov 3","stderr","bic.select","icl.select","ARI","MCR","RI","JI","FMI","mean.pprob.misc","mean.pprob.correct","btr.est.hm1","btr.est.best"
"1",7.61542123152822,5.86689967267934,-1.45017925034111,-0.466317130962807,3.81909992950746,0.4458706663611,0.081559627362031,1.39360137476385,2,2,0.328806394684658,0.213,0.664402402402402,0.497713761775775,0.664632293532663,0.659740253908457,0.858294253490545,0.72852359713796,0.728286648769242
