"","intercept class1","intercept class2","age.centered class1","age.centered class2","varcov 1","varcov 2","varcov 3","stderr","bic.select","icl.select","ARI","MCR","RI","JI","FMI","mean.pprob.misc","mean.pprob.correct","btr.est.hm1","btr.est.best"
"1",7.43576109981211,6.09554106030071,-1.55683576581868,-0.488233377998395,4.39440228217955,0.630506764493789,0.0904651578776566,1.40274756342197,2,2,0.328804156476002,0.213,0.664402402402402,0.497086883475339,0.664072191190733,0.624306200547654,0.837559037053993,0.724088764448666,0.725737831915954
