"","intercept class1","intercept class2","age.centered class1","age.centered class2","varcov 1","varcov 2","varcov 3","stderr","bic.select","icl.select","ARI","MCR","RI","JI","FMI","mean.pprob.misc","mean.pprob.correct","btr.est.hm1","btr.est.best"
"1",5.75069661464477,7.65413147292155,-0.533540656775618,-1.41824378955053,4.06490446118638,0.652019362748036,0.114291874733989,1.40872656462709,2,2,0.319676196484158,0.217,0.659837837837838,0.492311967395332,0.65979791098809,0.687993811226187,0.872723102668979,0.728886667437253,0.72857048242642
