"","intercept class1","intercept class2","age.centered class1","age.centered class2","varcov 1","varcov 2","varcov 3","stderr","bic.select","icl.select","ARI","MCR","RI","JI","FMI","mean.pprob.misc","mean.pprob.correct","btr.est.hm1","btr.est.best"
"1",5.77211059062571,7.49057098914034,-0.525947285059318,-1.48440849221746,4.74860271284378,0.741874338809328,0.115903398286866,1.41804910449124,2,2,0.295240693921851,0.228,0.647615615615616,0.481250073679371,0.649805766066488,0.672316238686833,0.863442698393878,0.73823122694918,0.740904813007206
