"","intercept class1","intercept class2","age.centered class1","age.centered class2","varcov 1","varcov 2","varcov 3","stderr","bic.select","icl.select","ARI","MCR","RI","JI","FMI","mean.pprob.misc","mean.pprob.correct","btr.est.hm1","btr.est.best"
"1",7.43004359735209,6.22733328585803,-1.52565385558917,-0.463679999021698,4.16193441722333,0.586053281821301,0.0928870953657924,1.41961282414854,2,2,0.286583251678181,0.232,0.643291291291291,0.474143375734144,0.643280166828065,0.612290019172443,0.831678757310824,0.711761715624149,0.71173260246863
