"","intercept class1","intercept class2","age.centered class1","age.centered class2","varcov 1","varcov 2","varcov 3","stderr","bic.select","icl.select","ARI","MCR","RI","JI","FMI","mean.pprob.misc","mean.pprob.correct","btr.est.hm1","btr.est.best"
"1",6.55637203263106,7.18790602870846,-0.416038049147287,-1.61243839055854,4.81983978916538,0.610642705203781,0.0773645269503919,1.40461202334945,2,2,0.28444036874115,0.233,0.64222022022022,0.472779141393878,0.642023201067421,0.622223260496018,0.795669734350806,0.726229975140361,0.727786458367377
