"","intercept class1","intercept class2","age.centered class1","age.centered class2","varcov 1","varcov 2","varcov 3","stderr","bic.select","icl.select","ARI","MCR","RI","JI","FMI","mean.pprob.misc","mean.pprob.correct","btr.est.hm1","btr.est.best"
"1",7.72156724478751,5.82111258595908,-1.43263342646568,-0.527967782616064,4.08850762123698,0.61980833368145,0.127725857883975,1.40005499380539,2,2,0.269671572326994,0.24,0.634834834834835,0.465337827934926,0.63512805472505,0.648749065627675,0.88245481991465,0.7354997988642,0.735044221331831
