"","intercept class1","intercept class2","age.centered class1","age.centered class2","varcov 1","varcov 2","varcov 3","stderr","bic.select","icl.select","ARI","MCR","RI","JI","FMI","mean.pprob.misc","mean.pprob.correct","btr.est.hm1","btr.est.best"
"1",6.07961305748691,7.60604128113147,-0.446079317744905,-1.53469619189988,4.14428970301762,0.613013828133188,0.11132614517294,1.38644790128744,2,2,0.269670108745317,0.24,0.634834834834835,0.464945731886184,0.634761917669091,0.642985681486768,0.869964089548621,0.734334688178008,0.734391268735491
