"","intercept class1","intercept class2","age.centered class1","age.centered class2","varcov 1","varcov 2","varcov 3","stderr","bic.select","icl.select","ARI","MCR","RI","JI","FMI","mean.pprob.misc","mean.pprob.correct","btr.est.hm1","btr.est.best"
"1",7.50406030472449,6.05083485638236,-1.56693133419737,-0.527097404086313,4.37307601274737,0.630046781309624,0.105938791302549,1.36960631206553,2,2,0.295230705832605,0.228,0.647615615615616,0.478532914617527,0.647307765449612,0.647318627587223,0.83862860207153,0.736465300147254,0.737076984078208
