"","intercept class1","intercept class2","age.centered class1","age.centered class2","varcov 1","varcov 2","varcov 3","stderr","bic.select","icl.select","ARI","MCR","RI","JI","FMI","mean.pprob.misc","mean.pprob.correct","btr.est.hm1","btr.est.best"
"1",7.24075442484383,6.27318173560676,-1.55472688957004,-0.453477472119691,4.97426807927744,0.606825107524155,0.0740283251974423,1.41659317854344,2,2,0.275951879402113,0.237,0.637975975975976,0.468187913936499,0.637776618433705,0.61804686256565,0.792451754476412,0.734168781466564,0.735198423679949
