"","intercept class1","intercept class2","age.centered class1","age.centered class2","varcov 1","varcov 2","varcov 3","stderr","bic.select","icl.select","ARI","MCR","RI","JI","FMI","mean.pprob.misc","mean.pprob.correct","btr.est.hm1","btr.est.best"
"1",6.16112808042482,7.14279874359349,-0.412117884632994,-1.60733775987677,4.66225233476104,0.750562218552133,0.120831266227962,1.42408812351127,2,2,0.293056351530836,0.229,0.646528528528528,0.477295873053467,0.646175057766713,0.627554290824766,0.833172372971484,0.720353128158997,0.722444303070216
