"","intercept class1","intercept class2","age.centered class1","age.centered class2","varcov 1","varcov 2","varcov 3","stderr","bic.select","icl.select","ARI","MCR","RI","JI","FMI","mean.pprob.misc","mean.pprob.correct","btr.est.hm1","btr.est.best"
"1",7.38545014763371,6.1889145653577,-1.54716887616252,-0.473712850077709,4.54064386569884,0.625355988991269,0.106990467453704,1.38196713164174,2,2,0.278073942725072,0.236,0.639031031031031,0.472533130503467,0.641820296968662,0.639114475816627,0.841611267905829,0.738515785515128,0.737876255344653
