"","intercept class1","intercept class2","age.centered class1","age.centered class2","varcov 1","varcov 2","varcov 3","stderr","bic.select","icl.select","ARI","MCR","RI","JI","FMI","mean.pprob.misc","mean.pprob.correct","btr.est.hm1","btr.est.best"
"1",5.8729156369971,7.59202437837427,-0.641395967352407,-1.54030825213609,4.22660098483607,0.687087980813246,0.127517708563983,1.42250095289406,2,2,0.280185301101264,0.235,0.64009009009009,0.471871327849589,0.641190806675843,0.625496231566768,0.850760856304944,0.72193521278258,0.72189924980803
