"","intercept class1","intercept class2","age.centered class1","age.centered class2","varcov 1","varcov 2","varcov 3","stderr","bic.select","icl.select","ARI","MCR","RI","JI","FMI","mean.pprob.misc","mean.pprob.correct","btr.est.hm1","btr.est.best"
"1",6.02086332070448,7.60110791576891,-0.521865079157795,-1.48366524449789,4.69639755684571,0.666824799500458,0.0946804966597949,1.39994500888256,2,2,0.271758204630522,0.239,0.635877877877878,0.466605471224456,0.636308246088014,0.63761177613704,0.834870715826379,0.739889739946268,0.741087233618435
