"","intercept class1","intercept class2","age.centered class1","age.centered class2","varcov 1","varcov 2","varcov 3","stderr","bic.select","icl.select","ARI","MCR","RI","JI","FMI","mean.pprob.misc","mean.pprob.correct","btr.est.hm1","btr.est.best"
"1",5.98178507007482,7.68444159040466,-0.505407079664269,-1.44239731837654,4.34594330388287,0.517904942039809,0.0617186242148018,1.39560808459113,2,2,0.284440552291304,0.233,0.64222022022022,0.472828908554572,0.642069129707695,0.649790320759483,0.853911079085146,0.737301180897194,0.737854894176194
