"","intercept class1","intercept class2","age.centered class1","age.centered class2","varcov 1","varcov 2","varcov 3","stderr","bic.select","icl.select","ARI","MCR","RI","JI","FMI","mean.pprob.misc","mean.pprob.correct","btr.est.hm1","btr.est.best"
"1",6.02714594470018,7.52887120552212,-0.594123053639252,-1.51533720912426,4.23121842636771,0.650238904135012,0.123704854329804,1.45320689312975,2,2,0.269681688443147,0.24,0.634834834834835,0.468032361364684,0.637656090146088,0.633246565980971,0.81474357354731,0.708257106522397,0.707935858100008
