"","intercept class1","intercept class2","age.centered class1","age.centered class2","varcov 1","varcov 2","varcov 3","stderr","bic.select","icl.select","ARI","MCR","RI","JI","FMI","mean.pprob.misc","mean.pprob.correct","btr.est.hm1","btr.est.best"
"1",7.49208698754992,5.89710774407341,-1.42825967772793,-0.46804887199839,4.00322111033942,0.577626721102916,0.0833461842256777,1.44434403889969,2,2,0.310682960284818,0.221,0.655337337337337,0.489451489306177,0.657237559071495,0.640923045770436,0.848184649255431,0.703830805370979,0.704826584053297
