"","intercept class1","intercept class2","age.centered class1","age.centered class2","varcov 1","varcov 2","varcov 3","stderr","bic.select","icl.select","ARI","MCR","RI","JI","FMI","mean.pprob.misc","mean.pprob.correct","btr.est.hm1","btr.est.best"
"1",7.55764388486288,6.0886132381319,-1.41641832749858,-0.513227529588379,4.42618938482505,0.529579634416494,0.0702248711528723,1.43410701238913,2,2,0.328807061840119,0.213,0.664402402402402,0.497900317498353,0.664799242254892,0.611648176725105,0.796489602085648,0.721309423559876,0.720949387742945
