"","intercept class1","intercept class2","age.centered class1","age.centered class2","varcov 1","varcov 2","varcov 3","stderr","bic.select","icl.select","ARI","MCR","RI","JI","FMI","mean.pprob.misc","mean.pprob.correct","btr.est.hm1","btr.est.best"
"1",5.86404458369487,7.52599719635801,-0.477024042776155,-1.48539650244549,4.04373197143727,0.6417085718889,0.101834121971393,1.40743929554638,2,2,0.253303428732694,0.248,0.626634634634635,0.464983647943083,0.63496270158859,0.660140774885917,0.871970338980653,0.719427374586436,0.721176795541014
