"","intercept class1","intercept class2","age.centered class1","age.centered class2","varcov 1","varcov 2","varcov 3","stderr","bic.select","icl.select","ARI","MCR","RI","JI","FMI","mean.pprob.misc","mean.pprob.correct","btr.est.hm1","btr.est.best"
"1",7.66940141656714,6.09408615892606,-1.45216386072996,-0.520263843006171,4.2421298104751,0.661690687433879,0.111088472327951,1.39614341358435,2,2,0.282306737784789,0.234,0.641153153153153,0.471758388787052,0.641081503196421,0.629208040177512,0.84172946828167,0.725110321667161,0.72528977340222
