"","intercept class1","intercept class2","age.centered class1","age.centered class2","varcov 1","varcov 2","varcov 3","stderr","bic.select","icl.select","ARI","MCR","RI","JI","FMI","mean.pprob.misc","mean.pprob.correct","btr.est.hm1","btr.est.best"
"1",5.76179927086617,7.55172640911576,-0.6276042880445,-1.49345989942744,4.01214087933152,0.540805827900142,0.0790841267748643,1.40874740385685,2,2,0.275951461514756,0.237,0.637975975975976,0.468075280330396,0.637672049610124,0.626217880354829,0.845556185520112,0.72037565406245,0.720992341688408
