"","intercept class1","intercept class2","age.centered class1","age.centered class2","varcov 1","varcov 2","varcov 3","stderr","bic.select","icl.select","ARI","MCR","RI","JI","FMI","mean.pprob.misc","mean.pprob.correct","btr.est.hm1","btr.est.best"
"1",6.12556852102369,7.51524704229589,-0.497077707534906,-1.54553050008691,4.30806065150251,0.587736210502167,0.0984555749772006,1.44842556158719,2,2,0.290893090683267,0.23,0.645445445445445,0.47690526402845,0.645818355034626,0.616034927816091,0.828516689996583,0.71634425567764,0.715762289593143
