"","intercept class1","intercept class2","age.centered class1","age.centered class2","varcov 1","varcov 2","varcov 3","stderr","bic.select","icl.select","ARI","MCR","RI","JI","FMI","mean.pprob.misc","mean.pprob.correct","btr.est.hm1","btr.est.best"
"1",8.09697142869727,4.93415339178082,-0.998853945964613,-1.03632301266684,2.11762574401978,0.0528991084568001,0.326292341412495,1.43366153186442,3,2,0.136071905463547,0.315,0.568018018018018,0.405073726467636,0.576712131165569,0.791912877742686,0.884435149498782,0.713704067529054,0.713185595089883
