"","intercept class1","intercept class2","age.centered class1","age.centered class2","varcov 1","varcov 2","varcov 3","stderr","bic.select","icl.select","ARI","MCR","RI","JI","FMI","mean.pprob.misc","mean.pprob.correct","btr.est.hm1","btr.est.best"
"1",7.65873503114288,5.01630347633125,-0.777701496926255,-1.5506672769244,3.26303153500146,-0.180324484112488,0.225653215112067,1.39096002060021,3,2,0.00633029287455575,0.458,0.503031031031031,0.390709296103756,0.565927191105285,0.773183591495068,0.791183089791988,0.727666455660365,0.728097311524789
