"","intercept class1","intercept class2","age.centered class1","age.centered class2","varcov 1","varcov 2","varcov 3","stderr","bic.select","icl.select","ARI","MCR","RI","JI","FMI","mean.pprob.misc","mean.pprob.correct","btr.est.hm1","btr.est.best"
"1",7.67102519387816,6.12716972101834,-1.3969147404131,-0.481159847707913,4.50720752525496,0.710093401531475,0.111874599605246,1.39578384451666,2,2,0.267593678727354,0.241,0.633795795795796,0.464271907216495,0.634134633867192,0.632923913040834,0.827669081132108,0.730447478161478,0.731587828307316
