"","intercept class1","intercept class2","age.centered class1","age.centered class2","varcov 1","varcov 2","varcov 3","stderr","bic.select","icl.select","ARI","MCR","RI","JI","FMI","mean.pprob.misc","mean.pprob.correct","btr.est.hm1","btr.est.best"
"1",5.84123431554669,7.51600543978546,-0.570865716586024,-1.54083410868252,4.4216223616053,0.605519970604921,0.0829233374288161,1.44121074184261,2,2,0.371471267420264,0.195,0.685735735735736,0.52152271452608,0.685527385738985,0.62803367741292,0.840019838892327,0.727394566516244,0.727843149666017
