"","intercept class1","intercept class2","age.centered class1","age.centered class2","varcov 1","varcov 2","varcov 3","stderr","bic.select","icl.select","ARI","MCR","RI","JI","FMI","mean.pprob.misc","mean.pprob.correct","btr.est.hm1","btr.est.best"
"1",6.19307825673652,7.22381073768952,-0.434745212777893,-1.5431008583666,4.63736063907408,0.49673664252985,0.0532086006632337,1.41021599081789,2,2,0.273851089686026,0.238,0.636924924924925,0.46740828624793,0.637053393212825,0.61946382187206,0.809179728993299,0.728561234944462,0.728736042643008
