"","intercept class1","intercept class2","age.centered class1","age.centered class2","varcov 1","varcov 2","varcov 3","stderr","bic.select","icl.select","ARI","MCR","RI","JI","FMI","mean.pprob.misc","mean.pprob.correct","btr.est.hm1","btr.est.best"
"1",7.14208262881019,6.16942240523285,-1.60151395272788,-0.492149513116344,4.40769865444258,0.5424068134074,0.0667480186037706,1.42127100129292,2,2,0.297416564475845,0.227,0.648706706706707,0.48073212594697,0.64931923447222,0.631359959122918,0.810552844412986,0.713300890600519,0.71462209234803
