"","intercept class1","intercept class2","age.centered class1","age.centered class2","varcov 1","varcov 2","varcov 3","stderr","bic.select","icl.select","ARI","MCR","RI","JI","FMI","mean.pprob.misc","mean.pprob.correct","btr.est.hm1","btr.est.best"
"1",5.83716997891169,7.67965436242872,-0.590663612100963,-1.50808126714337,4.53464046195263,0.68674232079426,0.104002736104414,1.42222864023817,2,2,0.282323996498687,0.234,0.641153153153153,0.476387728512921,0.645394052112602,0.659558115412445,0.876167243003335,0.736622864487863,0.737660067574954
