"","intercept class1","intercept class2","age.centered class1","age.centered class2","varcov 1","varcov 2","varcov 3","stderr","bic.select","icl.select","ARI","MCR","RI","JI","FMI","mean.pprob.misc","mean.pprob.correct","btr.est.hm1","btr.est.best"
"1",5.97600515758357,7.65305586450879,-0.507580725141716,-1.51588997686906,3.89601136708351,0.669173123939227,0.162567006231532,1.44276588674362,2,2,0.304008660760754,0.224,0.652004004004004,0.483671662894248,0.651993162726193,0.638225231011957,0.85942299985928,0.710552716152295,0.71053840132178
