"","intercept class1","intercept class2","age.centered class1","age.centered class2","varcov 1","varcov 2","varcov 3","stderr","bic.select","icl.select","ARI","MCR","RI","JI","FMI","mean.pprob.misc","mean.pprob.correct","btr.est.hm1","btr.est.best"
"1",8.44455672583448,4.12383774953175,0.0595378914373847,-1.27697213040171,15.5564680169942,1.40932067073559,0.127821084284019,3.17087912181361,1,2,-0.00454806269557616,0.448,0.4994994994995,0.405966943248458,0.583880797564006,0.715054292857463,0.747680250079179,0.658857072145166,0.659160085253524
