"","intercept class1","intercept class2","age.centered class1","age.centered class2","varcov 1","varcov 2","varcov 3","stderr","bic.select","icl.select","ARI","MCR","RI","JI","FMI","mean.pprob.misc","mean.pprob.correct","btr.est.hm1","btr.est.best"
"1",9.81573868498031,3.93667191797784,-0.0527833488488459,-1.12854716956747,12.9764993881561,1.32364386008036,0.244644391631408,3.19369118681066,1,2,0.0226101866463708,0.348,0.527375375375375,0.443335141125704,0.618022359541258,0.733262957294675,0.827046995615099,0.667168438401773,0.666991213103012
