"","intercept class1","intercept class2","age.centered class1","age.centered class2","varcov 1","varcov 2","varcov 3","stderr","bic.select","icl.select","ARI","MCR","RI","JI","FMI","mean.pprob.misc","mean.pprob.correct","btr.est.hm1","btr.est.best"
"1",4.51517576700238,9.24266475874435,-1.21707933264688,0.0442054489701113,13.5196813847081,0.957008609082569,0.12665141142179,3.22800388412326,1,2,-0.00883250469808495,0.407,0.50167967967968,0.411947174447174,0.588998466488666,0.736574666878851,0.766920508968262,0.638893277518314,0.638917960749346
