"","intercept class1","intercept class2","age.centered class1","age.centered class2","varcov 1","varcov 2","varcov 3","stderr","bic.select","icl.select","ARI","MCR","RI","JI","FMI","mean.pprob.misc","mean.pprob.correct","btr.est.hm1","btr.est.best"
"1",6.3611100412975,-0.80508974775166,-0.71945069865546,-1.4463069306518,18.2473976927722,2.38690289175184,0.540657695898259,3.20391103929718,1,2,-0.00149664190971508,0.2,0.67848048048048,0.678351692369317,0.823310345450341,0.997031215489499,0.99408513223626,0.644764532616397,0.644785947939026
