"","intercept class1","intercept class2","age.centered class1","age.centered class2","varcov 1","varcov 2","varcov 3","stderr","bic.select","icl.select","ARI","MCR","RI","JI","FMI","mean.pprob.misc","mean.pprob.correct","btr.est.hm1","btr.est.best"
"1",8.67397579716378,3.20185449565382,-0.025254770210118,-1.47309158307656,12.3833162031933,0.597405717109299,0.0731819170173248,3.15551095880742,1,2,0.0054974179313796,0.448,0.504504504504504,0.410155337677132,0.588152629307006,0.78597672397887,0.840464301026689,0.659924483305474,0.659955009287894
