"","intercept class1","intercept class2","age.centered class1","age.centered class2","varcov 1","varcov 2","varcov 3","stderr","bic.select","icl.select","ARI","MCR","RI","JI","FMI","mean.pprob.misc","mean.pprob.correct","btr.est.hm1","btr.est.best"
"1",9.16931636262332,4.73990844835696,-0.752268306796687,-0.647501603507082,13.4583346578982,2.57121498175604,0.66805133666122,3.11936752383659,1,2,0.112641971600678,0.298,0.581189189189189,0.500367805111058,0.669184740898775,0.71094658321753,0.816334261057757,0.64747908729984,0.647354314310284
