"","intercept class1","intercept class2","age.centered class1","age.centered class2","varcov 1","varcov 2","varcov 3","stderr","bic.select","icl.select","ARI","MCR","RI","JI","FMI","mean.pprob.misc","mean.pprob.correct","btr.est.hm1","btr.est.best"
"1",5.16700650210614,10.1232090625232,-0.6841173484225,-0.653489220547043,15.6335842907534,2.59038235559986,0.436148349707391,3.19984252602119,1,2,0.182630592272496,0.2,0.672544544544545,0.63283154572433,0.776854452980945,0.772993338417037,0.882349243723153,0.649529217391914,0.649751336169497
