"","intercept class1","intercept class2","age.centered class1","age.centered class2","varcov 1","varcov 2","varcov 3","stderr","bic.select","icl.select","ARI","MCR","RI","JI","FMI","mean.pprob.misc","mean.pprob.correct","btr.est.hm1","btr.est.best"
"1",8.77886161781871,3.4713098532845,-0.443325474281596,-0.881146928549325,12.3003051593063,2.06634376199295,0.577610812138756,3.18874232087708,1,2,-0.000856872568758092,0.442,0.501813813813814,0.408365113027931,0.586217312724198,0.747279803242362,0.777786937010123,0.651604145433271,0.651552731390347
