"","intercept class1","intercept class2","age.centered class1","age.centered class2","varcov 1","varcov 2","varcov 3","stderr","bic.select","icl.select","ARI","MCR","RI","JI","FMI","mean.pprob.misc","mean.pprob.correct","btr.est.hm1","btr.est.best"
"1",9.00729314286118,4.54753944295494,-0.958989985917581,-0.598955513160048,15.7059124081862,3.05624489620314,0.67629445368045,3.12025677599074,1,2,0.144396847803975,0.278,0.598166166166166,0.517597746565531,0.684071231525525,0.692505930735689,0.853042557527277,0.672143485052523,0.671922767249147
