"","intercept class1","intercept class2","age.centered class1","age.centered class2","varcov 1","varcov 2","varcov 3","stderr","bic.select","icl.select","ARI","MCR","RI","JI","FMI","mean.pprob.misc","mean.pprob.correct","btr.est.hm1","btr.est.best"
"1",2.58141728501789,8.87944584653614,-1.13714225159245,-0.307147761588884,10.334357293846,1.43123243451472,0.376199096813706,3.22602709161337,1,2,-0.0175972435885656,0.371,0.503201201201201,0.418708537910873,0.594645478120023,0.785349097198144,0.869627769278425,0.647384150968874,0.647480092468953
