"","intercept class1","intercept class2","age.centered class1","age.centered class2","varcov 1","varcov 2","varcov 3","stderr","bic.select","icl.select","ARI","MCR","RI","JI","FMI","mean.pprob.misc","mean.pprob.correct","btr.est.hm1","btr.est.best"
"1",3.85484573775593,9.74274524211698,-0.955999641526378,-0.324085916724279,11.1938805842885,1.89262528201358,0.516800752035931,3.129239750942,1,2,0.0356969756097562,0.388,0.524612612612613,0.432233135992808,0.609035478436891,0.777300531898049,0.832688734717906,0.662352159378493,0.662371287733259
