"","intercept class1","intercept class2","age.centered class1","age.centered class2","varcov 1","varcov 2","varcov 3","stderr","bic.select","icl.select","ARI","MCR","RI","JI","FMI","mean.pprob.misc","mean.pprob.correct","btr.est.hm1","btr.est.best"
"1",1.36798024596794,6.73347688203411,-1.1170245108646,-0.612310925126633,17.9046018777987,2.35923795444237,0.422385907451371,3.25129723740511,1,2,-0.0113483348114147,0.2,0.666708708708709,0.664575962476124,0.811471318368117,0.968745096936824,0.944767732417559,0.646549957370129,0.646593906288379
