"","intercept class1","intercept class2","age.centered class1","age.centered class2","varcov 1","varcov 2","varcov 3","stderr","bic.select","icl.select","ARI","MCR","RI","JI","FMI","mean.pprob.misc","mean.pprob.correct","btr.est.hm1","btr.est.best"
"1",5.78653558369011,7.72862446063106,-0.68651698537032,-1.58915439380204,19.0179269743241,2.68604306771685,0.386976794257571,3.17947745143608,1,2,0.175233208310079,0.173,0.713571571571572,0.697073445466402,0.831269907688272,0.838980443658847,0.927991195914335,0.648993841575692,0.648981133101457
