"","intercept class1","intercept class2","age.centered class1","age.centered class2","varcov 1","varcov 2","varcov 3","stderr","bic.select","icl.select","ARI","MCR","RI","JI","FMI","mean.pprob.misc","mean.pprob.correct","btr.est.hm1","btr.est.best"
"1",3.94916911581699,9.00503008327188,-1.25070187337586,0.0232430043869758,13.2099751394223,0.913605824220484,0.209163849315808,3.17229284659415,1,2,-0.00680508763679131,0.434,0.499571571571572,0.407190627519803,0.584852797935538,0.742777918841883,0.793843373611394,0.6557365994058,0.655772878529993
