"","intercept class1","intercept class2","age.centered class1","age.centered class2","varcov 1","varcov 2","varcov 3","stderr","bic.select","icl.select","ARI","MCR","RI","JI","FMI","mean.pprob.misc","mean.pprob.correct","btr.est.hm1","btr.est.best"
"1",10.7486233467953,6.17585195216528,0.178224682401755,-0.744875626289143,18.0953819498532,2.34657199817599,0.537443928171473,3.16136054640782,1,2,0,0.2,0.67967967967968,0.67967967967968,0.824426879522787,0.975648954261374,0.975412181715238,0.648906843656657,0.648880376263003
