"","intercept class1","intercept class2","age.centered class1","age.centered class2","varcov 1","varcov 2","varcov 3","stderr","bic.select","icl.select","ARI","MCR","RI","JI","FMI","mean.pprob.misc","mean.pprob.correct","btr.est.hm1","btr.est.best"
"1",8.07109611714606,3.35283866542262,-0.362585468093325,-1.22791719974726,14.810324215321,1.49032320858035,0.471814662963291,3.14067715611844,1,2,-0.0152428911432612,0.243,0.540438438438438,0.481006104453991,0.650001313134781,0.657209804764158,0.782209711666244,0.666834600529749,0.666830270805253
