"","intercept class1","intercept class2","age.centered class1","age.centered class2","varcov 1","varcov 2","varcov 3","stderr","bic.select","icl.select","ARI","MCR","RI","JI","FMI","mean.pprob.misc","mean.pprob.correct","btr.est.hm1","btr.est.best"
"1",8.46765863011775,4.72531422264196,-0.866733129307948,-0.569658548438194,17.878637959323,2.8221080507364,0.601243809465433,3.12340190289943,1,2,0.114086466822471,0.321,0.563645645645646,0.466811323339465,0.642151781931596,0.640537270580133,0.744611391489227,0.683178109896402,0.683331809754513
