"","intercept class1","intercept class2","age.centered class1","age.centered class2","varcov 1","varcov 2","varcov 3","stderr","bic.select","icl.select","ARI","MCR","RI","JI","FMI","mean.pprob.misc","mean.pprob.correct","btr.est.hm1","btr.est.best"
"1",6.21031560010309,9.44403849952196,-0.59617341965312,-1.76747273332614,19.3166955359848,2.45086947411325,0.358193241494093,3.24270216847679,1,2,0.0879231471763546,0.185,0.698148148148148,0.690717948717949,0.830056706099833,0.933662889748431,0.979613092986564,0.648265848845247,0.647569990105568
