"","intercept class1","intercept class2","age.centered class1","age.centered class2","varcov 1","varcov 2","varcov 3","stderr","bic.select","icl.select","ARI","MCR","RI","JI","FMI","mean.pprob.misc","mean.pprob.correct","btr.est.hm1","btr.est.best"
"1",4.81107925989369,6.44043659601905,-2.17027400894744,-0.535949398468413,19.9507324206565,2.54754347185706,0.325300755641572,3.12310829978305,1,2,0.10465034203605,0.186,0.696888888888889,0.686235338003067,0.825309272801468,0.881673116948861,0.953874323859944,0.664649115302368,0.666038630977146
