"","intercept class1","intercept class2","age.centered class1","age.centered class2","varcov 1","varcov 2","varcov 3","stderr","bic.select","icl.select","ARI","MCR","RI","JI","FMI","mean.pprob.misc","mean.pprob.correct","btr.est.hm1","btr.est.best"
"1",5.52837663818408,8.26071824886861,-0.535860379749383,-1.19283738015258,17.82812273221,2.82500386369633,0.447643800021204,3.15444571225794,1,2,0.279186196715261,0.184,0.699411411411411,0.648680774594498,0.787428783899953,0.678888699923622,0.821556484470559,0.653011524024742,0.655827650887707
