"","intercept class1","intercept class2","age.centered class1","age.centered class2","varcov 1","varcov 2","varcov 3","stderr","bic.select","icl.select","ARI","MCR","RI","JI","FMI","mean.pprob.misc","mean.pprob.correct","btr.est.hm1","btr.est.best"
"1",6.92677920938584,5.81071142056235,-1.22457219093462,-0.286590603235813,19.5267166750601,2.78237549836556,0.396462651309495,3.1068564071889,1,2,0.0880090699419621,0.348,0.545753753753754,0.445792196499319,0.623459627409224,0.610077717734481,0.692842122246438,0.66648734750094,0.66749496635437
