"","intercept class1","intercept class2","age.centered class1","age.centered class2","varcov 1","varcov 2","varcov 3","stderr","bic.select","icl.select","ARI","MCR","RI","JI","FMI","mean.pprob.misc","mean.pprob.correct","btr.est.hm1","btr.est.best"
"1",9.59963699998046,4.9276043264563,-0.199574813277366,-0.939409629329383,15.3247842391521,1.93584628616015,0.411916133148162,3.26328524300596,1,2,0.0269181969975249,0.2,0.583633633633634,0.536527370457199,0.698444394724083,0.738192108041136,0.772035330604406,0.648979602461006,0.648938279500277
