"","intercept class1","intercept class2","age.centered class1","age.centered class2","varcov 1","varcov 2","varcov 3","stderr","bic.select","icl.select","ARI","MCR","RI","JI","FMI","mean.pprob.misc","mean.pprob.correct","btr.est.hm1","btr.est.best"
"1",4.40846635694751,7.54645133235413,-1.67513804015836,-0.121384864063463,17.5228255185141,1.64926929678783,0.158210417717661,3.05763416039863,1,2,0.147855625568164,0.212,0.624624624624625,0.563671396856572,0.720998642202315,0.686336848816079,0.803607667809076,0.672455335785599,0.672867749424331
