"","intercept class1","intercept class2","age.centered class1","age.centered class2","varcov 1","varcov 2","varcov 3","stderr","bic.select","icl.select","ARI","MCR","RI","JI","FMI","mean.pprob.misc","mean.pprob.correct","btr.est.hm1","btr.est.best"
"1",9.1338972611466,5.92811922108152,-1.56687671172528,-0.516887067797227,19.6763019096412,2.91683626546438,0.432394963964991,3.08829519179269,1,2,0.192448667406999,0.18,0.704504504504505,0.680250946682495,0.81605863086197,0.819285113716781,0.947426783918207,0.677334569595395,0.680344627719941
