"","intercept class1","intercept class2","age.centered class1","age.centered class2","varcov 1","varcov 2","varcov 3","stderr","bic.select","icl.select","ARI","MCR","RI","JI","FMI","mean.pprob.misc","mean.pprob.correct","btr.est.hm1","btr.est.best"
"1",9.29038804050726,4.37038203336217,-0.767613257039424,-0.751583339055144,14.6900427483764,2.30835044551252,0.509974628156342,3.09139444473165,1,2,0.126487928861783,0.3,0.57957957957958,0.491059613883894,0.66223735251837,0.667990723042871,0.810522403852219,0.677995314729867,0.677634988037271
