"","intercept class1","intercept class2","age.centered class1","age.centered class2","varcov 1","varcov 2","varcov 3","stderr","bic.select","icl.select","ARI","MCR","RI","JI","FMI","mean.pprob.misc","mean.pprob.correct","btr.est.hm1","btr.est.best"
"1",6.56570682782576,4.33376183062831,-0.429985471817167,-1.90094796401237,18.437118076262,1.73210402800439,0.162726327479694,3.19840262370001,1,2,0.144101097885995,0.188,0.694382382382382,0.675397524059827,0.814068734079834,0.829894013665019,0.901144099039619,0.644648184120894,0.645948864860698
