"","intercept class1","intercept class2","age.centered class1","age.centered class2","varcov 1","varcov 2","varcov 3","stderr","bic.select","icl.select","ARI","MCR","RI","JI","FMI","mean.pprob.misc","mean.pprob.correct","btr.est.hm1","btr.est.best"
"1",5.71173608353818,9.6883023229245,-0.635038914636175,-1.31520306874784,18.062463467126,2.89953503553425,0.465461624583391,3.09361977720634,1,2,0.203831291141765,0.176,0.709661661661662,0.685543918992172,0.820029776985786,0.804855719322661,0.944201159151074,0.667251998006051,0.669598282178191
