"","intercept class1","intercept class2","age.centered class1","age.centered class2","varcov 1","varcov 2","varcov 3","stderr","bic.select","icl.select","ARI","MCR","RI","JI","FMI","mean.pprob.misc","mean.pprob.correct","btr.est.hm1","btr.est.best"
"1",5.76493075111673,12.4222685378257,-0.737870403449952,-0.357977167704472,17.1964324607548,2.38770167154311,0.507565882477959,3.20564884530262,1,2,0.0576057582835183,0.2,0.67967967967968,0.670708717163485,0.813864665711413,0.939494511672037,0.974932105653892,0.659762189924041,0.65962944854181
