"","intercept class1","intercept class2","age.centered class1","age.centered class2","varcov 1","varcov 2","varcov 3","stderr","bic.select","icl.select","ARI","MCR","RI","JI","FMI","mean.pprob.misc","mean.pprob.correct","btr.est.hm1","btr.est.best"
"1",9.90463329074087,5.03703774728029,0.234355588259065,-1.01461773688977,15.5358362856789,1.77218103110668,0.421067918290856,3.11326684992875,1,2,-0.0372481948689906,0.2,0.584456456456456,0.555988140516906,0.716229438027305,0.860070364667204,0.833755272817519,0.670614631023061,0.670657707170883
