"","intercept class1","intercept class2","age.centered class1","age.centered class2","varcov 1","varcov 2","varcov 3","stderr","bic.select","icl.select","ARI","MCR","RI","JI","FMI","mean.pprob.misc","mean.pprob.correct","btr.est.hm1","btr.est.best"
"1",3.35415057304738,8.94579842291913,-1.16715243285966,-0.325016422071297,11.911830436808,1.30320541831857,0.391046643360844,3.15199320895477,1,2,-0.0143282837535782,0.394,0.500852852852853,0.413051461933236,0.589722686853378,0.735643461489954,0.801115556983124,0.657723842686722,0.657703620960638
