"","intercept class1","intercept class2","age.centered class1","age.centered class2","varcov 1","varcov 2","varcov 3","stderr","bic.select","icl.select","ARI","MCR","RI","JI","FMI","mean.pprob.misc","mean.pprob.correct","btr.est.hm1","btr.est.best"
"1",4.66418690618802,9.32812409837569,-0.552167047007009,-0.88425294480851,15.8450005481352,2.92418552992361,0.539672443078623,3.15619661898407,1,2,0.191148278497241,0.259,0.615777777777778,0.529545721961838,0.695130991610112,0.692434599753946,0.852423748713172,0.672335834650942,0.672695534808602
