"","intercept class1","intercept class2","age.centered class1","age.centered class2","varcov 1","varcov 2","varcov 3","stderr","bic.select","icl.select","ARI","MCR","RI","JI","FMI","mean.pprob.misc","mean.pprob.correct","btr.est.hm1","btr.est.best"
"1",2.72848904199959,8.26649437229573,-1.40838314973797,-0.185769353427106,12.6198653493214,0.692686173821238,0.0382767001586996,3.12689514909919,1,2,-0.00897587394301687,0.364,0.508756756756757,0.424588918384001,0.60025871024024,0.782898217339328,0.834272355208019,0.66372929284931,0.663914421363557
