"","intercept class1","intercept class2","age.centered class1","age.centered class2","varcov 1","varcov 2","varcov 3","stderr","bic.select","icl.select","ARI","MCR","RI","JI","FMI","mean.pprob.misc","mean.pprob.correct","btr.est.hm1","btr.est.best"
"1",9.15249365934236,5.00357095344405,-0.398343199249688,-0.846559106815367,16.1362508849043,1.92193286315243,0.450799644002822,3.16380837462632,1,2,0.0822671137685365,0.2,0.649801801801802,0.623317110986692,0.771767227155282,0.73108686133585,0.802882232209279,0.65424902564447,0.654228041882398
