"","intercept class1","intercept class2","age.centered class1","age.centered class2","varcov 1","varcov 2","varcov 3","stderr","bic.select","icl.select","ARI","MCR","RI","JI","FMI","mean.pprob.misc","mean.pprob.correct","btr.est.hm1","btr.est.best"
"1",8.81655942943707,5.86854329059994,-1.34516374374467,-0.508396651329927,19.609626280359,2.94204747578863,0.441397698952095,3.2140278644622,1,2,0.287187634660422,0.164,0.725517517517517,0.690546482128509,0.820541925484651,0.766166451065052,0.892307873108669,0.661874827628037,0.66423557184034
