"","intercept class1","intercept class2","age.centered class1","age.centered class2","varcov 1","varcov 2","varcov 3","stderr","bic.select","icl.select","ARI","MCR","RI","JI","FMI","mean.pprob.misc","mean.pprob.correct","btr.est.hm1","btr.est.best"
"1",1.40311281400584,6.94908162166417,-0.989266763771292,-0.702350574342674,17.4746266672831,2.54355479507709,0.657389083396976,3.23764630832363,1,2,-0.0426093464566623,0.2,0.633795795795796,0.626293230256276,0.778669920854831,0.964853514713318,0.915162685212093,0.66296955395862,0.663017825789679
