"","intercept class1","intercept class2","age.centered class1","age.centered class2","varcov 1","varcov 2","varcov 3","stderr","bic.select","icl.select","ARI","MCR","RI","JI","FMI","mean.pprob.misc","mean.pprob.correct","btr.est.hm1","btr.est.best"
"1",3.23674371726688,7.27332191737708,-1.71866946903595,-0.341096528322131,15.3521260825184,1.38842414259974,0.125595147364951,3.20725797822673,1,2,0.0956933772776623,0.2,0.634834834834835,0.597064580120969,0.749088342373171,0.817463288948657,0.840080500221206,0.629860414377223,0.630543616260783
