"","intercept class1","intercept class2","age.centered class1","age.centered class2","varcov 1","varcov 2","varcov 3","stderr","bic.select","icl.select","ARI","MCR","RI","JI","FMI","mean.pprob.misc","mean.pprob.correct","btr.est.hm1","btr.est.best"
"1",4.17515892497031,9.63366016472335,-0.666320704252226,-0.749638247841584,13.3766605413359,2.46204730328045,0.511859876162079,3.15381086210856,1,2,0.0973898499160663,0.329,0.55804004004004,0.464437166424066,0.639288888503488,0.757235139995458,0.860455068238334,0.666957802904518,0.667227773246099
