"","intercept class1","intercept class2","age.centered class1","age.centered class2","varcov 1","varcov 2","varcov 3","stderr","bic.select","icl.select","ARI","MCR","RI","JI","FMI","mean.pprob.misc","mean.pprob.correct","btr.est.hm1","btr.est.best"
"1",5.95707117052182,9.06989715161301,-0.499315034730026,-1.73247265486927,19.0024815803113,2.98308293142461,0.468295883292383,3.17189475067788,2,2,0.217723164488664,0.171,0.716198198198198,0.692406002638522,0.825193969752242,0.879670427272267,0.962736135396974,0.655975591102195,0.659237104481801
