"","intercept class1","intercept class2","age.centered class1","age.centered class2","varcov 1","varcov 2","varcov 3","stderr","bic.select","icl.select","ARI","MCR","RI","JI","FMI","mean.pprob.misc","mean.pprob.correct","btr.est.hm1","btr.est.best"
"1",6.13422605710464,8.88033758824789,-0.543802006462961,-1.43552892032047,19.5603151348008,2.79410890151925,0.399127356516611,3.16243639245845,1,2,0.220006325435069,0.17,0.717517517517517,0.69390765599646,0.826357024259227,0.816040548987353,0.91877888770718,0.659406410793881,0.662711494839946
