"","intercept class1","intercept class2","age.centered class1","age.centered class2","varcov 1","varcov 2","varcov 3","stderr","bic.select","icl.select","ARI","MCR","RI","JI","FMI","mean.pprob.misc","mean.pprob.correct","btr.est.hm1","btr.est.best"
"1",11.9181960766982,6.32920245258882,-3.17432746174325,-0.741860444404987,19.5757751379138,2.5036800270078,0.500932067681553,3.17836282820119,1,2,0.0297476845081109,0.195,0.685735735735736,0.683198789101917,0.826183907794925,0.997734317535335,0.99988218462093,0.656434580828674,0.657280751428343
