"","intercept class1","intercept class2","age.centered class1","age.centered class2","varcov 1","varcov 2","varcov 3","stderr","bic.select","icl.select","ARI","MCR","RI","JI","FMI","mean.pprob.misc","mean.pprob.correct","btr.est.hm1","btr.est.best"
"1",5.99839071116675,8.24346743942225,-0.622727824715392,-1.88568594507842,18.8283733375844,2.75060000460765,0.401829781974877,3.24559738021819,1,2,0.119600039107018,0.182,0.70194994994995,0.690663984906789,0.828459612603909,0.904936655362771,0.969645499764689,0.636351913533384,0.638441763425591
