"","intercept class1","intercept class2","age.centered class1","age.centered class2","varcov 1","varcov 2","varcov 3","stderr","bic.select","icl.select","ARI","MCR","RI","JI","FMI","mean.pprob.misc","mean.pprob.correct","btr.est.hm1","btr.est.best"
"1",7.4678174543935,0.908194240567352,-0.49950159075225,-1.81037032564126,14.5074945684713,1.32997157549997,0.271462930337706,3.09612045156326,1,2,-0.0280187015358087,0.2,0.592042042042042,0.56477676588183,0.723805024897776,0.946750598688761,0.911892324902478,0.673886251926372,0.674250107753115
