"","intercept class1","intercept class2","age.centered class1","age.centered class2","varcov 1","varcov 2","varcov 3","stderr","bic.select","icl.select","ARI","MCR","RI","JI","FMI","mean.pprob.misc","mean.pprob.correct","btr.est.hm1","btr.est.best"
"1",8.82403634861686,6.37765117892752,-2.03923693077652,-0.521339010684037,19.0511091645302,2.61558152453332,0.359101602561462,3.15022301084853,2,2,0.195705957007787,0.172,0.714882882882883,0.695013256010176,0.828479566427064,0.904751741796523,0.974607533678975,0.659513421170896,0.659766081365486
