"","intercept class1","intercept class2","age.centered class1","age.centered class2","varcov 1","varcov 2","varcov 3","stderr","bic.select","icl.select","ARI","MCR","RI","JI","FMI","mean.pprob.misc","mean.pprob.correct","btr.est.hm1","btr.est.best"
"1",6.9408573766154,0.832702670296062,-0.654515943115683,-1.19846823635753,15.5327810039136,2.15929225408511,0.45411951307237,3.1076743078422,1,2,-0.0492319810949192,0.2,0.618690690690691,0.607112504641281,0.761845869236449,0.956702573693782,0.924669640449224,0.665780840412623,0.665797737934847
