"","intercept class1","intercept class2","age.centered class1","age.centered class2","varcov 1","varcov 2","varcov 3","stderr","bic.select","icl.select","ARI","MCR","RI","JI","FMI","mean.pprob.misc","mean.pprob.correct","btr.est.hm1","btr.est.best"
"1",7.34728977156865,6.27353298526019,-1.62525935414316,-0.457330077552093,19.3001285999707,2.7093456024975,0.380339486532892,3.24307090193803,1,2,0.188966047809132,0.171,0.716198198198198,0.698259274080255,0.831601739926342,0.828280350535591,0.913702129015071,0.642189915825677,0.642659295367363
