"","intercept class1","intercept class2","age.centered class1","age.centered class2","varcov 1","varcov 2","varcov 3","stderr","bic.select","icl.select","ARI","MCR","RI","JI","FMI","mean.pprob.misc","mean.pprob.correct","btr.est.hm1","btr.est.best"
"1",-2.64489721699288,6.60144529023766,-1.54271560341912,-0.721759503077879,18.8441031193459,2.64523422532523,0.712698901926507,3.06602142179896,1,2,-0.00733792716859771,0.2,0.673723723723724,0.673069207622869,0.818862286870666,0.998776583639166,0.997170860279471,0.680366274317791,0.680322991019775
