"","intercept class1","intercept class2","age.centered class1","age.centered class2","varcov 1","varcov 2","varcov 3","stderr","bic.select","icl.select","ARI","MCR","RI","JI","FMI","mean.pprob.misc","mean.pprob.correct","btr.est.hm1","btr.est.best"
"1",2.75853246283788,7.77660391514696,-1.25200847391315,-0.566742017283251,15.157570536674,1.86307957486047,0.324305848334738,3.08968117389708,1,2,-0.050644611998201,0.2,0.547597597597598,0.504275547989681,0.670488558368054,0.842040664247655,0.762631693630154,0.672179878805658,0.672112401763586
