"","intercept class1","intercept class2","age.centered class1","age.centered class2","varcov 1","varcov 2","varcov 3","stderr","bic.select","icl.select","ARI","MCR","RI","JI","FMI","mean.pprob.misc","mean.pprob.correct","btr.est.hm1","btr.est.best"
"1",4.16458149836639,6.58966185044738,-1.89768154254199,-0.387296171581774,19.1596270830444,2.2916923181719,0.274110451711939,3.18527055550041,1,2,0.16523395585699,0.192,0.689417417417417,0.663559671228123,0.80307094208612,0.765418221632832,0.884138405521833,0.65851383968717,0.65952369832117
