"","intercept class1","intercept class2","age.centered class1","age.centered class2","varcov 1","varcov 2","varcov 3","stderr","bic.select","icl.select","ARI","MCR","RI","JI","FMI","mean.pprob.misc","mean.pprob.correct","btr.est.hm1","btr.est.best"
"1",8.91144346255847,3.87901565316799,-0.754304167516015,-0.67537082765221,15.3943260980579,2.85721172386385,0.672865092340585,3.14748593026889,1,2,0.0675481068943218,0.364,0.536528528528529,0.438682928012026,0.616293200303357,0.72448958334294,0.807848671851611,0.683875384346951,0.683992794606529
