"","intercept class1","intercept class2","age.centered class1","age.centered class2","varcov 1","varcov 2","varcov 3","stderr","bic.select","icl.select","ARI","MCR","RI","JI","FMI","mean.pprob.misc","mean.pprob.correct","btr.est.hm1","btr.est.best"
"1",4.87284347518969,6.71596817514637,-1.68402097763259,-0.35879341865985,17.2287470218942,1.79281685270844,0.1865651786073,3.21407547458008,1,2,0.209676557692213,0.177,0.708366366366366,0.682287895310796,0.81701722884883,0.762168501356725,0.848909682714811,0.623776839072103,0.624683393540819
