"","intercept class1","intercept class2","age.centered class1","age.centered class2","varcov 1","varcov 2","varcov 3","stderr","bic.select","icl.select","ARI","MCR","RI","JI","FMI","mean.pprob.misc","mean.pprob.correct","btr.est.hm1","btr.est.best"
"1",9.2866646124853,3.84580595673704,-0.642108190062406,-0.654247336042111,11.963469851005,2.5078369771645,0.525913995601757,3.19159217548824,1,2,0.0482789253847814,0.389,0.524166166166166,0.425179692563678,0.603704868975348,0.787534967104244,0.8615236948848,0.647653056758987,0.647820317484219
