"","intercept class1","intercept class2","age.centered class1","age.centered class2","varcov 1","varcov 2","varcov 3","stderr","bic.select","icl.select","ARI","MCR","RI","JI","FMI","mean.pprob.misc","mean.pprob.correct","btr.est.hm1","btr.est.best"
"1",1.62372991356308,6.94662892707044,-2.29940720010296,-0.489587451753146,15.7427540715188,1.32669987879363,0.213903599049422,3.19866937598214,1,2,0.0986939273303477,0.2,0.670198198198198,0.649632055808414,0.793791996627528,0.926075993108007,0.953932991501783,0.644320551358899,0.644636796933162
