"","intercept class1","intercept class2","age.centered class1","age.centered class2","varcov 1","varcov 2","varcov 3","stderr","bic.select","icl.select","ARI","MCR","RI","JI","FMI","mean.pprob.misc","mean.pprob.correct","btr.est.hm1","btr.est.best"
"1",20.0283755329636,6.35811639911987,0.211409867374166,-0.709094778433972,20.1838764613246,2.86266135859803,0.781228527845393,3.04641664095512,1,2,0.0147650973907206,0.199,0.680882882882883,0.679091707065664,0.823225972941524,0.999709861796902,0.999931259897707,0.694793368450165,0.694671916988208
