"","intercept class1","intercept class2","age.centered class1","age.centered class2","varcov 1","varcov 2","varcov 3","stderr","bic.select","icl.select","ARI","MCR","RI","JI","FMI","mean.pprob.misc","mean.pprob.correct","btr.est.hm1","btr.est.best"
"1",6.04972038723783,8.63635141801601,-0.58896364880595,-1.43249092402187,19.0336709411123,2.52125795092374,0.431054227538453,3.14863423724107,1,2,0.0348879808717381,0.197,0.683301301301301,0.679227262772835,0.822419647876854,0.904157609680739,0.963350584202323,0.65529760842729,0.65572274752779
