"","intercept class1","intercept class2","age.centered class1","age.centered class2","varcov 1","varcov 2","varcov 3","stderr","bic.select","icl.select","ARI","MCR","RI","JI","FMI","mean.pprob.misc","mean.pprob.correct","btr.est.hm1","btr.est.best"
"1",8.35612405730796,3.54814861632646,-0.229824463729374,-1.35021716800351,13.4018895159275,1.31402829500159,0.213982083013913,3.2824244267013,1,2,0.00599995380910766,0.379,0.513291291291291,0.425779921393749,0.601968290418882,0.71935472304041,0.759276624901801,0.631148304958069,0.631174327328527
