"","intercept class1","intercept class2","age.centered class1","age.centered class2","varcov 1","varcov 2","varcov 3","stderr","bic.select","icl.select","ARI","MCR","RI","JI","FMI","mean.pprob.misc","mean.pprob.correct","btr.est.hm1","btr.est.best"
"1",5.60398938726373,8.56932919320762,-0.62851396501408,-1.11801940129704,18.1222789879681,3.07732820648751,0.599149640887689,3.14149709769812,1,2,0.262224371056339,0.166,0.722834834834835,0.692517490283176,0.823232376524379,0.754412286873131,0.855818656043997,0.658800561346306,0.658827445298225
