"","intercept class1","intercept class2","age.centered class1","age.centered class2","varcov 1","varcov 2","varcov 3","stderr","bic.select","icl.select","ARI","MCR","RI","JI","FMI","mean.pprob.misc","mean.pprob.correct","btr.est.hm1","btr.est.best"
"1",2.56738931860014,7.40572416826019,-1.03352444400525,-0.695724974325482,16.0328053985541,2.14669797509109,0.45816196519734,3.20912190623175,1,2,-0.0797251132997916,0.2,0.568018018018018,0.542803081669322,0.705265506436455,0.88106314263935,0.800545837341724,0.656359096229836,0.656401582907024
