"","intercept class1","intercept class2","age.centered class1","age.centered class2","varcov 1","varcov 2","varcov 3","stderr","bic.select","icl.select","ARI","MCR","RI","JI","FMI","mean.pprob.misc","mean.pprob.correct","btr.est.hm1","btr.est.best"
"1",10.9692113883086,6.19680761246741,-1.31262247532548,-0.686352924214823,18.6997948396107,2.62584852112629,0.555987624974808,3.15752470284429,1,2,0.0555493315681263,0.192,0.689417417417417,0.68413079773588,0.825796648057434,0.95231220648606,0.984897104927981,0.65868028825657,0.658545175998982
