"","intercept class1","intercept class2","age.centered class1","age.centered class2","varcov 1","varcov 2","varcov 3","stderr","bic.select","icl.select","ARI","MCR","RI","JI","FMI","mean.pprob.misc","mean.pprob.correct","btr.est.hm1","btr.est.best"
"1",6.846260605391,6.56356109546892,-1.81626065002433,-0.509568872187597,19.1879505225501,2.40698098741727,0.301937292834285,3.15971822947383,1,2,0.112101535987561,0.184,0.699411411411411,0.688439750160818,0.826879457987812,0.872295272535713,0.943166452061825,0.645167693067049,0.648141625054803
