"","intercept class1","intercept class2","age.centered class1","age.centered class2","varcov 1","varcov 2","varcov 3","stderr","bic.select","icl.select","ARI","MCR","RI","JI","FMI","mean.pprob.misc","mean.pprob.correct","btr.est.hm1","btr.est.best"
"1",3.27714478744703,9.71137352796932,-1.11841597049563,-0.217257691262677,8.90553629172068,1.01474167880068,0.471835004632615,3.13672501569663,1,2,0.0206989685305586,0.416,0.513625625625626,0.419380434107193,0.597096098035698,0.849635546057777,0.874768813978737,0.658824190858453,0.659102291823039
