"","intercept class1","intercept class2","age.centered class1","age.centered class2","varcov 1","varcov 2","varcov 3","stderr","bic.select","icl.select","ARI","MCR","RI","JI","FMI","mean.pprob.misc","mean.pprob.correct","btr.est.hm1","btr.est.best"
"1",4.60429966603913,9.00983332387964,-0.677635071897826,-0.738331452584605,15.5430921866519,2.4663987274151,0.480636698729871,3.15944603847576,1,2,0.107380157451815,0.311,0.571013013013013,0.48397840347548,0.655682553533939,0.668739074422001,0.773897059877981,0.663548466043358,0.663258972545684
