"","intercept class1","intercept class2","age.centered class1","age.centered class2","varcov 1","varcov 2","varcov 3","stderr","bic.select","icl.select","ARI","MCR","RI","JI","FMI","mean.pprob.misc","mean.pprob.correct","btr.est.hm1","btr.est.best"
"1",8.51667912779424,2.94240285128083,-0.510523696221975,-1.00859025834936,13.6797375858059,2.15328191997771,0.427261009067161,3.22901134612207,1,2,-0.0237789237367818,0.364,0.50154954954955,0.418600958350069,0.594291264761214,0.733799614241045,0.804722795945945,0.66243086254961,0.662364989603363
