"","intercept class1","intercept class2","age.centered class1","age.centered class2","varcov 1","varcov 2","varcov 3","stderr","bic.select","icl.select","ARI","MCR","RI","JI","FMI","mean.pprob.misc","mean.pprob.correct","btr.est.hm1","btr.est.best"
"1",3.68355028773776,8.55550656903817,-0.785035117181333,-0.666553381546349,12.4265243289437,2.11373619530604,0.441372009207625,3.24226000360031,1,2,-0.0148279990787078,0.396,0.5003003003003,0.412302099324713,0.58902763030411,0.727487718156429,0.809570429886527,0.625166578142959,0.625373060490617
