"","intercept class1","intercept class2","age.centered class1","age.centered class2","varcov 1","varcov 2","varcov 3","stderr","bic.select","icl.select","ARI","MCR","RI","JI","FMI","mean.pprob.misc","mean.pprob.correct","btr.est.hm1","btr.est.best"
"1",6.32419831416904,5.94678461824401,-0.537548366474668,-2.48086128612595,19.0923212765881,2.6957924883029,0.421270711243543,3.20207165498113,1,2,0.1085019023209,0.184,0.699411411411411,0.689052727498654,0.827590797285683,0.930221326413442,0.978066181424789,0.647846485591087,0.647556235537811
