"","intercept class1","intercept class2","age.centered class1","age.centered class2","varcov 1","varcov 2","varcov 3","stderr","bic.select","icl.select","ARI","MCR","RI","JI","FMI","mean.pprob.misc","mean.pprob.correct","btr.est.hm1","btr.est.best"
"1",10.130127738435,3.87612123285274,-0.498724101750401,-0.87462682432017,11.3658268438423,2.04678903784378,0.589812148868895,3.16335849567134,1,2,0.0782299874259974,0.342,0.549477477477477,0.45768708007596,0.632732278682549,0.807325965131463,0.877130121809943,0.67277463418368,0.672529876657813
