"","intercept class1","intercept class2","age.centered class1","age.centered class2","varcov 1","varcov 2","varcov 3","stderr","bic.select","icl.select","ARI","MCR","RI","JI","FMI","mean.pprob.misc","mean.pprob.correct","btr.est.hm1","btr.est.best"
"1",6.04465107570348,12.3576022053305,-0.668449287417462,-1.2201469662821,16.8308138755421,2.7092057939239,0.535137342444088,3.19302463982957,1,2,0.0825806151891932,0.192,0.689417417417417,0.679739722464214,0.820658533820966,0.952208360239245,0.991722007106121,0.647339110371037,0.647437718944301
