"","intercept class1","intercept class2","age.centered class1","age.centered class2","varcov 1","varcov 2","varcov 3","stderr","bic.select","icl.select","ARI","MCR","RI","JI","FMI","mean.pprob.misc","mean.pprob.correct","btr.est.hm1","btr.est.best"
"1",4.56586260616735,8.04209462351359,-0.516155740209495,-0.953782499985419,15.4205237538151,2.57051660839976,0.433012789608308,3.22394774810411,1,2,0.0945647571393132,0.339,0.551393393393393,0.453225806451613,0.629964637598094,0.659385817538809,0.76582672453014,0.631264245218517,0.631622808944666
