"","intercept class1","intercept class2","age.centered class1","age.centered class2","varcov 1","varcov 2","varcov 3","stderr","bic.select","icl.select","ARI","MCR","RI","JI","FMI","mean.pprob.misc","mean.pprob.correct","btr.est.hm1","btr.est.best"
"1",8.95986007708756,3.83607920269179,-0.469335673407873,-0.950509438149242,11.9980753354181,1.52327280449882,0.428202139427558,3.1721261264935,1,2,-0.000730918794957948,0.451,0.501183183183183,0.407159512705815,0.585151704474997,0.754241021868435,0.757572478571697,0.645116493978896,0.645114145570078
