"","intercept class1","intercept class2","age.centered class1","age.centered class2","varcov 1","varcov 2","varcov 3","stderr","bic.select","icl.select","ARI","MCR","RI","JI","FMI","mean.pprob.misc","mean.pprob.correct","btr.est.hm1","btr.est.best"
"1",-2.55024463166063,6.49109329328276,-2.44427079038579,-0.666011094006015,19.7008893909849,2.37795604402532,0.476231595510212,3.23887910000292,1,2,0.00295417852029769,0.2,0.67848048048048,0.677708788209607,0.822534340964912,0.99784513971794,0.997768550848102,0.659574368343795,0.659312708501706
