"","intercept class1","intercept class2","age.centered class1","age.centered class2","varcov 1","varcov 2","varcov 3","stderr","bic.select","icl.select","ARI","MCR","RI","JI","FMI","mean.pprob.misc","mean.pprob.correct","btr.est.hm1","btr.est.best"
"1",9.06812107835153,5.82553680578213,-1.37824558980636,-0.593184376896168,18.5690742319176,3.15894154364478,0.537395417024995,3.15371735623285,1,2,0.1799365600052,0.186,0.696888888888889,0.671532086605632,0.809216507961694,0.77396638273592,0.92695335791205,0.657439619373861,0.65923530075151
