"","intercept class1","intercept class2","age.centered class1","age.centered class2","varcov 1","varcov 2","varcov 3","stderr","bic.select","icl.select","ARI","MCR","RI","JI","FMI","mean.pprob.misc","mean.pprob.correct","btr.est.hm1","btr.est.best"
"1",6.85779463613771,6.44142701388144,-1.66657181090102,-0.426476986506812,19.8596261898915,2.91911212162056,0.429072309403167,3.14756521229381,1,2,0.266263728698728,0.171,0.716198198198198,0.680855231165463,0.813471699024294,0.709518655399813,0.848989298527751,0.661087559622805,0.661703513307143
