"","intercept class1","intercept class2","age.centered class1","age.centered class2","varcov 1","varcov 2","varcov 3","stderr","bic.select","icl.select","ARI","MCR","RI","JI","FMI","mean.pprob.misc","mean.pprob.correct","btr.est.hm1","btr.est.best"
"1",0.36768913751975,6.8728588771349,-1.76143120493979,-0.571170636473845,18.6341940483048,2.40259152718853,0.510463712905332,3.11768667354973,1,2,-0.0127024480187082,0.2,0.665553553553554,0.663279086361126,0.810375193832185,0.97756490077609,0.969430547513956,0.680846421989586,0.680805225938101
