"","intercept class1","intercept class2","age.centered class1","age.centered class2","varcov 1","varcov 2","varcov 3","stderr","bic.select","icl.select","ARI","MCR","RI","JI","FMI","mean.pprob.misc","mean.pprob.correct","btr.est.hm1","btr.est.best"
"1",5.705777429218,8.79226598887463,-0.553981975545625,-1.34357099986624,18.4909621265387,3.14769589290959,0.535840643953902,3.2028285953933,1,2,0.232496477549705,0.179,0.705787787787788,0.672831178314455,0.808183270710349,0.735547849632455,0.901205511985031,0.654731679934166,0.655605205779929
