"","intercept class1","intercept class2","age.centered class1","age.centered class2","varcov 1","varcov 2","varcov 3","stderr","bic.select","icl.select","ARI","MCR","RI","JI","FMI","mean.pprob.misc","mean.pprob.correct","btr.est.hm1","btr.est.best"
"1",9.64567663552516,4.55676600492293,-0.557191831731363,-0.674933618188727,13.1354691781966,2.76795476985216,0.630338654161925,3.18729928091175,1,2,0.120535124259746,0.299,0.580382382382382,0.495331310796494,0.665407839207441,0.722335212348128,0.838851118544589,0.646829801101488,0.647076628750671
