"","intercept class1","intercept class2","age.centered class1","age.centered class2","varcov 1","varcov 2","varcov 3","stderr","bic.select","icl.select","ARI","MCR","RI","JI","FMI","mean.pprob.misc","mean.pprob.correct","btr.est.hm1","btr.est.best"
"1",8.82987128837216,3.21751914416401,-0.0832117747145241,-1.33552515199135,12.106308589909,0.926398625353189,0.226586667589929,3.11705209094041,1,2,-0.00139779997096284,0.448,0.501069069069069,0.407277743423869,0.585220443998611,0.793470723700526,0.788652846287109,0.667971255207309,0.668073560283258
