"","intercept class1","intercept class2","age.centered class1","age.centered class2","varcov 1","varcov 2","varcov 3","stderr","bic.select","icl.select","ARI","MCR","RI","JI","FMI","mean.pprob.misc","mean.pprob.correct","btr.est.hm1","btr.est.best"
"1",3.66885100229872,9.1232998696928,-1.45060886875967,0.0350566096185281,14.0608519328337,0.889715228953089,0.0721169483039662,3.18437898602943,1,2,-0.000761377835519116,0.478,0.499787787787788,0.404636976672147,0.582904618302191,0.798071944914162,0.804488011707463,0.67511852465331,0.674705540238864
