"","intercept class1","intercept class2","age.centered class1","age.centered class2","varcov 1","varcov 2","varcov 3","stderr","bic.select","icl.select","ARI","MCR","RI","JI","FMI","mean.pprob.misc","mean.pprob.correct","btr.est.hm1","btr.est.best"
"1",4.21375353703969,9.49319019328173,-0.873028000790302,-0.555441024765075,12.9584474718277,2.17201641730881,0.518878324125889,3.15082769302425,1,2,0.0784212479221087,0.338,0.55204004004004,0.462355050002643,0.636616640035836,0.727837051077633,0.809220223883443,0.655368638726294,0.655405781130184
