"","intercept class1","intercept class2","age.centered class1","age.centered class2","varcov 1","varcov 2","varcov 3","stderr","bic.select","icl.select","ARI","MCR","RI","JI","FMI","mean.pprob.misc","mean.pprob.correct","btr.est.hm1","btr.est.best"
"1",7.62163933985965,5.73232690344217,-1.3951958053099,-0.523361249531051,4.8021593592664,0.882579311208374,0.195166426278265,3.15546880842133,1,2,0.145111964189696,0.309,0.572534534534535,0.411215958350338,0.582963953146905,0.622139440437185,0.730684619748461,0.370885198625625,0.370792854967064
