"","intercept class1","intercept class2","age.centered class1","age.centered class2","varcov 1","varcov 2","varcov 3","stderr","bic.select","icl.select","ARI","MCR","RI","JI","FMI","mean.pprob.misc","mean.pprob.correct","btr.est.hm1","btr.est.best"
"1",6.42529802797104,7.08067466337357,-1.73654827714019,-0.453307060419983,4.97090995766635,0.016208180754665,5.29297148041125e-05,3.12767480439793,1,2,0.0353975338060105,0.405,0.517567567567568,0.403598087355958,0.579284864564904,0.618017343013266,0.650708439309268,0.35964394721421,0.360643423040306
