"","intercept class1","intercept class2","age.centered class1","age.centered class2","varcov 1","varcov 2","varcov 3","stderr","bic.select","icl.select","ARI","MCR","RI","JI","FMI","mean.pprob.misc","mean.pprob.correct","btr.est.hm1","btr.est.best"
"1",7.78755941482643,5.31252625805043,-1.36865887237251,-0.693399635836425,3.92815260296941,0.90717658787569,0.343737860824004,3.17586299867829,1,2,0.145069202705413,0.309,0.572534534534535,0.400907397223376,0.572353983107288,0.648092703132298,0.776900957382786,0.36153288722993,0.361854465536141
