"","intercept class1","intercept class2","age.centered class1","age.centered class2","varcov 1","varcov 2","varcov 3","stderr","bic.select","icl.select","ARI","MCR","RI","JI","FMI","mean.pprob.misc","mean.pprob.correct","btr.est.hm1","btr.est.best"
"1",8.18648650696974,5.72882078977532,-1.46375093570238,-0.79412490663982,4.1326439373219,0.796617939729451,0.153561105721104,3.20718151832291,1,2,0.0952456401863299,0.345,0.547597597597598,0.388542839206858,0.559854336640085,0.666398255667103,0.769352587415322,0.353941584052024,0.354588027603002
