"","intercept class1","intercept class2","age.centered class1","age.centered class2","varcov 1","varcov 2","varcov 3","stderr","bic.select","icl.select","ARI","MCR","RI","JI","FMI","mean.pprob.misc","mean.pprob.correct","btr.est.hm1","btr.est.best"
"1",9.15212363578836,5.96317652525785,-0.331209222341903,-1.28618821711115,3.36394119161359,-0.422027617719928,0.107745759239179,3.17381541460208,1,2,0.00585424881252937,0.46,0.502702702702703,0.422524340459563,0.60442534599959,0.753623075037563,0.798908658908142,0.366001279628983,0.365915509854953
