"","intercept class1","intercept class2","age.centered class1","age.centered class2","varcov 1","varcov 2","varcov 3","stderr","bic.select","icl.select","ARI","MCR","RI","JI","FMI","mean.pprob.misc","mean.pprob.correct","btr.est.hm1","btr.est.best"
"1",5.61861787759449,8.56679906607749,-1.23378379532905,-0.670075217648192,3.3397685653827,-0.22942841074958,0.186145875225514,3.1660529080848,1,2,0.0688820743100503,0.368,0.534382382382382,0.390572020019391,0.562746830791572,0.693447389874064,0.734780027724701,0.364061893843694,0.364023758173182
