"","intercept class1","intercept class2","age.centered class1","age.centered class2","varcov 1","varcov 2","varcov 3","stderr","bic.select","icl.select","ARI","MCR","RI","JI","FMI","mean.pprob.misc","mean.pprob.correct","btr.est.hm1","btr.est.best"
"1",7.468574206502,5.68766153839113,-1.47571086967139,-0.313259840636248,5.04431360673186,0.826191458539437,0.135319301898979,3.16997912958502,1,2,0.091646458154964,0.348,0.545753753753754,0.406273877683459,0.579283831266422,0.645518249984445,0.770533445439856,0.384427927990658,0.38537952056036
