"","intercept class1","intercept class2","age.centered class1","age.centered class2","varcov 1","varcov 2","varcov 3","stderr","bic.select","icl.select","ARI","MCR","RI","JI","FMI","mean.pprob.misc","mean.pprob.correct","btr.est.hm1","btr.est.best"
"1",7.79704414147567,5.66160020388876,-1.43651734301538,-0.584563708229391,4.4760395540866,0.752223149125408,0.126491691842551,3.1490763319801,1,2,0.167269239785849,0.295,0.583633633633634,0.412347276693378,0.583918512339195,0.627973945628317,0.753758134110446,0.37006839743168,0.370469653332191
