"","intercept class1","intercept class2","age.centered class1","age.centered class2","varcov 1","varcov 2","varcov 3","stderr","bic.select","icl.select","ARI","MCR","RI","JI","FMI","mean.pprob.misc","mean.pprob.correct","btr.est.hm1","btr.est.best"
"1",8.16982915774612,5.88435237855826,-1.42356930151906,-0.596938145860403,4.45747940536102,0.833189144012493,0.187285539561283,3.17896002679494,1,2,0.123076760299205,0.324,0.561513513513514,0.401920199228862,0.573610951034175,0.652105501238851,0.775263629044175,0.373084283254298,0.372985473138675
