"","intercept class1","intercept class2","age.centered class1","age.centered class2","varcov 1","varcov 2","varcov 3","stderr","bic.select","icl.select","ARI","MCR","RI","JI","FMI","mean.pprob.misc","mean.pprob.correct","btr.est.hm1","btr.est.best"
"1",8.05952086911054,5.80408660227118,-1.35528764212334,-0.520031602111953,5.05284102632532,1.14102466209195,0.257664406112684,3.17621493428027,1,2,0.0808790540309241,0.357,0.540438438438438,0.370568912189879,0.540752724538525,0.651610839167787,0.75641245880026,0.380083723916699,0.382012249311891
