"","intercept class1","intercept class2","age.centered class1","age.centered class2","varcov 1","varcov 2","varcov 3","stderr","bic.select","icl.select","ARI","MCR","RI","JI","FMI","mean.pprob.misc","mean.pprob.correct","btr.est.hm1","btr.est.best"
"1",5.65407496656691,7.65804095873393,-0.41539181636585,-1.3867944976714,4.18896064327913,0.781367250988491,0.145751395096046,3.14624248430892,1,2,0.131667351631305,0.318,0.565813813813814,0.403810099788328,0.575456004831781,0.651403932091997,0.765754577014631,0.359317352632218,0.360155016776069
