"","intercept class1","intercept class2","age.centered class1","age.centered class2","varcov 1","varcov 2","varcov 3","stderr","bic.select","icl.select","ARI","MCR","RI","JI","FMI","mean.pprob.misc","mean.pprob.correct","btr.est.hm1","btr.est.best"
"1",7.18788790256757,6.58633720507529,0.273660472846656,-1.28960157099236,5.73833053641095,0.239740663149686,0.0100189302400368,3.168453265907,1,2,0.000360374645481554,0.49,0.4996996996997,0.49464105156724,0.699842758461161,0.887336491145453,0.924580717603486,0.369369281339923,0.370078799614887
