"","intercept class1","intercept class2","age.centered class1","age.centered class2","varcov 1","varcov 2","varcov 3","stderr","bic.select","icl.select","ARI","MCR","RI","JI","FMI","mean.pprob.misc","mean.pprob.correct","btr.est.hm1","btr.est.best"
"1",7.24885727679314,6.75738102251043,-1.80480592135755,-0.756159539593026,5.05026713671368,0.461572741339033,0.042186958292363,3.22287729402214,1,2,0.010592566249195,0.448,0.504912912912913,0.473780077795841,0.669638555033415,0.738868362825131,0.787572409305048,0.332045825982878,0.332382287790755
