"","intercept class1","intercept class2","age.centered class1","age.centered class2","varcov 1","varcov 2","varcov 3","stderr","bic.select","icl.select","ARI","MCR","RI","JI","FMI","mean.pprob.misc","mean.pprob.correct","btr.est.hm1","btr.est.best"
"1",7.86610140258175,4.99400761378463,-1.25492261521315,-0.651459370365115,3.35297848310379,0.555627285530397,0.155894232837961,3.17528262687905,1,2,0.112078877921866,0.332,0.556004004004004,0.401365832591033,0.573253458317633,0.68662105415444,0.812088632647673,0.358214174847359,0.358292381127206
