"","intercept class1","intercept class2","age.centered class1","age.centered class2","varcov 1","varcov 2","varcov 3","stderr","bic.select","icl.select","ARI","MCR","RI","JI","FMI","mean.pprob.misc","mean.pprob.correct","btr.est.hm1","btr.est.best"
"1",4.81486830773586,8.1947439235381,-1.05481473544987,-0.87330725906535,2.69591434287217,0.299746166121324,0.446176648040965,3.10142084535808,1,2,0.0566935192978237,0.38,0.528328328328328,0.367177007789417,0.537235321612179,0.733055610663897,0.791928772693137,0.378973149914377,0.379302357937933
