"","intercept class1","intercept class2","age.centered class1","age.centered class2","varcov 1","varcov 2","varcov 3","stderr","bic.select","icl.select","ARI","MCR","RI","JI","FMI","mean.pprob.misc","mean.pprob.correct","btr.est.hm1","btr.est.best"
"1",5.89284897498654,8.19857222085483,-0.536575370761578,-1.56310849386052,3.8091662155053,0.815111625148351,0.266932970475586,3.10777511316338,1,2,0.112078877921866,0.332,0.556004004004004,0.401365832591033,0.573253458317633,0.676322915579175,0.810720363492075,0.378446675617617,0.378395382561559
