"","intercept class1","intercept class2","age.centered class1","age.centered class2","varcov 1","varcov 2","varcov 3","stderr","bic.select","icl.select","ARI","MCR","RI","JI","FMI","mean.pprob.misc","mean.pprob.correct","btr.est.hm1","btr.est.best"
"1",5.57013437251965,7.60089365099923,-0.6123368749758,-1.55421067801482,4.53705374722462,0.685054461198815,0.103441800574055,3.1703094971779,1,2,0.172227451881206,0.292,0.586114114114114,0.414139811151793,0.585712682860345,0.617408175134084,0.739019027759588,0.370710820905258,0.371165740629702
