"","intercept class1","intercept class2","age.centered class1","age.centered class2","varcov 1","varcov 2","varcov 3","stderr","bic.select","icl.select","ARI","MCR","RI","JI","FMI","mean.pprob.misc","mean.pprob.correct","btr.est.hm1","btr.est.best"
"1",5.27435025550956,7.74241008182126,-0.672243392840448,-1.41477255914542,4.10698311942145,0.775492269063276,0.146431262131736,3.2190248204833,1,2,0.136085865999342,0.315,0.568018018018018,0.408362306283383,0.580146603370667,0.662728926260017,0.790389848494821,0.358534066099063,0.358690920918907
