"","intercept class1","intercept class2","age.centered class1","age.centered class2","varcov 1","varcov 2","varcov 3","stderr","bic.select","icl.select","ARI","MCR","RI","JI","FMI","mean.pprob.misc","mean.pprob.correct","btr.est.hm1","btr.est.best"
"1",4.85510201488014,8.11581486923112,-0.827689794195223,-1.22925195589164,2.5547562234248,0.522152269718777,0.26376953393032,3.15030373338855,1,2,0.0821056896071136,0.356,0.541013013013013,0.388766249693402,0.560368477522995,0.763439627449468,0.852609606662911,0.352623728798211,0.353030809390944
