"","intercept class1","intercept class2","age.centered class1","age.centered class2","varcov 1","varcov 2","varcov 3","stderr","bic.select","icl.select","ARI","MCR","RI","JI","FMI","mean.pprob.misc","mean.pprob.correct","btr.est.hm1","btr.est.best"
"1",8.02177217225172,5.3948817085885,-1.42855393482993,-0.78993565843201,3.56542456980771,0.758306704527626,0.219288898857525,3.1848507441631,1,2,0.139015398057881,0.313,0.569507507507508,0.398002777186755,0.56938782623824,0.676365509385922,0.781069939656075,0.351904179813182,0.352023019940599
