"","intercept class1","intercept class2","age.centered class1","age.centered class2","varcov 1","varcov 2","varcov 3","stderr","bic.select","icl.select","ARI","MCR","RI","JI","FMI","mean.pprob.misc","mean.pprob.correct","btr.est.hm1","btr.est.best"
"1",3.95288640888527,7.4042032757919,-1.91316435171071,-0.814543132451125,3.81624958484429,-0.208772971391177,0.40804376585203,3.16559690174036,1,2,0.000533409433079042,0.487,0.499837837837838,0.48124792358804,0.681274913088641,0.888954341279563,0.920003722572107,0.373913616631649,0.374041300464136
