"","intercept class1","intercept class2","age.centered class1","age.centered class2","varcov 1","varcov 2","varcov 3","stderr","bic.select","icl.select","ARI","MCR","RI","JI","FMI","mean.pprob.misc","mean.pprob.correct","btr.est.hm1","btr.est.best"
"1",6.15000174642365,7.62852340105229,-0.465141433554859,-1.47761391032555,4.31316990836405,0.437312767820555,0.0443423059051471,3.15841035215282,1,2,0.128790554856902,0.32,0.564364364364364,0.407533258185897,0.579424058738165,0.618949970986018,0.694994932551397,0.345759871658956,0.346729197231635
