"","intercept class1","intercept class2","age.centered class1","age.centered class2","varcov 1","varcov 2","varcov 3","stderr","bic.select","icl.select","ARI","MCR","RI","JI","FMI","mean.pprob.misc","mean.pprob.correct","btr.est.hm1","btr.est.best"
"1",7.60751613303191,6.1678630224442,-1.49782755336278,-0.591321224075739,4.7594921574726,0.639748526074255,0.0859984036569397,3.1082228795582,1,2,0.0905379023125248,0.349,0.545147147147147,0.427190903590157,0.602893785950705,0.639827482778698,0.720310303042033,0.352690058264951,0.354096751296037
