"","intercept class1","intercept class2","age.centered class1","age.centered class2","varcov 1","varcov 2","varcov 3","stderr","bic.select","icl.select","ARI","MCR","RI","JI","FMI","mean.pprob.misc","mean.pprob.correct","btr.est.hm1","btr.est.best"
"1",6.54623260017275,7.07070987388611,-0.275421495367752,-1.75710953879358,4.59115939241519,0.570386816252401,0.0708712216609445,3.21705645424295,1,2,0.131632326205523,0.318,0.565813813813814,0.395447373849439,0.566770773467535,0.601084240163105,0.680932172296576,0.345462639596686,0.34554833392336
