"","intercept class1","intercept class2","age.centered class1","age.centered class2","varcov 1","varcov 2","varcov 3","stderr","bic.select","icl.select","ARI","MCR","RI","JI","FMI","mean.pprob.misc","mean.pprob.correct","btr.est.hm1","btr.est.best"
"1",5.97879621214437,7.23406321087029,-0.418698604795936,-1.69563938286694,4.84287096411901,1.11083594953305,0.254801834936502,3.19885557368525,1,2,0.131626771436845,0.318,0.565813813813814,0.394099569760295,0.565382241443083,0.607026190474763,0.708195499958941,0.355574104460727,0.356284112534155
