"","intercept class1","intercept class2","age.centered class1","age.centered class2","varcov 1","varcov 2","varcov 3","stderr","bic.select","icl.select","ARI","MCR","RI","JI","FMI","mean.pprob.misc","mean.pprob.correct","btr.est.hm1","btr.est.best"
"1",7.46256641676791,4.00931075744871,-0.933138632091106,-1.48744886889602,3.47886943413547,0.233300125696859,0.400048396949639,3.15968281470377,1,2,0.00190828902230999,0.477,0.500558558558559,0.472853556697545,0.669686465297627,0.863633444220721,0.919288592514302,0.353179107505278,0.353104616004543
