"","intercept class1","intercept class2","age.centered class1","age.centered class2","varcov 1","varcov 2","varcov 3","stderr","bic.select","icl.select","ARI","MCR","RI","JI","FMI","mean.pprob.misc","mean.pprob.correct","btr.est.hm1","btr.est.best"
"1",9.38269984587854,6.19123684396453,-0.0836305522843671,-1.09400384515625,3.8252565994386,-0.183928126160385,0.0611984501700703,3.13107559333999,1,2,0.00538611932365091,0.462,0.50239039039039,0.44744213343767,0.635844962705012,0.801924451772962,0.832817112654073,0.367480861151852,0.367508014376435
