"","intercept class1","intercept class2","age.centered class1","age.centered class2","varcov 1","varcov 2","varcov 3","stderr","bic.select","icl.select","ARI","MCR","RI","JI","FMI","mean.pprob.misc","mean.pprob.correct","btr.est.hm1","btr.est.best"
"1",5.86355256898877,7.77225278758829,-0.515947786146719,-1.74135491897142,4.04283999235677,0.842821966120634,0.175705709621339,3.13166964838147,1,2,0.124479738803489,0.323,0.56222022022022,0.400178297125302,0.571754319072535,0.652559571585683,0.777260149683735,0.36142028743218,0.363408297649568
