"","intercept class1","intercept class2","age.centered class1","age.centered class2","varcov 1","varcov 2","varcov 3","stderr","bic.select","icl.select","ARI","MCR","RI","JI","FMI","mean.pprob.misc","mean.pprob.correct","btr.est.hm1","btr.est.best"
"1",8.09214304387655,4.5513056892446,-0.78077857191065,-1.45171607069148,1.77604100220443,-0.391290951306609,0.151567715003315,3.21388084847099,1,2,0.0548592808287938,0.382,0.527375375375375,0.381980585777564,0.55363191768423,0.753894358738537,0.805761457017194,0.327151256463001,0.327290262210736
