"","intercept class1","intercept class2","age.centered class1","age.centered class2","varcov 1","varcov 2","varcov 3","stderr","bic.select","icl.select","ARI","MCR","RI","JI","FMI","mean.pprob.misc","mean.pprob.correct","btr.est.hm1","btr.est.best"
"1",9.17326956087791,6.61021742257677,0.725501277711727,-1.16356124550719,5.58181591276705,-0.132517349162578,0.00314654624353642,3.19143197270332,1,2,-3.17767855077902e-05,0.5,0.4994994994995,0.49549171395591,0.70110455981141,0.955443242015465,0.959935343105822,0.375802877788504,0.376494362346422
