"","intercept class1","intercept class2","age.centered class1","age.centered class2","varcov 1","varcov 2","varcov 3","stderr","bic.select","icl.select","ARI","MCR","RI","JI","FMI","mean.pprob.misc","mean.pprob.correct","btr.est.hm1","btr.est.best"
"1",5.46602178918977,8.05656027435086,-0.647977029317015,-1.30488633674061,4.21484772238346,0.780879277671189,0.217053822141329,3.13759673002569,1,2,0.139014735497033,0.313,0.569507507507508,0.39784094091291,0.569222079665639,0.67240637322245,0.764687684190735,0.381881938208878,0.38197965607476
