"","intercept class1","intercept class2","age.centered class1","age.centered class2","varcov 1","varcov 2","varcov 3","stderr","bic.select","icl.select","ARI","MCR","RI","JI","FMI","mean.pprob.misc","mean.pprob.correct","btr.est.hm1","btr.est.best"
"1",5.81451239466828,7.7057501886541,-0.460370169898239,-1.47614681915312,4.63547867564015,0.622615698609828,0.0836322233681971,3.18631917323233,1,2,0.131630780901071,0.318,0.565813813813814,0.395073023240246,0.56638480123269,0.616465562958881,0.731793321127665,0.370998038993829,0.371438591926502
