"","intercept class1","intercept class2","age.centered class1","age.centered class2","varcov 1","varcov 2","varcov 3","stderr","bic.select","icl.select","ARI","MCR","RI","JI","FMI","mean.pprob.misc","mean.pprob.correct","btr.est.hm1","btr.est.best"
"1",7.75242372919638,6.30370086958447,-1.66229057603233,-0.489029764411277,4.21295706301067,0.786468404172096,0.14681685268219,3.1723694318742,1,2,0.0904912838424508,0.349,0.545147147147147,0.417802708049323,0.59222425186038,0.644230808125774,0.760768964568049,0.336521440542904,0.338228639077121
