"","intercept class1","intercept class2","age.centered class1","age.centered class2","varcov 1","varcov 2","varcov 3","stderr","bic.select","icl.select","ARI","MCR","RI","JI","FMI","mean.pprob.misc","mean.pprob.correct","btr.est.hm1","btr.est.best"
"1",8.88738297364506,5.25584881563731,-1.10780431934379,-0.989449120889315,3.30857742840018,0.612564504900776,0.296816854002634,3.1355096209521,1,2,0.0915459793133777,0.348,0.545753753753754,0.384030665986166,0.555070245479985,0.715535118411951,0.851085595885222,0.397674097048196,0.398024949900634
