"","intercept class1","intercept class2","age.centered class1","age.centered class2","varcov 1","varcov 2","varcov 3","stderr","bic.select","icl.select","ARI","MCR","RI","JI","FMI","mean.pprob.misc","mean.pprob.correct","btr.est.hm1","btr.est.best"
"1",8.03902456279405,4.93032991200828,-0.938882373379481,-0.849094222768527,3.82525222180439,0.639003316138316,0.37823368572433,3.20237117801731,1,2,0.0928660712129944,0.347,0.546364364364364,0.406531555127184,0.579517031726406,0.706917087064241,0.791186720021005,0.375085190038186,0.37508519720536
