"","intercept class1","intercept class2","age.centered class1","age.centered class2","varcov 1","varcov 2","varcov 3","stderr","bic.select","icl.select","ARI","MCR","RI","JI","FMI","mean.pprob.misc","mean.pprob.correct","btr.est.hm1","btr.est.best"
"1",6.84316068351909,11.219503403869,-0.992322283445119,-0.845573668595784,4.78355817165398,0.399671727947219,0.327603647989285,3.11618217286732,1,2,2.40243117387203e-05,0.497,0.499517517517517,0.498010040160643,0.704642126618424,0.985293602035752,0.994846790677862,0.357376788359964,0.35759418656559
