"","intercept class1","intercept class2","age.centered class1","age.centered class2","varcov 1","varcov 2","varcov 3","stderr","bic.select","icl.select","ARI","MCR","RI","JI","FMI","mean.pprob.misc","mean.pprob.correct","btr.est.hm1","btr.est.best"
"1",4.48676000914773,8.05934133765757,-0.995118136803295,-0.898346771934916,2.91544896589064,0.25373289018225,0.288738433041768,3.09755939165807,1,2,0.0754075831815635,0.362,0.537625625625626,0.401972055640141,0.57520748995729,0.734710975114096,0.847007001929465,0.386567530021259,0.386449496162639
