"","intercept class1","intercept class2","age.centered class1","age.centered class2","varcov 1","varcov 2","varcov 3","stderr","bic.select","icl.select","ARI","MCR","RI","JI","FMI","mean.pprob.misc","mean.pprob.correct","btr.est.hm1","btr.est.best"
"1",7.88917068885261,4.81155149949483,-0.638323284131126,-1.74300043161445,2.80900640966445,-0.380867902750319,0.126953680384569,3.10232655794919,1,2,0.00926018413333378,0.45,0.504504504504504,0.388891906706634,0.563606319656295,0.716642459825326,0.752051841198316,0.354167259725818,0.354409069455435
