"","intercept class1","intercept class2","age.centered class1","age.centered class2","varcov 1","varcov 2","varcov 3","stderr","bic.select","icl.select","ARI","MCR","RI","JI","FMI","mean.pprob.misc","mean.pprob.correct","btr.est.hm1","btr.est.best"
"1",5.44425013471431,7.86010089407867,-0.484761052881002,-1.48524158230465,4.89776589955731,1.21343634646158,0.300632625589133,3.11367643931076,1,2,0.146602855714127,0.308,0.573301301301301,0.401689919434074,0.573151020677083,0.660331809293215,0.795159437770179,0.408073177082002,0.407893854739024
