"","intercept class1","intercept class2","age.centered class1","age.centered class2","varcov 1","varcov 2","varcov 3","stderr","bic.select","icl.select","ARI","MCR","RI","JI","FMI","mean.pprob.misc","mean.pprob.correct","btr.est.hm1","btr.est.best"
"1",8.11114280324514,5.45909915969692,-1.29156101511948,-0.559773769192517,3.27601888038071,0.533826237910251,0.16092604774512,3.10910527055795,1,2,0.149695513582033,0.306,0.574846846846847,0.403595881754916,0.575089145780941,0.670292993621321,0.803668133797874,0.363336817545349,0.36359371966855
