"","intercept class1","intercept class2","age.centered class1","age.centered class2","varcov 1","varcov 2","varcov 3","stderr","bic.select","icl.select","ARI","MCR","RI","JI","FMI","mean.pprob.misc","mean.pprob.correct","btr.est.hm1","btr.est.best"
"1",8.95453802414666,5.30750238823271,-1.05386608495076,-1.10362931889988,2.85239941332896,0.139724313632285,0.210432387006675,3.1005156502659,1,2,0.0731078558966513,0.364,0.536528528528529,0.3780352163003,0.548860551955335,0.743710140125067,0.82684648812992,0.394013685016569,0.394277786983951
