"","intercept class1","intercept class2","age.centered class1","age.centered class2","varcov 1","varcov 2","varcov 3","stderr","bic.select","icl.select","ARI","MCR","RI","JI","FMI","mean.pprob.misc","mean.pprob.correct","btr.est.hm1","btr.est.best"
"1",5.75693716930694,9.13366839067811,-1.07279426557353,-0.942055066562056,2.27100136939006,0.029760191634473,0.371323665729346,3.150454982495,1,2,0.0607840811265447,0.376,0.530282282282282,0.407655758481573,0.582419752197764,0.772816063125466,0.834662718677988,0.349348077410947,0.349241117805106
