"","intercept class1","intercept class2","age.centered class1","age.centered class2","varcov 1","varcov 2","varcov 3","stderr","bic.select","icl.select","ARI","MCR","RI","JI","FMI","mean.pprob.misc","mean.pprob.correct","btr.est.hm1","btr.est.best"
"1",5.5899066832423,7.32060822131023,-0.451270992880495,-1.48280666464136,4.66883151352891,0.755167089134226,0.12214665185587,3.15163259425382,1,2,0.140617554990995,0.312,0.570258258258258,0.422377697648135,0.5948360939186,0.633917278102158,0.73572133539757,0.365887018256547,0.36672130876538
