"","intercept class1","intercept class2","age.centered class1","age.centered class2","varcov 1","varcov 2","varcov 3","stderr","bic.select","icl.select","ARI","MCR","RI","JI","FMI","mean.pprob.misc","mean.pprob.correct","btr.est.hm1","btr.est.best"
"1",9.25140143115921,6.10508688465048,-0.40152897091504,-1.15074008162682,4.4321669197827,0.0158535400320342,0.177538162566375,3.09443932966733,1,2,0.00329293041536695,0.47,0.501301301301301,0.459157840800038,0.651310055368782,0.801433497743004,0.857682852598438,0.390981139006414,0.391146928736774
