"","intercept class1","intercept class2","age.centered class1","age.centered class2","varcov 1","varcov 2","varcov 3","stderr","bic.select","icl.select","ARI","MCR","RI","JI","FMI","mean.pprob.misc","mean.pprob.correct","btr.est.hm1","btr.est.best"
"1",5.58467898955356,8.92931919306837,-1.02401880201136,-0.980178996131907,2.08243267370158,-0.0903629605934673,0.166121839281947,3.1839778146124,1,2,0.053144447741305,0.384,0.526438438438438,0.413260572987722,0.589395377112623,0.776457091393029,0.858084386618854,0.323463302975797,0.323519237548449
