"","intercept class1","intercept class2","age.centered class1","age.centered class2","varcov 1","varcov 2","varcov 3","stderr","bic.select","icl.select","ARI","MCR","RI","JI","FMI","mean.pprob.misc","mean.pprob.correct","btr.est.hm1","btr.est.best"
"1",5.92996175969074,7.37369439695195,-0.409109901759387,-1.50000046073491,4.41255432448826,0.638538236068489,0.0924025071072848,3.14887439712384,1,2,0.139082753089322,0.313,0.569507507507508,0.414014214238219,0.586017370841467,0.613120186870732,0.719601371448708,0.349865793641502,0.35060132493324
