"","intercept class1","intercept class2","age.centered class1","age.centered class2","varcov 1","varcov 2","varcov 3","stderr","bic.select","icl.select","ARI","MCR","RI","JI","FMI","mean.pprob.misc","mean.pprob.correct","btr.est.hm1","btr.est.best"
"1",7.8853423192263,5.65638512128034,-1.43115315351881,-0.612941371576583,3.93650659389989,0.642827977077836,0.104975901803762,3.17460998327937,1,2,0.108010120895745,0.335,0.554004004004004,0.383420793339754,0.554309054633878,0.648898561456338,0.744007170218806,0.351717965393346,0.35205001323341
