"","intercept class1","intercept class2","age.centered class1","age.centered class2","varcov 1","varcov 2","varcov 3","stderr","bic.select","icl.select","ARI","MCR","RI","JI","FMI","mean.pprob.misc","mean.pprob.correct","btr.est.hm1","btr.est.best"
"1",7.19071537591228,5.68057773120702,-1.43429879372669,-0.31024256667172,5.41178307906993,0.803769593965426,0.119380087802359,3.10598235008508,1,2,0.0858017495693679,0.353,0.542760760760761,0.43194796796498,0.608731458555184,0.681722272248553,0.769414841283445,0.389948736091299,0.391827978957269
