"","intercept class1","intercept class2","age.centered class1","age.centered class2","varcov 1","varcov 2","varcov 3","stderr","bic.select","icl.select","ARI","MCR","RI","JI","FMI","mean.pprob.misc","mean.pprob.correct","btr.est.hm1","btr.est.best"
"1",6.1258056537297,9.23318249475374,-0.954091555894636,-1.06080356983911,3.71058038665879,0.265208780980013,0.268937905548358,3.18554193374597,1,2,0.0197229872076863,0.429,0.509591591591592,0.444285390199637,0.630135227405042,0.785681481475186,0.876403762053908,0.362821249809008,0.362786243081343
