"","intercept class1","intercept class2","age.centered class1","age.centered class2","varcov 1","varcov 2","varcov 3","stderr","bic.select","icl.select","ARI","MCR","RI","JI","FMI","mean.pprob.misc","mean.pprob.correct","btr.est.hm1","btr.est.best"
"1",7.96532287105854,5.74768811128138,-1.49581647365233,-0.708373097527752,4.50252233328856,1.08792227695696,0.401904292073952,3.10087894984878,1,2,0.0940165436190356,0.346,0.546978978978979,0.389797052050244,0.561224625940072,0.645938653601845,0.763013960082863,0.386769770058864,0.386991282471396
