"","intercept class1","intercept class2","age.centered class1","age.centered class2","varcov 1","varcov 2","varcov 3","stderr","bic.select","icl.select","ARI","MCR","RI","JI","FMI","mean.pprob.misc","mean.pprob.correct","btr.est.hm1","btr.est.best"
"1",5.50213617662317,8.31422205400071,-0.68157463790982,-1.25327877005994,3.66463761430259,0.513721956921844,0.0720155061353917,3.11093838217246,1,2,0.130178075295451,0.319,0.565087087087087,0.394546883535301,0.565844526147036,0.667871095683304,0.783313274508487,0.372563947388378,0.373451551700555
