"","intercept class1","intercept class2","age.centered class1","age.centered class2","varcov 1","varcov 2","varcov 3","stderr","bic.select","icl.select","ARI","MCR","RI","JI","FMI","mean.pprob.misc","mean.pprob.correct","btr.est.hm1","btr.est.best"
"1",6.3674046823478,9.28074819422817,-1.17798730315344,0.184730110862164,4.04499516258275,-0.341545064908151,0.0288389069811881,3.20031594525225,1,2,-0.000121452554126124,0.497,0.499517517517517,0.479007410865379,0.678321283323628,0.873792766554636,0.883564796532339,0.342761718634162,0.344686272636136
