"","intercept class1","intercept class2","age.centered class1","age.centered class2","varcov 1","varcov 2","varcov 3","stderr","bic.select","icl.select","ARI","MCR","RI","JI","FMI","mean.pprob.misc","mean.pprob.correct","btr.est.hm1","btr.est.best"
"1",7.99336165272072,3.91187641982512,-0.753408468492307,-1.51044736957773,2.31675065406286,-0.23930688528213,0.393045647227177,3.08271482078576,1,2,0.0242453171184354,0.421,0.511993993993994,0.397238899714147,0.572530376509286,0.810460014331488,0.873800136773269,0.401772891486166,0.40196448530203
