"","intercept class1","intercept class2","age.centered class1","age.centered class2","varcov 1","varcov 2","varcov 3","stderr","bic.select","icl.select","ARI","MCR","RI","JI","FMI","mean.pprob.misc","mean.pprob.correct","btr.est.hm1","btr.est.best"
"1",5.71859295384955,7.59138976105125,-0.564177803455835,-1.36985664885279,4.68112595469805,0.636054439453464,0.0864566581755699,3.19336660593772,1,2,0.101539550093091,0.34,0.550750750750751,0.388735739891258,0.559967231669431,0.605711419225647,0.717409832129022,0.360891202158472,0.360876720174093
