"","intercept class1","intercept class2","age.centered class1","age.centered class2","varcov 1","varcov 2","varcov 3","stderr","bic.select","icl.select","ARI","MCR","RI","JI","FMI","mean.pprob.misc","mean.pprob.correct","btr.est.hm1","btr.est.best"
"1",6.907559329375,6.32377599784872,-0.433918100642297,-1.61896617500659,5.56794412435118,-0.0448413037009699,0.000361129259862991,3.13644466126153,1,2,0.0511314430262867,0.386,0.525517517517518,0.377618815027232,0.548873515582517,0.584450872319604,0.621368512573849,0.383885246164789,0.385018864676985
