"","intercept class1","intercept class2","age.centered class1","age.centered class2","varcov 1","varcov 2","varcov 3","stderr","bic.select","icl.select","ARI","MCR","RI","JI","FMI","mean.pprob.misc","mean.pprob.correct","btr.est.hm1","btr.est.best"
"1",5.48291359411371,7.69364461586636,-0.510166359891593,-1.29645549875084,3.70194624702365,0.662254380787137,0.118473061262484,3.22550132067534,1,2,0.123103132460868,0.324,0.561513513513514,0.407985641846234,0.580044013148545,0.658875477842602,0.767210815319814,0.325601796262933,0.326808200447164
