"","intercept class1","intercept class2","age.centered class1","age.centered class2","varcov 1","varcov 2","varcov 3","stderr","bic.select","icl.select","ARI","MCR","RI","JI","FMI","mean.pprob.misc","mean.pprob.correct","btr.est.hm1","btr.est.best"
"1",4.39061764898928,7.15998389399155,-0.335715997696206,-1.05362813349375,3.8257543475382,0.352683363615594,0.361227893705265,3.16521802060506,1,2,0.00277372905201134,0.473,0.500958958958959,0.482109615224798,0.682097960932248,0.886767453751028,0.946519654934478,0.34790280164371,0.348184440436041
