"","intercept class1","intercept class2","age.centered class1","age.centered class2","varcov 1","varcov 2","varcov 3","stderr","bic.select","icl.select","ARI","MCR","RI","JI","FMI","mean.pprob.misc","mean.pprob.correct","btr.est.hm1","btr.est.best"
"1",7.70706977073148,5.86115805580869,-1.49529380493395,-0.68238819795205,5.37850136439266,0.775788215388207,0.11190273495057,3.18736828369354,1,2,0.13463782496069,0.316,0.567279279279279,0.414440675762075,0.586588128745241,0.624375462248589,0.712684702458147,0.37975271847373,0.380624181021332
