"","intercept class1","intercept class2","age.centered class1","age.centered class2","varcov 1","varcov 2","varcov 3","stderr","bic.select","icl.select","ARI","MCR","RI","JI","FMI","mean.pprob.misc","mean.pprob.correct","btr.est.hm1","btr.est.best"
"1",5.5875702953624,8.38377801067616,-0.747441371132512,-1.27485103611128,3.57830972060567,0.484800577266318,0.0656823088214733,3.14936106927456,1,2,0.108038034384932,0.335,0.554004004004004,0.390011828746043,0.561244786133748,0.697022006932246,0.789259960514808,0.357844499426476,0.35953753253924
