"","intercept class1","intercept class2","age.centered class1","age.centered class2","varcov 1","varcov 2","varcov 3","stderr","bic.select","icl.select","ARI","MCR","RI","JI","FMI","mean.pprob.misc","mean.pprob.correct","btr.est.hm1","btr.est.best"
"1",2.43166354922528,6.93609542373657,-2.67338031119796,-1.01561671545276,4.22615884872314,0.0290566559572377,0.130553472938264,3.22004816771561,1,2,0,0.499,0.499501501501502,0.499,0.706045678763421,0.99294237126809,0.995497432808674,0.310405124241519,0.310423047733231
