"","intercept class1","intercept class2","age.centered class1","age.centered class2","varcov 1","varcov 2","varcov 3","stderr","bic.select","icl.select","ARI","MCR","RI","JI","FMI","mean.pprob.misc","mean.pprob.correct","btr.est.hm1","btr.est.best"
"1",7.92671603243801,5.70346444863858,-1.37725441741873,-0.618397631439561,3.70149013866351,0.926413808596417,0.231868155205745,3.19558968470907,1,2,0.140533512922922,0.312,0.570258258258258,0.402771131267041,0.574281027318027,0.655215829127539,0.776057551136308,0.330119834668735,0.33070318516349
