"","intercept class1","intercept class2","age.centered class1","age.centered class2","varcov 1","varcov 2","varcov 3","stderr","bic.select","icl.select","ARI","MCR","RI","JI","FMI","mean.pprob.misc","mean.pprob.correct","btr.est.hm1","btr.est.best"
"1",3.59678300572424,6.9333158054515,-1.23347545121993,-0.953074589934338,4.55403843357903,0.197841336988111,0.33247493279227,3.14271129037496,1,2,2.88298583920009e-07,0.497,0.499517517517517,0.495004403720133,0.700414629148198,0.940832027559776,0.9684705020206,0.365255911307232,0.365259090987118
