"","intercept class1","intercept class2","age.centered class1","age.centered class2","varcov 1","varcov 2","varcov 3","stderr","bic.select","icl.select","ARI","MCR","RI","JI","FMI","mean.pprob.misc","mean.pprob.correct","btr.est.hm1","btr.est.best"
"1",8.85478265805611,4.77859915048343,-0.81404007589005,-1.03116398164259,1.71151796676837,0.545537549891984,0.352174712813464,3.16502297552868,1,2,0.136035256910295,0.315,0.568018018018018,0.396264689423615,0.567606834037267,0.820661041158761,0.894591193873179,0.358715245882859,0.35922457565722
