"","intercept class1","intercept class2","age.centered class1","age.centered class2","varcov 1","varcov 2","varcov 3","stderr","bic.select","icl.select","ARI","MCR","RI","JI","FMI","mean.pprob.misc","mean.pprob.correct","btr.est.hm1","btr.est.best"
"1",8.02554163010493,4.40898326291752,-0.98189343048375,-1.06044026420818,2.80960631887037,0.200866170360128,0.375683497824434,3.14675161600176,1,2,0.0513538482619685,0.386,0.525517517517518,0.422014768858584,0.59981633427012,0.820334823800859,0.867490601516411,0.373619506705615,0.37380288974562
