"","intercept class1","intercept class2","age.centered class1","age.centered class2","varcov 1","varcov 2","varcov 3","stderr","bic.select","icl.select","ARI","MCR","RI","JI","FMI","mean.pprob.misc","mean.pprob.correct","btr.est.hm1","btr.est.best"
"1",4.9027290549199,8.80132364374735,-1.15138294980456,-0.872826371685261,1.64623931396776,0.0256308486988599,0.423055155641199,3.12895663739635,1,2,0.0752528301767006,0.362,0.537625625625626,0.367791172573881,0.537788979090696,0.778815391205077,0.848199181314577,0.380137882364006,0.379792195229484
