"","intercept class1","intercept class2","age.centered class1","age.centered class2","varcov 1","varcov 2","varcov 3","stderr","bic.select","icl.select","ARI","MCR","RI","JI","FMI","mean.pprob.misc","mean.pprob.correct","btr.est.hm1","btr.est.best"
"1",6.15158366173675,7.31779942504383,-0.505008661698356,-1.43510434577168,5.60710207003039,0.581454945277902,0.0603517630963987,3.2081692242743,1,2,0.110755879681787,0.333,0.555333333333333,0.404840887898048,0.577022468149123,0.582791141874445,0.65986030917094,0.37232339661983,0.372564013463083
