"","intercept class1","intercept class2","age.centered class1","age.centered class2","varcov 1","varcov 2","varcov 3","stderr","bic.select","icl.select","ARI","MCR","RI","JI","FMI","mean.pprob.misc","mean.pprob.correct","btr.est.hm1","btr.est.best"
"1",5.54606183079517,7.57739841670217,-0.544651426586387,-1.23285123969403,4.32639426098711,0.735282982777953,0.125171279810052,3.12426161423371,1,2,0.091646458154964,0.348,0.545753753753754,0.406273877683459,0.579283831266422,0.639415508656571,0.745440140694051,0.352650776452986,0.352755950105923
