"","intercept class1","intercept class2","age.centered class1","age.centered class2","varcov 1","varcov 2","varcov 3","stderr","bic.select","icl.select","ARI","MCR","RI","JI","FMI","mean.pprob.misc","mean.pprob.correct","btr.est.hm1","btr.est.best"
"1",9.16543843364955,5.54116097231757,-0.910936466037198,-1.06457793204623,1.96527714618808,0.368150777982782,0.562624362415587,3.15368891793458,1,2,0.0539620516198498,0.383,0.526904904904905,0.390724908213358,0.563483859202398,0.775068535711504,0.875814745157414,0.354658807146053,0.354397444306606
