"","intercept class1","intercept class2","age.centered class1","age.centered class2","varcov 1","varcov 2","varcov 3","stderr","bic.select","icl.select","ARI","MCR","RI","JI","FMI","mean.pprob.misc","mean.pprob.correct","btr.est.hm1","btr.est.best"
"1",7.97846894497454,5.28514636657058,-1.37349297628983,-0.737975839697155,3.98575580506609,0.638449141452991,0.175760725874369,3.15692191378272,1,2,0.130173333981723,0.319,0.565087087087087,0.393397259049938,0.564659154535947,0.658229450273644,0.774299085751238,0.378498307335585,0.378591045289999
