"","intercept class1","intercept class2","age.centered class1","age.centered class2","varcov 1","varcov 2","varcov 3","stderr","bic.select","icl.select","ARI","MCR","RI","JI","FMI","mean.pprob.misc","mean.pprob.correct","btr.est.hm1","btr.est.best"
"1",5.61660813207298,7.54149016348431,-0.618790306368707,-1.27235828871421,4.81656156180979,0.852445020336446,0.377514380316621,3.13561651205781,1,2,0.0941457872761291,0.346,0.546978978978979,0.417745230731228,0.59194980743556,0.656297286486308,0.713258460670917,0.378445382539282,0.37849089430064
