"","intercept class1","intercept class2","age.centered class1","age.centered class2","varcov 1","varcov 2","varcov 3","stderr","bic.select","icl.select","ARI","MCR","RI","JI","FMI","mean.pprob.misc","mean.pprob.correct","btr.est.hm1","btr.est.best"
"1",5.61899257197046,7.57480608714255,-0.599816081403297,-1.42536281589553,5.30068149590165,0.794695338294983,0.119147021554512,3.18424842585975,1,2,0.11337338769259,0.331,0.556678678678679,0.389302261445119,0.560453487474265,0.612965639969391,0.716686327389675,0.383330036275061,0.384070967619482
