"","intercept class1","intercept class2","age.centered class1","age.centered class2","varcov 1","varcov 2","varcov 3","stderr","bic.select","icl.select","ARI","MCR","RI","JI","FMI","mean.pprob.misc","mean.pprob.correct","btr.est.hm1","btr.est.best"
"1",6.04052157837019,7.2112519150993,-0.433694261266808,-1.46439456667048,4.92921920392904,0.611366982547176,0.0758385781578114,3.24045193873802,1,2,0.156049277104216,0.302,0.577985985985986,0.424761904761905,0.596841342604992,0.586565170274515,0.674537839786731,0.34580013706597,0.346467703112934
