"","intercept class1","intercept class2","age.centered class1","age.centered class2","varcov 1","varcov 2","varcov 3","stderr","bic.select","icl.select","ARI","MCR","RI","JI","FMI","mean.pprob.misc","mean.pprob.correct","btr.est.hm1","btr.est.best"
"1",5.79211846041279,8.59645000567032,-0.775604859622659,-1.12434901827274,3.88321321483352,0.644370434224542,0.419334144147565,3.1897637314445,1,2,0.0880826487287296,0.351,0.543945945945946,0.415330321852061,0.589574323215263,0.701299076349216,0.78601057824397,0.371836991779314,0.371961723519157
