"","intercept class1","intercept class2","age.centered class1","age.centered class2","varcov 1","varcov 2","varcov 3","stderr","bic.select","icl.select","ARI","MCR","RI","JI","FMI","mean.pprob.misc","mean.pprob.correct","btr.est.hm1","btr.est.best"
"1",5.8637868633424,8.33030868979754,-0.799881606834809,-1.38802651359419,3.94904065335492,0.967541183930295,0.508198032856904,3.13026298514065,1,2,0.0755837814014985,0.362,0.537625625625626,0.436662455058564,0.615107808737383,0.749292218946338,0.802661813492752,0.366194936594839,0.366097534622539
