"","intercept class1","intercept class2","age.centered class1","age.centered class2","varcov 1","varcov 2","varcov 3","stderr","bic.select","icl.select","ARI","MCR","RI","JI","FMI","mean.pprob.misc","mean.pprob.correct","btr.est.hm1","btr.est.best"
"1",5.07856117763894,8.15649027370275,-0.864146859622757,-1.15424064365161,2.61150408619463,0.51445701681073,0.437656260540526,3.24292856370348,1,2,0.101522510368926,0.34,0.550750750750751,0.384770604975572,0.555757785001422,0.71922854461882,0.797981252839059,0.34348868978081,0.343495055071579
