"","intercept class1","intercept class2","age.centered class1","age.centered class2","varcov 1","varcov 2","varcov 3","stderr","bic.select","icl.select","ARI","MCR","RI","JI","FMI","mean.pprob.misc","mean.pprob.correct","btr.est.hm1","btr.est.best"
"1",6.2016556155204,7.51954949691539,-0.304954738568909,-1.57140401827476,5.1588426461961,1.07292647133173,0.223148794784196,3.15148730002754,1,2,0.116095097591611,0.329,0.55804004004004,0.390377329312611,0.561563883120083,0.608095025358195,0.704251328118635,0.379967639533461,0.3800185961572
