"","intercept class1","intercept class2","age.centered class1","age.centered class2","varcov 1","varcov 2","varcov 3","stderr","bic.select","icl.select","ARI","MCR","RI","JI","FMI","mean.pprob.misc","mean.pprob.correct","btr.est.hm1","btr.est.best"
"1",5.13405137548478,7.64879410180307,-0.670854617449975,-1.21362767104323,3.86646229728675,0.704370308608722,0.478978632200055,3.13049455745234,1,2,0.0679206130945215,0.369,0.533855855855856,0.409044070618572,0.583592577282196,0.686759855146169,0.805202669727481,0.376858943493128,0.376944286561663
