"","intercept class1","intercept class2","age.centered class1","age.centered class2","varcov 1","varcov 2","varcov 3","stderr","bic.select","icl.select","ARI","MCR","RI","JI","FMI","mean.pprob.misc","mean.pprob.correct","btr.est.hm1","btr.est.best"
"1",5.27914666574302,9.09999647884224,-1.0106378873144,-0.98364769285369,1.99266326289916,0.128781446249566,0.325778012870167,3.11912648296084,1,2,0.0820835143972962,0.356,0.541013013013013,0.383814873545301,0.554983866015464,0.79122001827843,0.858978112897507,0.382146332186194,0.382137634237187
