"","intercept class1","intercept class2","age.centered class1","age.centered class2","varcov 1","varcov 2","varcov 3","stderr","bic.select","icl.select","ARI","MCR","RI","JI","FMI","mean.pprob.misc","mean.pprob.correct","btr.est.hm1","btr.est.best"
"1",5.55659723938935,7.53633771952604,-0.600995208293807,-1.40701986179113,4.50684810018486,0.725225875972139,0.116704505054865,3.16988602437155,1,2,0.118847969107858,0.327,0.559417417417417,0.391261894224386,0.562473648393362,0.637694452002803,0.71228407297968,0.358370867112661,0.358943924379812
