"","intercept class1","intercept class2","age.centered class1","age.centered class2","varcov 1","varcov 2","varcov 3","stderr","bic.select","icl.select","ARI","MCR","RI","JI","FMI","mean.pprob.misc","mean.pprob.correct","btr.est.hm1","btr.est.best"
"1",8.18275345597485,5.96508885567544,-1.51848194477295,-0.569730222045049,4.41727495187418,0.926190486993136,0.257175386405405,3.14403387883026,1,2,0.0891681397237174,0.35,0.544544544544545,0.39203959358849,0.56375789596474,0.636417408046968,0.778087700880831,0.379583572005885,0.379507125861791
