"","intercept class1","intercept class2","age.centered class1","age.centered class2","varcov 1","varcov 2","varcov 3","stderr","bic.select","icl.select","ARI","MCR","RI","JI","FMI","mean.pprob.misc","mean.pprob.correct","btr.est.hm1","btr.est.best"
"1",4.77907606792069,8.18029340805635,-0.952238126471704,-1.19664964184731,3.27047601183352,0.557264236913735,0.222775055367443,3.1325219339514,1,2,0.104090443175832,0.338,0.55204004004004,0.383500575843238,0.554402450986616,0.706131031072963,0.830353488223575,0.388463808644898,0.388038756330346
