"","intercept class1","intercept class2","age.centered class1","age.centered class2","varcov 1","varcov 2","varcov 3","stderr","bic.select","icl.select","ARI","MCR","RI","JI","FMI","mean.pprob.misc","mean.pprob.correct","btr.est.hm1","btr.est.best"
"1",6.40030968468939,7.80979811027651,-0.737078859864806,-1.79034820926844,5.41796065739874,0.581309762969783,0.0623715609239379,3.18890192823298,1,2,0.0312597518933467,0.411,0.515357357357357,0.45088374329707,0.637118515718879,0.714367665980404,0.798453801258373,0.373089116603561,0.373615274402953
