"","intercept class1","intercept class2","age.centered class1","age.centered class2","varcov 1","varcov 2","varcov 3","stderr","bic.select","icl.select","ARI","MCR","RI","JI","FMI","mean.pprob.misc","mean.pprob.correct","btr.est.hm1","btr.est.best"
"1",5.7472657138749,9.22267541763611,-1.17383483242878,-0.887291142170113,3.30162750258084,0.131814075004489,0.322424465579705,3.00873355969267,1,2,0.0264667332233412,0.418,0.512960960960961,0.448448793405218,0.634609285882586,0.833423829040222,0.890922793745873,0.384666032825334,0.384545246579006
