"","intercept class1","intercept class2","age.centered class1","age.centered class2","varcov 1","varcov 2","varcov 3","stderr","bic.select","icl.select","ARI","MCR","RI","JI","FMI","mean.pprob.misc","mean.pprob.correct","btr.est.hm1","btr.est.best"
"1",7.36377521753057,6.0814968036755,-1.76094275548053,-0.635326295956075,4.40006095470797,0.651785981138961,0.0965502286087642,3.18822627296959,1,2,0.0834174129651845,0.355,0.541591591591592,0.421768621588315,0.597173320964783,0.656359768056562,0.743228944568382,0.336234555682782,0.337114157795309
