"","intercept class1","intercept class2","age.centered class1","age.centered class2","varcov 1","varcov 2","varcov 3","stderr","bic.select","icl.select","ARI","MCR","RI","JI","FMI","mean.pprob.misc","mean.pprob.correct","btr.est.hm1","btr.est.best"
"1",5.07066690799928,8.01386812995196,-0.677975409121803,-1.15377276421276,3.32277048203166,0.691707776711775,0.253114065165548,3.1251921036655,1,2,0.101602229974594,0.34,0.550750750750751,0.402892935829617,0.575199255514019,0.706456880105069,0.826254967744114,0.363347865107761,0.363516707359071
