"","intercept class1","intercept class2","age.centered class1","age.centered class2","varcov 1","varcov 2","varcov 3","stderr","bic.select","icl.select","ARI","MCR","RI","JI","FMI","mean.pprob.misc","mean.pprob.correct","btr.est.hm1","btr.est.best"
"1",5.68387499887472,8.50851871073409,-0.889396502431123,-1.33923682939601,3.78299229852583,0.807556800112035,0.44760541358169,3.17954111280443,1,2,0.0904377497982776,0.349,0.545147147147147,0.406636197440585,0.5797374153086,0.687280682756594,0.802176910573388,0.372025505990388,0.372201464827001
