"","intercept class1","intercept class2","age.centered class1","age.centered class2","varcov 1","varcov 2","varcov 3","stderr","bic.select","icl.select","ARI","MCR","RI","JI","FMI","mean.pprob.misc","mean.pprob.correct","btr.est.hm1","btr.est.best"
"1",8.45728919167581,5.30385715733957,-0.883126356715416,-1.1218630651412,2.84202396967463,0.3221653433091,0.305904876888398,3.23700901168385,1,2,0.0709101848306007,0.366,0.535447447447447,0.368931193908077,0.539026374735837,0.681315007674848,0.760508633161791,0.338216433163126,0.338273691410731
