"","intercept class1","intercept class2","age.centered class1","age.centered class2","varcov 1","varcov 2","varcov 3","stderr","bic.select","icl.select","ARI","MCR","RI","JI","FMI","mean.pprob.misc","mean.pprob.correct","btr.est.hm1","btr.est.best"
"1",7.34866692092948,4.45447744268031,-1.07696000082493,-0.624633673983726,3.94437628882325,0.458665883890369,0.157203310018532,3.17922087258124,1,2,0.030560214165768,0.412,0.515003003003003,0.451996290180288,0.638608939737946,0.810941764009133,0.885923904059447,0.35566353480274,0.355625617100756
