"","intercept class1","intercept class2","age.centered class1","age.centered class2","varcov 1","varcov 2","varcov 3","stderr","bic.select","icl.select","ARI","MCR","RI","JI","FMI","mean.pprob.misc","mean.pprob.correct","btr.est.hm1","btr.est.best"
"1",7.93349283105093,4.89682080989497,-1.09061963551816,-0.894246611492728,2.86518632285243,0.243590469428591,0.378923736758562,3.16521106937364,1,2,0.0798112907137306,0.358,0.539867867867868,0.386754040972715,0.558227648333895,0.683767473312499,0.795575180688793,0.363906405061567,0.36395042832112
