"","intercept class1","intercept class2","age.centered class1","age.centered class2","varcov 1","varcov 2","varcov 3","stderr","bic.select","icl.select","ARI","MCR","RI","JI","FMI","mean.pprob.misc","mean.pprob.correct","btr.est.hm1","btr.est.best"
"1",6.55438218627371,6.90369964059905,-2.03274954909791,-0.564344759473162,4.9031178417515,0.308357974861893,0.0193938227554081,3.16566054802751,1,2,0.0192403056457895,0.43,0.509309309309309,0.456844512600498,0.646209436188295,0.715224269742693,0.780072414711252,0.347402910801531,0.347914959898798
