"","intercept class1","intercept class2","age.centered class1","age.centered class2","varcov 1","varcov 2","varcov 3","stderr","bic.select","icl.select","ARI","MCR","RI","JI","FMI","mean.pprob.misc","mean.pprob.correct","btr.est.hm1","btr.est.best"
"1",7.70848681964402,6.01386540458247,-1.56871882586135,-0.51665053174202,1.05940945983412,0.112264038801896,0.0118968472750388,1.42876600155457,2,2,0.446608417456105,0.035,0.932382382382382,0.930257577196757,0.964392097137239,0.918407972016204,0.995806228285823,0.364597291961004,0.366479557134763
