"","intercept class1","intercept class2","age.centered class1","age.centered class2","varcov 1","varcov 2","varcov 3","stderr","bic.select","icl.select","ARI","MCR","RI","JI","FMI","mean.pprob.misc","mean.pprob.correct","btr.est.hm1","btr.est.best"
"1",5.94329196325755,8.26822199478022,-0.50227515137116,-1.00544808378341,0.890173978529044,0.132706994151321,0.0197855467299199,1.39454944785449,2,2,0.544521652874812,0.032,0.937985985985986,0.935274648122764,0.966832133366953,0.85190895284594,0.997436443993251,0.355234260358753,0.356157390582164
