"","intercept class1","intercept class2","age.centered class1","age.centered class2","varcov 1","varcov 2","varcov 3","stderr","bic.select","icl.select","ARI","MCR","RI","JI","FMI","mean.pprob.misc","mean.pprob.correct","btr.est.hm1","btr.est.best"
"1",7.91660831416362,6.04011861781688,-1.32519365858825,-0.494014745780072,0.962523273789888,0.137215213591798,0.0195615771479411,1.39452865460715,2,2,0.497688206559665,0.035,0.932382382382382,0.929701321677594,0.963870053480817,0.838276079203653,0.995425887885202,0.369969821136534,0.369936216460885
