"","intercept class1","intercept class2","age.centered class1","age.centered class2","varcov 1","varcov 2","varcov 3","stderr","bic.select","icl.select","ARI","MCR","RI","JI","FMI","mean.pprob.misc","mean.pprob.correct","btr.est.hm1","btr.est.best"
"1",6.0257672772454,8.22647186980519,-0.483934919337223,-1.01341225327635,1.00814376240578,0.208339267762751,0.0556340105891626,1.41194853580153,2,2,0.531729937354344,0.031,0.939861861861862,0.937482569876584,0.968138140177457,0.927932911238206,0.997090826675159,0.36924188448134,0.368629846118331
