"","intercept class1","intercept class2","age.centered class1","age.centered class2","varcov 1","varcov 2","varcov 3","stderr","bic.select","icl.select","ARI","MCR","RI","JI","FMI","mean.pprob.misc","mean.pprob.correct","btr.est.hm1","btr.est.best"
"1",7.33660592044961,5.97268250740499,-1.48590890101169,-0.520146195528311,1.09034846419549,0.206648732345027,0.0391652034374487,1.38915221635365,2,2,0.477891831689028,0.036,0.930522522522523,0.92790876420366,0.962930581290255,0.904557055937945,0.990559933897863,0.381428834847323,0.382647255617116
