"","intercept class1","intercept class2","age.centered class1","age.centered class2","varcov 1","varcov 2","varcov 3","stderr","bic.select","icl.select","ARI","MCR","RI","JI","FMI","mean.pprob.misc","mean.pprob.correct","btr.est.hm1","btr.est.best"
"1",5.98432033942527,7.87001875181283,-0.51923342586644,-1.29131294083248,0.881000788240872,0.128159667668442,0.0186447335276685,1.40092641271219,2,2,0.485601061492174,0.038,0.926814814814815,0.923758754311981,0.960559736191057,0.910248233775466,0.994130627486501,0.365470514510068,0.366466910474092
