"","intercept class1","intercept class2","age.centered class1","age.centered class2","varcov 1","varcov 2","varcov 3","stderr","bic.select","icl.select","ARI","MCR","RI","JI","FMI","mean.pprob.misc","mean.pprob.correct","btr.est.hm1","btr.est.best"
"1",5.92671519033255,7.57925924692495,-0.508464208671805,-1.48347031417344,0.983947370738018,0.157350510425824,0.034542726638406,1.40085400719555,2,2,0.422286950693254,0.04,0.923123123123123,0.920536050558938,0.958946808093368,0.882619057329878,0.991882183820017,0.371625828560819,0.373022232771269
