"","intercept class1","intercept class2","age.centered class1","age.centered class2","varcov 1","varcov 2","varcov 3","stderr","bic.select","icl.select","ARI","MCR","RI","JI","FMI","mean.pprob.misc","mean.pprob.correct","btr.est.hm1","btr.est.best"
"1",5.90780311577539,7.60977644955577,-0.525109142009912,-1.56633401140372,0.997893692217832,0.127374489559691,0.0162585725970569,1.40056508739225,2,2,0.634240455636435,0.027,0.947405405405405,0.944560276533872,0.971664306087084,0.894811434462837,0.995835472500032,0.385156007707347,0.385974501159619
