"","intercept class1","intercept class2","age.centered class1","age.centered class2","varcov 1","varcov 2","varcov 3","stderr","bic.select","icl.select","ARI","MCR","RI","JI","FMI","mean.pprob.misc","mean.pprob.correct","btr.est.hm1","btr.est.best"
"1",5.96155518957345,7.44738529397427,-0.512950269715969,-1.47398291479848,1.08715975358028,0.144026631007173,0.0190806664067765,1.39507248779882,2,2,0.489704269155716,0.036,0.930522522522523,0.927766214303555,0.962805826180635,0.837763689090748,0.991111359931277,0.383903942645328,0.38586212719583
