"","intercept class1","intercept class2","age.centered class1","age.centered class2","varcov 1","varcov 2","varcov 3","stderr","bic.select","icl.select","ARI","MCR","RI","JI","FMI","mean.pprob.misc","mean.pprob.correct","btr.est.hm1","btr.est.best"
"1",5.99143362518283,7.34181983250799,-0.501409891528772,-1.71275786926052,0.963358923881903,0.0798678875598346,0.00982773700885257,1.41838996727398,2,2,0.533978140225891,0.032,0.937985985985986,0.935402877007712,0.966948846029971,0.893295477562396,0.995226322452225,0.372188245009502,0.371779053522672
