"","intercept class1","intercept class2","age.centered class1","age.centered class2","varcov 1","varcov 2","varcov 3","stderr","bic.select","icl.select","ARI","MCR","RI","JI","FMI","mean.pprob.misc","mean.pprob.correct","btr.est.hm1","btr.est.best"
"1",7.3886770129039,5.97249319211563,-1.63586224081956,-0.524589775437888,1.00920561139344,0.195526138624757,0.0378852435615193,1.43880282472787,2,2,0.401236971136333,0.039,0.924966966966967,0.922750788383453,0.960283283428203,0.928230113038507,0.995801922162432,0.340986095733886,0.341691758436606
