"","intercept class1","intercept class2","age.centered class1","age.centered class2","varcov 1","varcov 2","varcov 3","stderr","bic.select","icl.select","ARI","MCR","RI","JI","FMI","mean.pprob.misc","mean.pprob.correct","btr.est.hm1","btr.est.best"
"1",7.75119923226639,6.06986909025553,-1.69881031913696,-0.467617034451923,1.04613902198868,0.162513630017628,0.0252462804944112,1.40328530270911,2,2,0.505874807514824,0.034,0.934246246246246,0.931640511176789,0.964935402217259,0.918794598795394,0.996884127752623,0.385964747829757,0.387294781097799
