"","intercept class1","intercept class2","age.centered class1","age.centered class2","varcov 1","varcov 2","varcov 3","stderr","bic.select","icl.select","ARI","MCR","RI","JI","FMI","mean.pprob.misc","mean.pprob.correct","btr.est.hm1","btr.est.best"
"1",6.00575205186406,7.45352647057879,-0.501093311831068,-1.64760889005484,0.958397215309701,0.128408187646424,0.0172044154094616,1.40521764816783,2,2,0.514271804596873,0.033,0.936114114114114,0.933583782546257,0.966001868697193,0.907586040539559,0.992916604889551,0.370157954048508,0.372002165508777
