"","intercept class1","intercept class2","age.centered class1","age.centered class2","varcov 1","varcov 2","varcov 3","stderr","bic.select","icl.select","ARI","MCR","RI","JI","FMI","mean.pprob.misc","mean.pprob.correct","btr.est.hm1","btr.est.best"
"1",7.12703584519045,5.99095263296746,-1.68798855079814,-0.536735884327064,0.996308320466607,0.14714329341927,0.0221604570061898,1.42040622810259,2,2,0.365085098619625,0.042,0.919447447447447,0.91722145872594,0.957252798734958,0.928095569603568,0.993001153323074,0.343503252750936,0.344262114783716
