"","intercept class1","intercept class2","age.centered class1","age.centered class2","varcov 1","varcov 2","varcov 3","stderr","bic.select","icl.select","ARI","MCR","RI","JI","FMI","mean.pprob.misc","mean.pprob.correct","btr.est.hm1","btr.est.best"
"1",7.21384385233845,5.99662057975072,-1.63234452146565,-0.508850157907607,0.823438894904047,0.156027102848662,0.032486513650845,1.41124366876309,2,2,0.46041192935056,0.035,0.932382382382382,0.930118472723962,0.964255765879065,0.938722649335523,0.994882329288721,0.310306099179046,0.312026394858801
