"","intercept class1","intercept class2","age.centered class1","age.centered class2","varcov 1","varcov 2","varcov 3","stderr","bic.select","icl.select","ARI","MCR","RI","JI","FMI","mean.pprob.misc","mean.pprob.correct","btr.est.hm1","btr.est.best"
"1",8.95304495168669,5.99023126631866,-1.26770195583101,-0.542990770442554,1.10120056609388,0.170360344453591,0.0351902251706967,1.40648278693105,2,2,0.44455772155773,0.037,0.928666666666667,0.926273469539776,0.962128797896197,0.97161060110159,0.999652860100254,0.396202727624299,0.396191766087633
