"","intercept class1","intercept class2","age.centered class1","age.centered class2","varcov 1","varcov 2","varcov 3","stderr","bic.select","icl.select","ARI","MCR","RI","JI","FMI","mean.pprob.misc","mean.pprob.correct","btr.est.hm1","btr.est.best"
"1",5.96912530960205,7.73664515120534,-0.5109378214465,-1.37386150559984,0.959229155796942,0.119671588703033,0.0421934767708272,1.36814610477222,2,2,0.547507750570236,0.034,0.934246246246246,0.931099008987086,0.964475723843298,0.788532119065938,0.991519881526526,0.406231397739466,0.406026456757009
