"","intercept class1","intercept class2","age.centered class1","age.centered class2","varcov 1","varcov 2","varcov 3","stderr","bic.select","icl.select","ARI","MCR","RI","JI","FMI","mean.pprob.misc","mean.pprob.correct","btr.est.hm1","btr.est.best"
"1",5.97243804020046,7.67698414639465,-0.493642248244362,-1.55084869895595,1.02238133987902,0.159530385098276,0.0347921347893025,1.42372018349928,2,2,0.61509789556821,0.03,0.941741741741742,0.938471036985039,0.968353349088133,0.759543986413256,0.993024708762563,0.404324245428745,0.403412206928909
