"","intercept class1","intercept class2","age.centered class1","age.centered class2","varcov 1","varcov 2","varcov 3","stderr","bic.select","icl.select","ARI","MCR","RI","JI","FMI","mean.pprob.misc","mean.pprob.correct","btr.est.hm1","btr.est.best"
"1",7.64525816029765,6.00689750972208,-1.22949223418333,-0.476046988024233,0.864816809851921,0.110327125805806,0.0140747434671625,1.37935723253161,2,2,0.527694821397201,0.034,0.934246246246246,0.931369680962212,0.964697799802407,0.848467465302635,0.990496162692126,0.347351866427389,0.351143322609312
