"","intercept class1","intercept class2","age.centered class1","age.centered class2","varcov 1","varcov 2","varcov 3","stderr","bic.select","icl.select","ARI","MCR","RI","JI","FMI","mean.pprob.misc","mean.pprob.correct","btr.est.hm1","btr.est.best"
"1",7.10105884573076,5.97514582324558,-1.71087858893102,-0.522728360590498,1.06374966971279,0.112202861106763,0.0118350044179198,1.4150497058662,2,2,0.446608417456105,0.035,0.932382382382382,0.930257577196757,0.964392097137239,0.888725788464894,0.992568081298357,0.365300929795038,0.366319289270316
