"","intercept class1","intercept class2","age.centered class1","age.centered class2","varcov 1","varcov 2","varcov 3","stderr","bic.select","icl.select","ARI","MCR","RI","JI","FMI","mean.pprob.misc","mean.pprob.correct","btr.est.hm1","btr.est.best"
"1",6.05658840756649,7.37220899125962,-0.521933872358143,-1.6210917712266,0.834615715356968,0.101367442972541,0.0123152243364911,1.41243524387111,2,2,0.485899225980363,0.035,0.932382382382382,0.929840341336347,0.963994744235024,0.923650342778325,0.992431688933001,0.333081464198658,0.332851806253175
