"","intercept class1","intercept class2","age.centered class1","age.centered class2","varcov 1","varcov 2","varcov 3","stderr","bic.select","icl.select","ARI","MCR","RI","JI","FMI","mean.pprob.misc","mean.pprob.correct","btr.est.hm1","btr.est.best"
"1",6.69508954098126,6.01224716404803,-1.53771772341787,-0.498412324288683,1.03306438713012,0.103421425964044,0.0103536763870456,1.41518053486722,2,2,0.44455772155773,0.037,0.928666666666667,0.926273469539776,0.962128797896197,0.867047456365935,0.975369671727134,0.358780806910705,0.360701909125975
