"","intercept class1","intercept class2","age.centered class1","age.centered class2","varcov 1","varcov 2","varcov 3","stderr","bic.select","icl.select","ARI","MCR","RI","JI","FMI","mean.pprob.misc","mean.pprob.correct","btr.est.hm1","btr.est.best"
"1",7.26488056322092,6.08759424664387,-1.8017974855622,-0.479154903758716,1.02033333969538,0.142230215848528,0.0198266000608189,1.41348089583125,2,2,0.358507894805707,0.043,0.917615615615616,0.915335174037025,0.956196829120703,0.904036482459437,0.995499009888648,0.366098066128377,0.367451251583502
