"","intercept class1","intercept class2","age.centered class1","age.centered class2","varcov 1","varcov 2","varcov 3","stderr","bic.select","icl.select","ARI","MCR","RI","JI","FMI","mean.pprob.misc","mean.pprob.correct","btr.est.hm1","btr.est.best"
"1",6.04137315723852,6.96071927288014,-0.514504898355137,-1.74496293540756,0.908488571755835,0.121101921368377,0.0161429387694736,1.41328275949814,2,2,0.423996612293634,0.036,0.930522522522523,0.928479277868227,0.963468365502015,0.900363839208565,0.99343783671591,0.322902466907896,0.324005926892874
