"","intercept class1","intercept class2","age.centered class1","age.centered class2","varcov 1","varcov 2","varcov 3","stderr","bic.select","icl.select","ARI","MCR","RI","JI","FMI","mean.pprob.misc","mean.pprob.correct","btr.est.hm1","btr.est.best"
"1",5.99872716150734,8.12594270559009,-0.541864173161797,-1.32418426813977,1.00741257556048,0.161427381924666,0.0258670581122996,1.43149140748842,2,2,0.522887329155405,0.032,0.937985985985986,0.935531135531136,0.967069449240053,0.919401285227438,0.996798654774158,0.357707188680225,0.359525873733735
