"","intercept class1","intercept class2","age.centered class1","age.centered class2","varcov 1","varcov 2","varcov 3","stderr","bic.select","icl.select","ARI","MCR","RI","JI","FMI","mean.pprob.misc","mean.pprob.correct","btr.est.hm1","btr.est.best"
"1",5.97933985273603,7.37999101255721,-0.495447062641444,-1.46812957052783,1.22529627036685,0.210062158956077,0.0532833833954374,1.39678698078127,2,2,0.377013240000808,0.038,0.926814814814815,0.92495576093249,0.961636172495136,0.905972836481042,0.99403503812107,0.390773752282392,0.390742852034259
