"","intercept class1","intercept class2","age.centered class1","age.centered class2","varcov 1","varcov 2","varcov 3","stderr","bic.select","icl.select","ARI","MCR","RI","JI","FMI","mean.pprob.misc","mean.pprob.correct","btr.est.hm1","btr.est.best"
"1",6.02026985086352,8.02096815788932,-0.484624592409785,-1.60450450051876,0.924255920735321,0.0874475220102588,0.00827380478673987,1.42758835787905,2,2,0.533978140225891,0.032,0.937985985985986,0.935402877007712,0.966948846029971,0.906584586225349,0.997843406611439,0.365330701179659,0.368726616625069
