"","intercept class1","intercept class2","age.centered class1","age.centered class2","varcov 1","varcov 2","varcov 3","stderr","bic.select","icl.select","ARI","MCR","RI","JI","FMI","mean.pprob.misc","mean.pprob.correct","btr.est.hm1","btr.est.best"
"1",6.00248098263737,7.84126615473375,-0.513892512570438,-1.61995166606427,1.00684463737816,0.132860504536462,0.0175319215346444,1.42836520873989,2,2,0.401512114472891,0.041,0.921283283283283,0.91879159145266,0.958025056456987,0.850716835075664,0.996730383292916,0.363946934497319,0.365546780089332
