"","intercept class1","intercept class2","age.centered class1","age.centered class2","varcov 1","varcov 2","varcov 3","stderr","bic.select","icl.select","ARI","MCR","RI","JI","FMI","mean.pprob.misc","mean.pprob.correct","btr.est.hm1","btr.est.best"
"1",6.01921331795734,7.44250156878378,-0.497117739256927,-1.70325282427083,0.876186834820621,0.170657980016847,0.0659975982246385,1.43885787438118,2,2,0.517054144079943,0.034,0.934246246246246,0.931505078100561,0.964814659701706,0.822861091355081,0.993136177984934,0.353739298910544,0.354012653275941
