"","intercept class1","intercept class2","age.centered class1","age.centered class2","varcov 1","varcov 2","varcov 3","stderr","bic.select","icl.select","ARI","MCR","RI","JI","FMI","mean.pprob.misc","mean.pprob.correct","btr.est.hm1","btr.est.best"
"1",7.44501058395085,5.94217283561159,-1.65855595536264,-0.549945115976117,0.964328480423433,0.115340065237863,0.0137954351023509,1.40040686243595,2,2,0.502547822194963,0.033,0.936114114114114,0.933715669697939,0.966126429027507,0.901017190881025,0.995026068541488,0.36627203966702,0.367165019095906
