"","intercept class1","intercept class2","age.centered class1","age.centered class2","varcov 1","varcov 2","varcov 3","stderr","bic.select","icl.select","ARI","MCR","RI","JI","FMI","mean.pprob.misc","mean.pprob.correct","btr.est.hm1","btr.est.best"
"1",7.58436649010835,6.08145843344807,-1.42423350138513,-0.446255537980797,1.05722906099129,0.159288904171829,0.0267371641113596,1.40069894546355,2,2,0.473490416929424,0.035,0.932382382382382,0.92997939289905,0.964123314933754,0.84661143441676,0.992479753398778,0.378759653693385,0.378130198400982
