"","intercept class1","intercept class2","age.centered class1","age.centered class2","varcov 1","varcov 2","varcov 3","stderr","bic.select","icl.select","ARI","MCR","RI","JI","FMI","mean.pprob.misc","mean.pprob.correct","btr.est.hm1","btr.est.best"
"1",6.03300847196783,7.30242009287505,-0.505134020955775,-1.45304285990572,0.978168020245865,0.131787473294558,0.028502739542583,1.42009732234811,2,2,0.590545876303844,0.028,0.945513513513514,0.943020563346076,0.971001602312518,0.863261411535449,0.987118868103624,0.354155845984942,0.355131991225471
