"","intercept class1","intercept class2","age.centered class1","age.centered class2","varcov 1","varcov 2","varcov 3","stderr","bic.select","icl.select","ARI","MCR","RI","JI","FMI","mean.pprob.misc","mean.pprob.correct","btr.est.hm1","btr.est.best"
"1",7.69937133762577,6.03106494318641,-1.56295675913675,-0.499747428653575,1.01255655724171,0.116223280032189,0.0254642666828965,1.39228729454232,2,2,0.470085225401256,0.037,0.928666666666667,0.925981245507688,0.961867542909081,0.856063301293936,0.995700907782923,0.387284247183954,0.388454506833752
