"","intercept class1","intercept class2","age.centered class1","age.centered class2","varcov 1","varcov 2","varcov 3","stderr","bic.select","icl.select","ARI","MCR","RI","JI","FMI","mean.pprob.misc","mean.pprob.correct","btr.est.hm1","btr.est.best"
"1",6.03284855356836,7.18120101670344,-0.44529126617133,-1.64413541300643,1.02701051029481,0.130471793153224,0.0171817438789232,1.38502985497105,2,2,0.590518407085629,0.03,0.941741741741742,0.938833420914346,0.968644605979689,0.967430594066855,0.989113293311079,0.405354297237759,0.403242916243912
