"","intercept class1","intercept class2","age.centered class1","age.centered class2","varcov 1","varcov 2","varcov 3","stderr","bic.select","icl.select","ARI","MCR","RI","JI","FMI","mean.pprob.misc","mean.pprob.correct","btr.est.hm1","btr.est.best"
"1",7.59106672202733,5.94283695816497,-1.29747575565205,-0.506755211362155,0.853260892050357,0.150950797360763,0.0267048519528455,1.44618926098366,2,2,0.582066942282254,0.033,0.936114114114114,0.932661588132267,0.96523873672698,0.825169823869737,0.988426887036287,0.339915651711842,0.34052026970957
