"","intercept class1","intercept class2","age.centered class1","age.centered class2","varcov 1","varcov 2","varcov 3","stderr","bic.select","icl.select","ARI","MCR","RI","JI","FMI","mean.pprob.misc","mean.pprob.correct","btr.est.hm1","btr.est.best"
"1",7.6053719128852,6.05966492268603,-1.6965674659071,-0.495882675233487,0.938051811558489,0.095118210231968,0.00964822082501092,1.42171268137813,2,2,0.352589973239917,0.039,0.924966966966967,0.923210414814147,0.96072769257587,0.953775199951508,0.997954864940011,0.343007122873417,0.342684737832464
