"","intercept class1","intercept class2","age.centered class1","age.centered class2","varcov 1","varcov 2","varcov 3","stderr","bic.select","icl.select","ARI","MCR","RI","JI","FMI","mean.pprob.misc","mean.pprob.correct","btr.est.hm1","btr.est.best"
"1",7.51168739259622,6.03280278991341,-1.46691637073751,-0.457016895169323,1.08774409492636,0.20739491656166,0.0507224375128338,1.40997732591373,2,2,0.581211020237264,0.029,0.943625625625626,0.941045804179699,0.969929374262536,0.923863366904054,0.99074253432021,0.388533743147929,0.387850938879171
