"","intercept class1","intercept class2","age.centered class1","age.centered class2","varcov 1","varcov 2","varcov 3","stderr","bic.select","icl.select","ARI","MCR","RI","JI","FMI","mean.pprob.misc","mean.pprob.correct","btr.est.hm1","btr.est.best"
"1",7.46062639782049,6.03752817621438,-1.74670409604925,-0.498513362414856,1.14378343884289,0.136741069903145,0.0163476054220088,1.38132294647305,2,2,0.446608417456105,0.035,0.932382382382382,0.930257577196757,0.964392097137239,0.933845014753786,0.99566384037347,0.395103570673729,0.396627156746138
