"","intercept class1","intercept class2","age.centered class1","age.centered class2","varcov 1","varcov 2","varcov 3","stderr","bic.select","icl.select","ARI","MCR","RI","JI","FMI","mean.pprob.misc","mean.pprob.correct","btr.est.hm1","btr.est.best"
"1",7.75539750209956,5.98694985048966,-1.54901811076306,-0.510166149716465,1.03218399363875,0.169562993714907,0.0278551200724193,1.43954326775542,2,2,0.481729172359652,0.034,0.934246246246246,0.931911470815056,0.9651885376324,0.883424910484858,0.996595188729853,0.367699187307618,0.367130459371731
