"","intercept class1","intercept class2","age.centered class1","age.centered class2","varcov 1","varcov 2","varcov 3","stderr","bic.select","icl.select","ARI","MCR","RI","JI","FMI","mean.pprob.misc","mean.pprob.correct","btr.est.hm1","btr.est.best"
"1",7.5635063084228,6.05093686977029,-1.53318591993182,-0.492110697681606,1.05093489958275,0.17651791785391,0.0392884395496207,1.42105053618684,2,2,0.401512114472891,0.041,0.921283283283283,0.91879159145266,0.958025056456987,0.878184763469565,0.995228285844431,0.358699126935784,0.361214029472182
