"","intercept class1","intercept class2","age.centered class1","age.centered class2","varcov 1","varcov 2","varcov 3","stderr","bic.select","icl.select","ARI","MCR","RI","JI","FMI","mean.pprob.misc","mean.pprob.correct","btr.est.hm1","btr.est.best"
"1",6.05590721055096,7.46745480697682,-0.463809627195053,-1.50649830090282,0.927777047265158,0.137171581025554,0.0342279305768298,1.41128552837098,2,2,0.590424788148042,0.031,0.939861861861862,0.936735226846723,0.967473343819044,0.87160525324763,0.989552752813828,0.366659787974311,0.367897628460235
