"","intercept class1","intercept class2","age.centered class1","age.centered class2","varcov 1","varcov 2","varcov 3","stderr","bic.select","icl.select","ARI","MCR","RI","JI","FMI","mean.pprob.misc","mean.pprob.correct","btr.est.hm1","btr.est.best"
"1",6.0209336378126,7.07150044747801,-0.510702463428948,-1.61617930076356,0.970504056802292,0.162794764306374,0.0594134260142582,1.40103351441997,2,2,0.590545876303844,0.028,0.945513513513514,0.943020563346076,0.971001602312518,0.878555930703381,0.987478103671833,0.380645869905835,0.379689352966043
