"","intercept class1","intercept class2","age.centered class1","age.centered class2","varcov 1","varcov 2","varcov 3","stderr","bic.select","icl.select","ARI","MCR","RI","JI","FMI","mean.pprob.misc","mean.pprob.correct","btr.est.hm1","btr.est.best"
"1",5.99581868096604,7.40119110241237,-0.485840143980838,-1.37075759333388,0.970931935663649,0.144598239231217,0.0215377937461453,1.41196288649473,2,2,0.563224827550432,0.031,0.939861861861862,0.937108748539677,0.967788224700365,0.796762438725232,0.988626601062692,0.36199186272826,0.361708687103252
