"","intercept class1","intercept class2","age.centered class1","age.centered class2","varcov 1","varcov 2","varcov 3","stderr","bic.select","icl.select","ARI","MCR","RI","JI","FMI","mean.pprob.misc","mean.pprob.correct","btr.est.hm1","btr.est.best"
"1",6.02966107482063,7.12012590842766,-0.497252777359024,-1.58959518919314,1.07042002553315,0.147769776474481,0.0203993943001157,1.4322653273439,2,2,0.494115167832519,0.034,0.934246246246246,0.931775976602259,0.965060028043378,0.809922518909816,0.988121224955448,0.371022946827957,0.372456268657553
