"","intercept class1","intercept class2","age.centered class1","age.centered class2","varcov 1","varcov 2","varcov 3","stderr","bic.select","icl.select","ARI","MCR","RI","JI","FMI","mean.pprob.misc","mean.pprob.correct","btr.est.hm1","btr.est.best"
"1",7.75165500505479,6.00508408495023,-1.51917091721225,-0.527626161980979,0.89181137782014,0.127707525463936,0.0276631089698959,1.45323333480657,2,2,0.563224827550432,0.031,0.939861861861862,0.937108748539677,0.967788224700365,0.890953925694451,0.995273318121846,0.35564195040998,0.354278409950335
