"","intercept class1","intercept class2","age.centered class1","age.centered class2","varcov 1","varcov 2","varcov 3","stderr","bic.select","icl.select","ARI","MCR","RI","JI","FMI","mean.pprob.misc","mean.pprob.correct","btr.est.hm1","btr.est.best"
"1",5.94209765364902,7.76260033021195,-0.561032981431839,-1.46181537727744,1.08078735089813,0.126178307845492,0.0147309053481419,1.40902171417747,2,2,0.553251103977669,0.031,0.939861861861862,0.937233326786214,0.967900969157544,0.889976043941952,0.995106544507888,0.388110742366036,0.389322737700914
