"","intercept class1","intercept class2","age.centered class1","age.centered class2","varcov 1","varcov 2","varcov 3","stderr","bic.select","icl.select","ARI","MCR","RI","JI","FMI","mean.pprob.misc","mean.pprob.correct","btr.est.hm1","btr.est.best"
"1",5.92459874964292,7.43373449247778,-0.492693789273265,-1.28936982644044,0.733683318644991,0.0887830283028212,0.0107437836262368,1.41590852143119,2,2,0.481915637353089,0.037,0.928666666666667,0.925835189309577,0.961742724021711,0.846212530506698,0.991222934982205,0.307430122042206,0.309516465274322
