"","intercept class1","intercept class2","age.centered class1","age.centered class2","varcov 1","varcov 2","varcov 3","stderr","bic.select","icl.select","ARI","MCR","RI","JI","FMI","mean.pprob.misc","mean.pprob.correct","btr.est.hm1","btr.est.best"
"1",5.91806897101417,7.51466042308133,-0.464232425436267,-0.939753953668859,0.753884832239883,0.13939071221801,0.0433114530102616,1.42290441766992,2,2,0.359804287044594,0.072,0.866234234234234,0.859051653215089,0.924490052691079,0.734716906178596,0.967573124579327,0.353338655083403,0.353530340626109
