"","intercept class1","intercept class2","age.centered class1","age.centered class2","varcov 1","varcov 2","varcov 3","stderr","bic.select","icl.select","ARI","MCR","RI","JI","FMI","mean.pprob.misc","mean.pprob.correct","btr.est.hm1","btr.est.best"
"1",7.48443905875853,6.02398622303532,-1.52730463733803,-0.476241587710453,0.915263959033897,0.106932492150743,0.0144994657344059,1.39889391087118,2,2,0.522887329155405,0.032,0.937985985985986,0.935531135531136,0.967069449240053,0.849716039731969,0.993007464532272,0.355598017477643,0.356108804430842
