"","intercept class1","intercept class2","age.centered class1","age.centered class2","varcov 1","varcov 2","varcov 3","stderr","bic.select","icl.select","ARI","MCR","RI","JI","FMI","mean.pprob.misc","mean.pprob.correct","btr.est.hm1","btr.est.best"
"1",7.54224456903041,6.08933215060143,-1.70359776640648,-0.519250780110297,1.01727191854089,0.13786077666401,0.0276969327605845,1.41350183248196,2,2,0.408574994008864,0.036,0.930522522522523,0.928621966269025,0.963612502689625,0.923507728120786,0.996737281226223,0.363424342363757,0.363070410403314
