"","intercept class1","intercept class2","age.centered class1","age.centered class2","varcov 1","varcov 2","varcov 3","stderr","bic.select","icl.select","ARI","MCR","RI","JI","FMI","mean.pprob.misc","mean.pprob.correct","btr.est.hm1","btr.est.best"
"1",7.45512718290411,6.07905660658256,-1.65344345399755,-0.494834405965154,1.00729851074622,0.130115190707848,0.0191233793550733,1.40184266539243,2,2,0.716779156446445,0.023,0.955013013013013,0.951915793257812,0.975404864317829,0.859973835871764,0.990903057550194,0.403072249218138,0.403311324700874
