"","intercept class1","intercept class2","age.centered class1","age.centered class2","varcov 1","varcov 2","varcov 3","stderr","bic.select","icl.select","ARI","MCR","RI","JI","FMI","mean.pprob.misc","mean.pprob.correct","btr.est.hm1","btr.est.best"
"1",7.72466010779243,6.00530354278668,-1.54037028771805,-0.508072938148514,1.07203624399818,0.135591834644076,0.0171497430925684,1.38274986530968,2,2,0.525410166085136,0.033,0.936114114114114,0.933451924640994,0.965881195563638,0.858875931997594,0.995218788737376,0.399208751837387,0.401260729974116
