"","intercept class1","intercept class2","age.centered class1","age.centered class2","varcov 1","varcov 2","varcov 3","stderr","bic.select","icl.select","ARI","MCR","RI","JI","FMI","mean.pprob.misc","mean.pprob.correct","btr.est.hm1","btr.est.best"
"1",7.87511822304932,6.00465983025963,-1.25994513623289,-0.517123449511353,0.916190591788253,0.17231147053656,0.0406985062290066,1.41158039105553,2,2,0.394665045523275,0.042,0.919447447447447,0.916894554647676,0.956967855823487,0.869412327890813,0.995739957053146,0.34690834603029,0.347441329727243
