"","intercept class1","intercept class2","age.centered class1","age.centered class2","varcov 1","varcov 2","varcov 3","stderr","bic.select","icl.select","ARI","MCR","RI","JI","FMI","mean.pprob.misc","mean.pprob.correct","btr.est.hm1","btr.est.best"
"1",7.6499752415608,6.03256570179148,-1.45496909788629,-0.470496634733391,0.838785594666562,0.0966825414718486,0.0414563754119974,1.39506630019084,2,2,0.489704269155716,0.036,0.930522522522523,0.927766214303555,0.962805826180635,0.866968268236778,0.994982111641601,0.364176606850774,0.363574693375851
