"","intercept class1","intercept class2","age.centered class1","age.centered class2","varcov 1","varcov 2","varcov 3","stderr","bic.select","icl.select","ARI","MCR","RI","JI","FMI","mean.pprob.misc","mean.pprob.correct","btr.est.hm1","btr.est.best"
"1",5.98059450993563,7.8515120335038,-0.501511713272086,-1.35918284923198,0.920316646386194,0.103918491271516,0.0117340645894582,1.42007024890559,2,2,0.465466227757269,0.036,0.930522522522523,0.928051349244523,0.963059212504933,0.865333928692503,0.995410937149915,0.355124290816011,0.355401602493179
