"","intercept class1","intercept class2","age.centered class1","age.centered class2","varcov 1","varcov 2","varcov 3","stderr","bic.select","icl.select","ARI","MCR","RI","JI","FMI","mean.pprob.misc","mean.pprob.correct","btr.est.hm1","btr.est.best"
"1",6.71360329129929,6.04098188882795,-2.01259727818371,-0.489737629284071,1.07821980871985,0.13669982029074,0.0215122597443471,1.3803209862525,2,2,0.301838217482695,0.044,0.915787787787788,0.913963715203207,0.955598534271304,0.947352404856313,0.995907240396009,0.385743776391267,0.384858940114699
