"","intercept class1","intercept class2","age.centered class1","age.centered class2","varcov 1","varcov 2","varcov 3","stderr","bic.select","icl.select","ARI","MCR","RI","JI","FMI","mean.pprob.misc","mean.pprob.correct","btr.est.hm1","btr.est.best"
"1",7.03525294423975,5.99568003125104,-1.64532469544472,-0.489116240680935,1.1771982089106,0.169470072872424,0.0243970007819009,1.41931976556765,2,2,0.531729937354344,0.031,0.939861861861862,0.937482569876584,0.968138140177457,0.881689906590129,0.987698962137624,0.380988647680046,0.383430597087523
