"","intercept class1","intercept class2","age.centered class1","age.centered class2","varcov 1","varcov 2","varcov 3","stderr","bic.select","icl.select","ARI","MCR","RI","JI","FMI","mean.pprob.misc","mean.pprob.correct","btr.est.hm1","btr.est.best"
"1",6.06006737437285,7.43507245213881,-0.466204771085179,-1.76320297750512,0.969890547373907,0.126100160762608,0.0359281237169773,1.3863340190293,2,2,0.436940508929655,0.038,0.926814814814815,0.924356984708341,0.961067002624717,0.928285378010765,0.996318771992556,0.385745756552263,0.385418999609404
