"","intercept class1","intercept class2","age.centered class1","age.centered class2","varcov 1","varcov 2","varcov 3","stderr","bic.select","icl.select","ARI","MCR","RI","JI","FMI","mean.pprob.misc","mean.pprob.correct","btr.est.hm1","btr.est.best"
"1",7.45979274334782,5.92521636014053,-1.62709495005378,-0.546087153898464,0.998662786874346,0.142769624110682,0.0204104649382417,1.40993683959108,2,2,0.590560535270569,0.029,0.943625625625626,0.940928562138395,0.969820689163146,0.920218766588238,0.994971930692497,0.374956042586585,0.376445423113915
