"","intercept class1","intercept class2","age.centered class1","age.centered class2","varcov 1","varcov 2","varcov 3","stderr","bic.select","icl.select","ARI","MCR","RI","JI","FMI","mean.pprob.misc","mean.pprob.correct","btr.est.hm1","btr.est.best"
"1",5.99265265836191,7.58647224385858,-0.496509316218165,-1.31934502034688,1.06269089236147,0.134067622824254,0.0367609217849354,1.40579113414771,2,2,0.481729172359652,0.034,0.934246246246246,0.931911470815056,0.9651885376324,0.85269400854023,0.990850686621975,0.389275648364508,0.388080137666746
