"","intercept class1","intercept class2","age.centered class1","age.centered class2","varcov 1","varcov 2","varcov 3","stderr","bic.select","icl.select","ARI","MCR","RI","JI","FMI","mean.pprob.misc","mean.pprob.correct","btr.est.hm1","btr.est.best"
"1",5.97479490957627,8.55364491926526,-0.509481025195461,-1.18783445565798,0.819575739310058,0.135736469059562,0.0224805634539427,1.42894763968327,2,2,0.473490416929424,0.035,0.932382382382382,0.92997939289905,0.964123314933754,0.964709933954588,0.999393623363397,0.339906419829109,0.339745877136244
