"","intercept class1","intercept class2","age.centered class1","age.centered class2","varcov 1","varcov 2","varcov 3","stderr","bic.select","icl.select","ARI","MCR","RI","JI","FMI","mean.pprob.misc","mean.pprob.correct","btr.est.hm1","btr.est.best"
"1",5.92498421462484,7.76718260363757,-0.525197420030887,-1.50930464797025,1.06951452363107,0.153207562925835,0.0219469679499565,1.42168610184141,2,2,0.651110896219726,0.026,0.949301301301301,0.94645228408793,0.9726463004512,0.885027303420564,0.994276796555532,0.388518000244793,0.390598345745622
