"","intercept class1","intercept class2","age.centered class1","age.centered class2","varcov 1","varcov 2","varcov 3","stderr","bic.select","icl.select","ARI","MCR","RI","JI","FMI","mean.pprob.misc","mean.pprob.correct","btr.est.hm1","btr.est.best"
"1",7.40134861007909,6.00974420019116,-1.45061481648537,-0.445219788785489,0.873309318435813,0.0921007706409017,0.00971361073736255,1.40940855622797,2,2,0.529765573793179,0.035,0.932382382382382,0.929284490953021,0.963519254251298,0.870164856542147,0.987642830255775,0.356291778769621,0.35767728570656
