"","intercept class1","intercept class2","age.centered class1","age.centered class2","varcov 1","varcov 2","varcov 3","stderr","bic.select","icl.select","ARI","MCR","RI","JI","FMI","mean.pprob.misc","mean.pprob.correct","btr.est.hm1","btr.est.best"
"1",5.95219091300545,7.52933555517935,-0.545424442727299,-1.34636616629173,1.07665787975299,0.117895348566547,0.0129097810487274,1.41467217955439,2,2,0.359802232676374,0.038,0.926814814814815,0.925105511165745,0.961788136797242,0.915583522274478,0.992984452397205,0.359685510710197,0.361440739258972
