"","intercept class1","intercept class2","age.centered class1","age.centered class2","varcov 1","varcov 2","varcov 3","stderr","bic.select","icl.select","ARI","MCR","RI","JI","FMI","mean.pprob.misc","mean.pprob.correct","btr.est.hm1","btr.est.best"
"1",5.99791593525317,7.64447377904138,-0.531547045581864,-1.15552348497074,1.01995110217636,0.145550591416099,0.0207708943669981,1.4226751791493,2,2,0.360863084438241,0.045,0.913963963963964,0.911400886506546,0.953943815732987,0.828309198859563,0.987953151020977,0.358730946563782,0.361299917225602
