"","intercept class1","intercept class2","age.centered class1","age.centered class2","varcov 1","varcov 2","varcov 3","stderr","bic.select","icl.select","ARI","MCR","RI","JI","FMI","mean.pprob.misc","mean.pprob.correct","btr.est.hm1","btr.est.best"
"1",7.61757436597674,5.94563987327926,-1.48351313435174,-0.534056626457117,1.12552839133542,0.140991846311913,0.017661709205237,1.39549152039384,2,2,0.481729172359652,0.034,0.934246246246246,0.931911470815056,0.9651885376324,0.832161246457058,0.994916011844578,0.38841303423089,0.390321965738426
