"","intercept class1","intercept class2","age.centered class1","age.centered class2","varcov 1","varcov 2","varcov 3","stderr","bic.select","icl.select","ARI","MCR","RI","JI","FMI","mean.pprob.misc","mean.pprob.correct","btr.est.hm1","btr.est.best"
"1",5.89028781836552,7.75126324100525,-0.537483562273868,-1.14098560068485,0.853688847772199,0.141055845891025,0.0477495803627006,1.41164089867894,2,2,0.425861877014128,0.045,0.913963963963964,0.910533985635474,0.95327886048892,0.807809321111491,0.991907659797594,0.358008720094989,0.358167660973093
