"","intercept class1","intercept class2","age.centered class1","age.centered class2","varcov 1","varcov 2","varcov 3","stderr","bic.select","icl.select","ARI","MCR","RI","JI","FMI","mean.pprob.misc","mean.pprob.correct","btr.est.hm1","btr.est.best"
"1",6.06619035852712,7.42408857724922,-0.480313631781672,-1.53684346434978,1.04381129810943,0.13146335730281,0.0165572211267429,1.38172104821844,2,2,0.349081583635703,0.042,0.919447447447447,0.91738496601852,0.95740105248472,0.878245869971317,0.993283982055926,0.369882160694651,0.372683205922754
