"","intercept class1","intercept class2","age.centered class1","age.centered class2","varcov 1","varcov 2","varcov 3","stderr","bic.select","icl.select","ARI","MCR","RI","JI","FMI","mean.pprob.misc","mean.pprob.correct","btr.est.hm1","btr.est.best"
"1",7.20209878874398,6.00426298577037,-1.73394933119847,-0.495918206092937,1.04110759856647,0.176390089972724,0.0446816334207232,1.41831208803998,2,2,0.581534505622292,0.03,0.941741741741742,0.938954293338256,0.968749478616976,0.887462724900766,0.991031246391052,0.382349725894334,0.382900095599044
