"","intercept class1","intercept class2","age.centered class1","age.centered class2","varcov 1","varcov 2","varcov 3","stderr","bic.select","icl.select","ARI","MCR","RI","JI","FMI","mean.pprob.misc","mean.pprob.correct","btr.est.hm1","btr.est.best"
"1",7.39310319331786,6.02262699368901,-1.51673488298718,-0.494493952661776,1.01142394780683,0.189937474952084,0.0656884761456342,1.40187048162879,2,2,0.625044785638764,0.028,0.945513513513514,0.942566526684534,0.970590618145063,0.86879073084751,0.989006503892644,0.387909312601554,0.388015760784309
