"","intercept class1","intercept class2","age.centered class1","age.centered class2","varcov 1","varcov 2","varcov 3","stderr","bic.select","icl.select","ARI","MCR","RI","JI","FMI","mean.pprob.misc","mean.pprob.correct","btr.est.hm1","btr.est.best"
"1",6.04007683716511,7.27902082480517,-0.49136044255065,-1.84720136934217,1.0212505977571,0.1428702912468,0.0199871971622246,1.40856420755096,2,2,0.517054144079943,0.034,0.934246246246246,0.931505078100561,0.964814659701706,0.916421482516785,0.996422984264081,0.373236464106497,0.375141416529172
