"","intercept class1","intercept class2","age.centered class1","age.centered class2","varcov 1","varcov 2","varcov 3","stderr","bic.select","icl.select","ARI","MCR","RI","JI","FMI","mean.pprob.misc","mean.pprob.correct","btr.est.hm1","btr.est.best"
"1",5.89270180745706,6.90125442277466,-0.51897499157994,-1.504127373429,0.989548067239478,0.153319454882905,0.0237551491330912,1.34045443920708,2,2,0.531643443707235,0.036,0.930522522522523,0.927196442057565,0.962345550489068,0.830879427520914,0.982884594596336,0.388859761588235,0.389634853296078
