"","intercept class1","intercept class2","age.centered class1","age.centered class2","varcov 1","varcov 2","varcov 3","stderr","bic.select","icl.select","ARI","MCR","RI","JI","FMI","mean.pprob.misc","mean.pprob.correct","btr.est.hm1","btr.est.best"
"1",7.81649860607509,6.05291516780262,-1.54150755978238,-0.507488503563718,0.906422987081126,0.137108540542985,0.0207396097344216,1.43768112438189,2,2,0.514271804596873,0.033,0.936114114114114,0.933583782546257,0.966001868697193,0.897905862039266,0.996857075552613,0.348630046843949,0.349366632330121
