"","intercept class1","intercept class2","age.centered class1","age.centered class2","varcov 1","varcov 2","varcov 3","stderr","bic.select","icl.select","ARI","MCR","RI","JI","FMI","mean.pprob.misc","mean.pprob.correct","btr.est.hm1","btr.est.best"
"1",5.99961638285142,7.63346359569914,-0.493954531197735,-1.36850342377911,0.954447592600309,0.107556042799189,0.0121204166447216,1.43313740176544,2,2,0.377013240000808,0.038,0.926814814814815,0.92495576093249,0.961636172495136,0.931021360057233,0.994937980664555,0.346414185890376,0.344923274344514
