"","intercept class1","intercept class2","age.centered class1","age.centered class2","varcov 1","varcov 2","varcov 3","stderr","bic.select","icl.select","ARI","MCR","RI","JI","FMI","mean.pprob.misc","mean.pprob.correct","btr.est.hm1","btr.est.best"
"1",6.02644920170019,7.75723148841269,-0.518924453226607,-1.38845505354382,0.913149116547978,0.0941900708287231,0.0171940993961336,1.43818869650366,2,2,0.369729456754617,0.039,0.924966966966967,0.923057183095122,0.960575691154017,0.882561409358459,0.995722996874176,0.336756685518823,0.336830800533706
