"","intercept class1","intercept class2","age.centered class1","age.centered class2","varcov 1","varcov 2","varcov 3","stderr","bic.select","icl.select","ARI","MCR","RI","JI","FMI","mean.pprob.misc","mean.pprob.correct","btr.est.hm1","btr.est.best"
"1",6.47815610404932,6.03828355508969,-1.92537716432292,-0.504865624708468,0.955312994596055,0.0965506017390088,0.0183176140087011,1.40475660514161,2,2,0.473490416929424,0.035,0.932382382382382,0.92997939289905,0.964123314933754,0.875480924047128,0.988580455830911,0.355196550549337,0.355958473578332
