"","intercept class1","intercept class2","age.centered class1","age.centered class2","varcov 1","varcov 2","varcov 3","stderr","bic.select","icl.select","ARI","MCR","RI","JI","FMI","mean.pprob.misc","mean.pprob.correct","btr.est.hm1","btr.est.best"
"1",8.15198801701919,5.94042982041029,-1.02850074961042,-0.499949277857453,0.91812442181417,0.187440345811806,0.0589793294846543,1.40607708800366,2,2,0.401512114472891,0.041,0.921283283283283,0.91879159145266,0.958025056456987,0.91432960092902,0.996713144464372,0.351931625242383,0.352058888991261
