"","intercept class1","intercept class2","age.centered class1","age.centered class2","varcov 1","varcov 2","varcov 3","stderr","bic.select","icl.select","ARI","MCR","RI","JI","FMI","mean.pprob.misc","mean.pprob.correct","btr.est.hm1","btr.est.best"
"1",5.93109098795685,7.50677151349544,-0.53683379755408,-1.54265902804024,0.921351668047774,0.110920060504661,0.0133535187363799,1.42671711138919,2,2,0.514271804596873,0.033,0.936114114114114,0.933583782546257,0.966001868697193,0.914833385272846,0.995201701632622,0.334796732456927,0.336956071148762
