"","intercept class1","intercept class2","age.centered class1","age.centered class2","varcov 1","varcov 2","varcov 3","stderr","bic.select","icl.select","ARI","MCR","RI","JI","FMI","mean.pprob.misc","mean.pprob.correct","btr.est.hm1","btr.est.best"
"1",6.05221482585251,7.39712444854532,-0.487043509027583,-1.46946248282202,0.856700292651813,0.134336155467171,0.0277485556508681,1.42604488650407,2,2,0.635834358088623,0.026,0.949301301301301,0.946664307798586,0.972835787165004,0.884014139954269,0.991040602250591,0.343129351502731,0.342153636541869
