"","intercept class1","intercept class2","age.centered class1","age.centered class2","varcov 1","varcov 2","varcov 3","stderr","bic.select","icl.select","ARI","MCR","RI","JI","FMI","mean.pprob.misc","mean.pprob.correct","btr.est.hm1","btr.est.best"
"1",7.82498088334681,6.01258953447829,-1.55511447885543,-0.493770995687063,1.05152840425573,0.156370826977533,0.0305183958336354,1.38759427357961,2,2,0.400806592321667,0.037,0.928666666666667,0.926712027282189,0.962549727043253,0.956007393517041,0.998094145619777,0.369330143794437,0.37041273655393
