"","intercept class1","intercept class2","age.centered class1","age.centered class2","varcov 1","varcov 2","varcov 3","stderr","bic.select","icl.select","ARI","MCR","RI","JI","FMI","mean.pprob.misc","mean.pprob.correct","btr.est.hm1","btr.est.best"
"1",6.0103560953999,7.83926194111317,-0.478278643710097,-1.53848932849516,0.849017401613426,0.140009493390614,0.0230886433858951,1.43989935604911,2,2,0.553251103977669,0.031,0.939861861861862,0.937233326786214,0.967900969157544,0.886227462589474,0.997786666976243,0.334196898247166,0.336663101586394
