"","intercept class1","intercept class2","age.centered class1","age.centered class2","varcov 1","varcov 2","varcov 3","stderr","bic.select","icl.select","ARI","MCR","RI","JI","FMI","mean.pprob.misc","mean.pprob.correct","btr.est.hm1","btr.est.best"
"1",7.65937222697992,6.00333802579769,-1.77905203706975,-0.544405600472469,0.973331168546608,0.096358133467871,0.0095393134444112,1.37352904620946,2,2,0.473490416929424,0.035,0.932382382382382,0.92997939289905,0.964123314933754,0.905807275771763,0.996859415491947,0.370826957975317,0.374457872708874
