"","intercept class1","intercept class2","age.centered class1","age.centered class2","varcov 1","varcov 2","varcov 3","stderr","bic.select","icl.select","ARI","MCR","RI","JI","FMI","mean.pprob.misc","mean.pprob.correct","btr.est.hm1","btr.est.best"
"1",6.04475861208118,6.97266526590607,-0.479572299767719,-1.83552982152006,0.960793446517209,0.135186328910176,0.0190219153305697,1.39241417000588,2,2,0.452378796662081,0.036,0.930522522522523,0.928193965677775,0.963191720215024,0.93559260818552,0.994518704344102,0.359804939467066,0.360966465748299
