"","intercept class1","intercept class2","age.centered class1","age.centered class2","varcov 1","varcov 2","varcov 3","stderr","bic.select","icl.select","ARI","MCR","RI","JI","FMI","mean.pprob.misc","mean.pprob.correct","btr.est.hm1","btr.est.best"
"1",6.00096206368664,6.82590985934747,-0.468592712654494,-1.90879367512056,0.99028331414886,0.119553770372394,0.0144970954647828,1.40012884989022,2,2,0.497688206559665,0.035,0.932382382382382,0.929701321677594,0.963870053480817,0.901649839667261,0.992145160483391,0.371379303064995,0.371685471112896
