"","intercept class1","intercept class2","age.centered class1","age.centered class2","varcov 1","varcov 2","varcov 3","stderr","bic.select","icl.select","ARI","MCR","RI","JI","FMI","mean.pprob.misc","mean.pprob.correct","btr.est.hm1","btr.est.best"
"1",6.01516670221486,7.15240388571556,-0.475420097067264,-1.62716875600559,0.952561667443328,0.138635364264996,0.0292570448901849,1.42294666327186,2,2,0.500947542375121,0.036,0.930522522522523,0.927623703320584,0.962684946545168,0.836899662639563,0.987345815311929,0.36617966050829,0.365948565467219
