"","intercept class1","intercept class2","age.centered class1","age.centered class2","varcov 1","varcov 2","varcov 3","stderr","bic.select","icl.select","ARI","MCR","RI","JI","FMI","mean.pprob.misc","mean.pprob.correct","btr.est.hm1","btr.est.best"
"1",6.10001240236988,7.60988305661729,-0.467163583576415,-1.8001762408164,1.24862121947626,0.200130298912021,0.0320770958849623,1.42683650691133,2,2,0.301739385228088,0.041,0.921283283283283,0.919752229728351,0.958925919419176,0.936191043827608,0.998001425629231,0.37615540219677,0.379491726132514
