"","intercept class1","intercept class2","age.centered class1","age.centered class2","varcov 1","varcov 2","varcov 3","stderr","bic.select","icl.select","ARI","MCR","RI","JI","FMI","mean.pprob.misc","mean.pprob.correct","btr.est.hm1","btr.est.best"
"1",6.03465746253412,7.11686062799369,-0.49930038440996,-1.44522104331291,0.950892229444735,0.132800973222043,0.0185468952132324,1.40110956335954,2,2,0.547507750570236,0.034,0.934246246246246,0.931099008987086,0.964475723843298,0.907502122161487,0.978164950126063,0.356539750932061,0.358328159717337
