"","intercept class1","intercept class2","age.centered class1","age.centered class2","varcov 1","varcov 2","varcov 3","stderr","bic.select","icl.select","ARI","MCR","RI","JI","FMI","mean.pprob.misc","mean.pprob.correct","btr.est.hm1","btr.est.best"
"1",7.38104962058837,5.95127462935906,-1.62312472497583,-0.538955113286377,0.958526907423357,0.163604544135918,0.0279245650933751,1.43154958303627,2,2,0.671557965445155,0.026,0.949301301301301,0.946134506332237,0.972391368139301,0.818646472798546,0.991102609124758,0.372278054713534,0.374160621032757
