"","intercept class1","intercept class2","age.centered class1","age.centered class2","varcov 1","varcov 2","varcov 3","stderr","bic.select","icl.select","ARI","MCR","RI","JI","FMI","mean.pprob.misc","mean.pprob.correct","btr.est.hm1","btr.est.best"
"1",7.31529336343904,5.98307828570525,-1.59920139591541,-0.512604426531761,0.794464657627521,0.121126746760498,0.0184674217036368,1.42802534176824,2,2,0.683875519404053,0.024,0.953105105105105,0.950271739130435,0.974625920700931,0.798439360616158,0.99063975343233,0.341517479678162,0.341976638268604
