"","intercept class1","intercept class2","age.centered class1","age.centered class2","varcov 1","varcov 2","varcov 3","stderr","bic.select","icl.select","ARI","MCR","RI","JI","FMI","mean.pprob.misc","mean.pprob.correct","btr.est.hm1","btr.est.best"
"1",7.09394841751814,6.01420372790898,-1.67044274139923,-0.505402773664169,0.982994691890879,0.140404451203119,0.0200545967085778,1.42265581424061,2,2,0.505874807514824,0.034,0.934246246246246,0.931640511176789,0.964935402217259,0.933143982112188,0.988845781928482,0.353755570426824,0.354133817046275
