"","intercept class1","intercept class2","age.centered class1","age.centered class2","varcov 1","varcov 2","varcov 3","stderr","bic.select","icl.select","ARI","MCR","RI","JI","FMI","mean.pprob.misc","mean.pprob.correct","btr.est.hm1","btr.est.best"
"1",7.93237291130282,5.8506768552888,-1.2789455425778,-0.5243893367896,0.869026158545265,0.171914264313537,0.0558481653825891,1.4181372016041,2,2,0.628342815130535,0.031,0.939861861861862,0.936113604171895,0.967026283306522,0.840959485842436,0.99610107478308,0.371953650224961,0.3732373698982
