"","intercept class1","intercept class2","age.centered class1","age.centered class2","varcov 1","varcov 2","varcov 3","stderr","bic.select","icl.select","ARI","MCR","RI","JI","FMI","mean.pprob.misc","mean.pprob.correct","btr.est.hm1","btr.est.best"
"1",6.11213136473571,6.89292042770595,-0.474703056405971,-1.64078847799905,0.98447128896992,0.143645787977593,0.0230340589784441,1.3965527043537,2,2,0.555717223547421,0.033,0.936114114114114,0.933056561342267,0.965542492074047,0.78796251835402,0.982497186451155,0.366912189904971,0.366852830885313
