"","intercept class1","intercept class2","age.centered class1","age.centered class2","varcov 1","varcov 2","varcov 3","stderr","bic.select","icl.select","ARI","MCR","RI","JI","FMI","mean.pprob.misc","mean.pprob.correct","btr.est.hm1","btr.est.best"
"1",5.96859673589467,7.6641638175404,-0.52657408620958,-1.46306131019697,0.965788941879526,0.134348788220041,0.0324133335329437,1.41071343043274,2,2,0.438575586004907,0.036,0.930522522522523,0.928336609783094,0.963328104573989,0.920909092132599,0.995194697841699,0.351304513384458,0.352086781090013
