"","intercept class1","intercept class2","age.centered class1","age.centered class2","varcov 1","varcov 2","varcov 3","stderr","bic.select","icl.select","ARI","MCR","RI","JI","FMI","mean.pprob.misc","mean.pprob.correct","btr.est.hm1","btr.est.best"
"1",7.15808193726052,2.39461555061471,-0.739735098035171,-3.29447507375174,18.5792989006882,1.42357996002385,0.131935431081787,3.09799952064381,1,2,3.22252482064823e-05,0.496,0.499531531531532,0.495515857960462,0.701127403418266,0.96515415265032,0.963497792856909,0.658313571866799,0.658168618566562
