"","intercept class1","intercept class2","age.centered class1","age.centered class2","varcov 1","varcov 2","varcov 3","stderr","bic.select","icl.select","ARI","MCR","RI","JI","FMI","mean.pprob.misc","mean.pprob.correct","btr.est.hm1","btr.est.best"
"1",7.81505544116558,5.87713757597805,-1.52361627624111,-0.338440317569171,19.9845882338582,3.63394596537956,0.660790390675121,3.14972141318419,1,2,0.0719887505473293,0.365,0.535985985985986,0.369779317395749,0.539934904981459,0.60324954568228,0.677618425796134,0.664922530724892,0.664830938555273
