"","intercept class1","intercept class2","age.centered class1","age.centered class2","varcov 1","varcov 2","varcov 3","stderr","bic.select","icl.select","ARI","MCR","RI","JI","FMI","mean.pprob.misc","mean.pprob.correct","btr.est.hm1","btr.est.best"
"1",9.82214847501339,5.23385526228414,-0.718404203325326,-1.23384066789659,14.4017770725529,1.73852090235451,0.359878894349097,3.22699300170666,1,2,0.0182497984826252,0.431,0.509031031031031,0.380865942943701,0.55376651368876,0.71629121874952,0.744080347280491,0.62750649478086,0.627511840908839
