"","intercept class1","intercept class2","age.centered class1","age.centered class2","varcov 1","varcov 2","varcov 3","stderr","bic.select","icl.select","ARI","MCR","RI","JI","FMI","mean.pprob.misc","mean.pprob.correct","btr.est.hm1","btr.est.best"
"1",9.02037896680804,4.79535899541006,-1.10664429852146,-0.727254602677389,17.9170174815827,3.62948069438977,0.735234612344887,3.18493030263201,1,2,0.0414766130784956,0.397,0.520738738738739,0.35160939091244,0.520282551627297,0.692616420591961,0.752454168746073,0.66188488635361,0.663222641673087
