"","intercept class1","intercept class2","age.centered class1","age.centered class2","varcov 1","varcov 2","varcov 3","stderr","bic.select","icl.select","ARI","MCR","RI","JI","FMI","mean.pprob.misc","mean.pprob.correct","btr.est.hm1","btr.est.best"
"1",7.96254380566904,6.09437574087278,0.111750782935273,-1.47863653055833,19.4101730126406,1.59047498866731,0.130324073713683,3.15304526328505,1,2,0.00147985255095344,0.479,0.500382382382382,0.461860422991996,0.655110179144448,0.728950472240657,0.747407517896156,0.654008488047231,0.654998455562009
