"","intercept class1","intercept class2","age.centered class1","age.centered class2","varcov 1","varcov 2","varcov 3","stderr","bic.select","icl.select","ARI","MCR","RI","JI","FMI","mean.pprob.misc","mean.pprob.correct","btr.est.hm1","btr.est.best"
"1",9.37953670026915,5.17986863349649,0.0904397963430169,-1.54304935555025,16.4004610639797,1.36779353027269,0.280302247029434,3.17148657316365,1,2,-0.000332458650455404,0.494,0.499571571571572,0.431905164498505,0.616747371619281,0.762176498593963,0.742732537030649,0.645346204241636,0.645224839356583
