"","intercept class1","intercept class2","age.centered class1","age.centered class2","varcov 1","varcov 2","varcov 3","stderr","bic.select","icl.select","ARI","MCR","RI","JI","FMI","mean.pprob.misc","mean.pprob.correct","btr.est.hm1","btr.est.best"
"1",4.49360900416473,8.73152089817044,-0.682145710133532,-1.2871060077599,18.0389104068979,3.82128997721422,0.840473813701677,3.1123176051705,1,2,0.0867021536263913,0.352,0.543351351351351,0.372669816665658,0.542985384571519,0.709489882714167,0.767854723829673,0.678406603845997,0.677957043341995
