"","intercept class1","intercept class2","age.centered class1","age.centered class2","varcov 1","varcov 2","varcov 3","stderr","bic.select","icl.select","ARI","MCR","RI","JI","FMI","mean.pprob.misc","mean.pprob.correct","btr.est.hm1","btr.est.best"
"1",8.12631781451084,3.24827909293186,-0.588846361270277,-2.25781909300553,16.3582787228892,0.947663934793251,0.0549007255075021,3.18833181892658,1,2,-0.000472062118759851,0.498,0.499507507507507,0.429987687537051,0.614351289107356,0.806648790381504,0.803149245104662,0.656841800754473,0.65728384725432
