"","intercept class1","intercept class2","age.centered class1","age.centered class2","varcov 1","varcov 2","varcov 3","stderr","bic.select","icl.select","ARI","MCR","RI","JI","FMI","mean.pprob.misc","mean.pprob.correct","btr.est.hm1","btr.est.best"
"1",6.59175923274688,13.6187413124774,-1.04043175193949,-0.632627029361362,18.2608652708612,2.11063212507817,0.71888974671789,3.06332651865523,1,2,4.80488145197294e-08,0.498,0.499507507507507,0.497501537669897,0.703928638101585,0.98550031575965,0.993112292778022,0.664075214789011,0.664052985028843
