"","intercept class1","intercept class2","age.centered class1","age.centered class2","varcov 1","varcov 2","varcov 3","stderr","bic.select","icl.select","ARI","MCR","RI","JI","FMI","mean.pprob.misc","mean.pprob.correct","btr.est.hm1","btr.est.best"
"1",5.70647992220283,7.27492984690692,-0.240437897561469,-1.31321394482457,20.7092802084188,2.81837222358802,0.383566198251384,3.13982979372489,1,2,0.0154098976080245,0.437,0.507445445445445,0.438797901459854,0.623711949626678,0.673386309394247,0.730338692708654,0.664852476956602,0.66521063534262
