"","intercept class1","intercept class2","age.centered class1","age.centered class2","varcov 1","varcov 2","varcov 3","stderr","bic.select","icl.select","ARI","MCR","RI","JI","FMI","mean.pprob.misc","mean.pprob.correct","btr.est.hm1","btr.est.best"
"1",5.64107460081538,8.48499236456262,-0.466709220216573,-1.57542653711126,17.269510493548,2.93141435531726,0.515932882878767,3.10888715048708,1,2,0.0809246724296878,0.357,0.540438438438438,0.381077306356636,0.55203916902267,0.657615534819962,0.746041736808577,0.655586150919503,0.655701906135393
