"","intercept class1","intercept class2","age.centered class1","age.centered class2","varcov 1","varcov 2","varcov 3","stderr","bic.select","icl.select","ARI","MCR","RI","JI","FMI","mean.pprob.misc","mean.pprob.correct","btr.est.hm1","btr.est.best"
"1",5.53916269546393,10.1271719210306,-1.22869282442345,-0.547313137498052,13.9064570872874,1.20390456820286,0.480285599582219,3.15258780763834,1,2,0.013777726323223,0.44,0.506706706706707,0.411804023795201,0.590628300962888,0.739596122440209,0.778661967199712,0.637039519030705,0.637051650603481
