"","intercept class1","intercept class2","age.centered class1","age.centered class2","varcov 1","varcov 2","varcov 3","stderr","bic.select","icl.select","ARI","MCR","RI","JI","FMI","mean.pprob.misc","mean.pprob.correct","btr.est.hm1","btr.est.best"
"1",6.59550792292452,14.5654481408914,-1.02787490179101,-0.0680982469425323,17.2820400736413,2.22076696453459,0.772445339593179,3.16906026999068,1,2,7.2170176796506e-05,0.495,0.49954954954955,0.496030337975694,0.70184373426776,0.989037749489684,0.993743950804974,0.643816910402704,0.643868541799091
