"","intercept class1","intercept class2","age.centered class1","age.centered class2","varcov 1","varcov 2","varcov 3","stderr","bic.select","icl.select","ARI","MCR","RI","JI","FMI","mean.pprob.misc","mean.pprob.correct","btr.est.hm1","btr.est.best"
"1",3.91593671713878,10.074732872433,-1.09290378313983,-0.669743817648918,10.8925699852159,2.41477093265331,0.712586463976453,3.1656838686204,1,2,0.0666695620455649,0.37,0.533333333333333,0.364091204216476,0.533823495928647,0.808430060404576,0.879953452751791,0.643467657264731,0.644022999923879
