"","intercept class1","intercept class2","age.centered class1","age.centered class2","varcov 1","varcov 2","varcov 3","stderr","bic.select","icl.select","ARI","MCR","RI","JI","FMI","mean.pprob.misc","mean.pprob.correct","btr.est.hm1","btr.est.best"
"1",4.05804861290299,8.82986650536801,-1.02718362278121,-1.15715737855953,15.772232453931,2.69348823012678,0.574274128243364,3.1317571561743,1,2,0.0625810167060344,0.374,0.531283283283283,0.364846314532975,0.534651269156126,0.701225796631515,0.768817601662942,0.668190011291221,0.667911110375496
