"","intercept class1","intercept class2","age.centered class1","age.centered class2","varcov 1","varcov 2","varcov 3","stderr","bic.select","icl.select","ARI","MCR","RI","JI","FMI","mean.pprob.misc","mean.pprob.correct","btr.est.hm1","btr.est.best"
"1",6.47022477914168,6.56898629538923,-0.393163655859506,-2.15692714966582,20.1047830823415,2.4227334782861,0.291959894268173,3.10992418455356,1,2,0.04597949536989,0.392,0.522850850850851,0.411687458962574,0.588052886277357,0.650258201355138,0.706950836642451,0.66750602174532,0.667661704070738
