"","intercept class1","intercept class2","age.centered class1","age.centered class2","varcov 1","varcov 2","varcov 3","stderr","bic.select","icl.select","ARI","MCR","RI","JI","FMI","mean.pprob.misc","mean.pprob.correct","btr.est.hm1","btr.est.best"
"1",7.52264042898974,6.10993898409822,-1.46209701013468,-0.387633936271973,18.0022586449369,2.26447986575011,0.284847155651076,3.15866574793242,1,2,0.073056128256513,0.364,0.536528528528529,0.366180061984602,0.536064128256513,0.586758989535118,0.645667500557293,0.636201940823451,0.63718308384465
