"","intercept class1","intercept class2","age.centered class1","age.centered class2","varcov 1","varcov 2","varcov 3","stderr","bic.select","icl.select","ARI","MCR","RI","JI","FMI","mean.pprob.misc","mean.pprob.correct","btr.est.hm1","btr.est.best"
"1",12.2549900517029,6.32283335823931,-0.584016306058355,-0.992265686450033,16.6676221370205,1.95036655183081,0.482001599393513,3.19175204849368,1,2,0.00116464565213939,0.482,0.500148148148148,0.482982547689453,0.683548493865352,0.923721683408716,0.95716580084371,0.646487967294176,0.646531947335394
