"","intercept class1","intercept class2","age.centered class1","age.centered class2","varcov 1","varcov 2","varcov 3","stderr","bic.select","icl.select","ARI","MCR","RI","JI","FMI","mean.pprob.misc","mean.pprob.correct","btr.est.hm1","btr.est.best"
"1",5.328588576228,8.13923391050626,-0.656710537953638,-1.22520614662671,17.2966293766396,2.81735415489211,0.458903542273138,3.12141779716212,1,2,0.0709056418433153,0.366,0.535447447447447,0.367882535617968,0.537896640534079,0.623186750873168,0.674209983128408,0.643192902811142,0.643895712154905
