"","intercept class1","intercept class2","age.centered class1","age.centered class2","varcov 1","varcov 2","varcov 3","stderr","bic.select","icl.select","ARI","MCR","RI","JI","FMI","mean.pprob.misc","mean.pprob.correct","btr.est.hm1","btr.est.best"
"1",4.93687935975441,9.17039982223356,-0.829355969076748,-1.1093783946615,15.5730386140727,2.29506240295833,0.338232819962927,3.11542185636139,1,2,0.0646098007819586,0.372,0.5323003003003,0.364586846543002,0.53436267961383,0.669910887000868,0.751260180143124,0.653475672757642,0.654321700341988
