"","intercept class1","intercept class2","age.centered class1","age.centered class2","varcov 1","varcov 2","varcov 3","stderr","bic.select","icl.select","ARI","MCR","RI","JI","FMI","mean.pprob.misc","mean.pprob.correct","btr.est.hm1","btr.est.best"
"1",9.59464138765814,4.16348113561298,-0.510647970039276,-1.45505469645647,13.0190620394663,0.913069084565762,0.416513198224986,3.18698299421961,1,2,0.0246312156872402,0.42,0.512312312312312,0.3456327162152,0.513714170791274,0.713858673176941,0.754808950413824,0.65300970969004,0.652958514918633
