"","intercept class1","intercept class2","age.centered class1","age.centered class2","varcov 1","varcov 2","varcov 3","stderr","bic.select","icl.select","ARI","MCR","RI","JI","FMI","mean.pprob.misc","mean.pprob.correct","btr.est.hm1","btr.est.best"
"1",4.11524431315521,9.9451026225499,-1.14560684280903,-0.908738208744837,13.8486760437692,2.43820929560616,0.632792472181602,3.13711208532861,1,2,0.0557110500793519,0.381,0.52784984984985,0.360946120245824,0.530445206192969,0.746563798395912,0.828070117166695,0.67493056870046,0.675205367743974
