"","intercept class1","intercept class2","age.centered class1","age.centered class2","varcov 1","varcov 2","varcov 3","stderr","bic.select","icl.select","ARI","MCR","RI","JI","FMI","mean.pprob.misc","mean.pprob.correct","btr.est.hm1","btr.est.best"
"1",5.77671302189408,8.00861053032293,-0.756911517694187,-1.44888105637426,19.622161434348,3.1155800457067,0.494689089100648,3.21135042160051,1,2,0.0741668893444482,0.363,0.537075075075075,0.370793151490084,0.541014830375818,0.601468089032607,0.652815212936284,0.647510898418717,0.648178150201758
