"","intercept class1","intercept class2","age.centered class1","age.centered class2","varcov 1","varcov 2","varcov 3","stderr","bic.select","icl.select","ARI","MCR","RI","JI","FMI","mean.pprob.misc","mean.pprob.correct","btr.est.hm1","btr.est.best"
"1",4.51830147978998,7.75689918470841,-0.572570088405621,-1.42456030770847,17.6733386121562,2.81803016715641,0.449339779788595,3.15319788549188,1,2,0.0856628277006803,0.353,0.542760760760761,0.403834507961368,0.576834469213548,0.670121082088333,0.745132249918755,0.653438670078483,0.654409413944301
