"","intercept class1","intercept class2","age.centered class1","age.centered class2","varcov 1","varcov 2","varcov 3","stderr","bic.select","icl.select","ARI","MCR","RI","JI","FMI","mean.pprob.misc","mean.pprob.correct","btr.est.hm1","btr.est.best"
"1",4.74439925427527,8.6951222316801,-1.93305156026899,-0.236097078568661,17.3165121994993,1.13388876104977,0.0742748199822881,3.1402532865229,1,2,-0.000978899156156755,0.499,0.499501501501502,0.336661536828699,0.503757404270459,0.652032111870875,0.660000902824925,0.667998662723443,0.667945939690321
