"","intercept class1","intercept class2","age.centered class1","age.centered class2","varcov 1","varcov 2","varcov 3","stderr","bic.select","icl.select","ARI","MCR","RI","JI","FMI","mean.pprob.misc","mean.pprob.correct","btr.est.hm1","btr.est.best"
"1",9.01795553743488,3.14522558954295,-0.61046743698891,-1.88336029407054,11.3443592729176,0.559026645275356,0.224714337677311,3.15417685564487,1,2,0.00522161576476813,0.461,0.502544544544545,0.363664068182051,0.53442108441867,0.791534106311393,0.792981218963543,0.645020489170752,0.645093955727827
