"","intercept class1","intercept class2","age.centered class1","age.centered class2","varcov 1","varcov 2","varcov 3","stderr","bic.select","icl.select","ARI","MCR","RI","JI","FMI","mean.pprob.misc","mean.pprob.correct","btr.est.hm1","btr.est.best"
"1",9.70137357896748,5.34311959677272,-0.818479855645114,-1.10042159819808,15.6333491872017,1.95573938508376,0.519996497134347,3.24872265968602,1,2,0.0332946567539584,0.408,0.516444444444444,0.428663342448126,0.60936489730536,0.73626194160435,0.776330947746927,0.634746963634653,0.634791480958704
