"","intercept class1","intercept class2","age.centered class1","age.centered class2","varcov 1","varcov 2","varcov 3","stderr","bic.select","icl.select","ARI","MCR","RI","JI","FMI","mean.pprob.misc","mean.pprob.correct","btr.est.hm1","btr.est.best"
"1",4.39029182765942,10.2595429270415,-1.18395826143536,-0.722197513741236,11.9906664869735,1.28288559519233,0.436485772227606,3.12557276101419,1,2,0.0440284720963759,0.394,0.521993993993994,0.362088220363889,0.531786017877283,0.785140136999651,0.804331475269285,0.662292569112515,0.662388286057782
