"","intercept class1","intercept class2","age.centered class1","age.centered class2","varcov 1","varcov 2","varcov 3","stderr","bic.select","icl.select","ARI","MCR","RI","JI","FMI","mean.pprob.misc","mean.pprob.correct","btr.est.hm1","btr.est.best"
"1",8.62573372330347,2.91065125833234,-0.836397477382519,-1.43208814283056,13.554451322032,2.29607458739705,0.832624748878741,3.14921868444801,1,2,0.00855742012411837,0.452,0.504112112112112,0.403714028473897,0.58128611073094,0.795005279883978,0.8485689479129,0.653598059686774,0.653684902388581
