"","intercept class1","intercept class2","age.centered class1","age.centered class2","varcov 1","varcov 2","varcov 3","stderr","bic.select","icl.select","ARI","MCR","RI","JI","FMI","mean.pprob.misc","mean.pprob.correct","btr.est.hm1","btr.est.best"
"1",5.29592580103183,8.39763305262649,-0.634788825991175,-1.43785225334434,18.6305898900862,3.23546920016393,0.561885967077826,3.18420100350375,1,2,0.0547532133150622,0.382,0.527375375375375,0.358468210919921,0.52775440601506,0.635332433667747,0.714015802282832,0.65698028481313,0.657709510812378
