"","intercept class1","intercept class2","age.centered class1","age.centered class2","varcov 1","varcov 2","varcov 3","stderr","bic.select","icl.select","ARI","MCR","RI","JI","FMI","mean.pprob.misc","mean.pprob.correct","btr.est.hm1","btr.est.best"
"1",0.644994863336797,6.88391916196875,-0.344213016034148,-1.12875831582173,19.5502269139319,2.65724629530166,0.499798033741989,3.1726806830332,1,2,0.000112227790349323,0.494,0.499571571571572,0.495546039062468,0.701155957926836,0.979963700143536,0.993207646068677,0.657956875903877,0.657940959631403
