"","intercept class1","intercept class2","age.centered class1","age.centered class2","varcov 1","varcov 2","varcov 3","stderr","bic.select","icl.select","ARI","MCR","RI","JI","FMI","mean.pprob.misc","mean.pprob.correct","btr.est.hm1","btr.est.best"
"1",9.43916366794321,4.67204685149135,-0.30683108436771,-1.5258733161177,15.6140118775635,1.06170015564149,0.132901572543001,3.18106674222702,1,2,0.00273988461303376,0.47,0.501301301301301,0.363482118217034,0.534291585359792,0.704604970482521,0.710452441422563,0.654871240792821,0.655158668851042
