"","intercept class1","intercept class2","age.centered class1","age.centered class2","varcov 1","varcov 2","varcov 3","stderr","bic.select","icl.select","ARI","MCR","RI","JI","FMI","mean.pprob.misc","mean.pprob.correct","btr.est.hm1","btr.est.best"
"1",8.07491216640863,4.73740427789194,-1.4429012319194,-0.715118986816763,17.2620315661762,2.7832678439736,0.448765102737293,3.17170238574284,1,2,0.0927592694391929,0.347,0.546364364364364,0.382787644366964,0.553726690049562,0.638755612716877,0.73534548018229,0.646916382857129,0.647502745279889
