"","intercept class1","intercept class2","age.centered class1","age.centered class2","varcov 1","varcov 2","varcov 3","stderr","bic.select","icl.select","ARI","MCR","RI","JI","FMI","mean.pprob.misc","mean.pprob.correct","btr.est.hm1","btr.est.best"
"1",5.08465261959169,10.1638302061641,-1.57749358223,-0.0686725886551525,13.6007409269565,0.392211162012942,0.0529876252819075,3.1782572492266,1,2,-0.000133072616049073,0.487,0.499837837837838,0.372907860520688,0.545338570645632,0.733194121060015,0.753603193393689,0.645096542361862,0.644957525799087
