"","intercept class1","intercept class2","age.centered class1","age.centered class2","varcov 1","varcov 2","varcov 3","stderr","bic.select","icl.select","ARI","MCR","RI","JI","FMI","mean.pprob.misc","mean.pprob.correct","btr.est.hm1","btr.est.best"
"1",9.29295407140696,3.45605693193691,-0.77946562886771,-1.29260762968174,12.8261283442024,1.60014268481949,0.620595401711295,3.14920527276589,1,2,0.0267094067059195,0.417,0.513291291291291,0.372513137653703,0.543852154404735,0.778619895852713,0.820625486369379,0.66262561568094,0.662619985310098
