"","intercept class1","intercept class2","age.centered class1","age.centered class2","varcov 1","varcov 2","varcov 3","stderr","bic.select","icl.select","ARI","MCR","RI","JI","FMI","mean.pprob.misc","mean.pprob.correct","btr.est.hm1","btr.est.best"
"1",3.60723739835179,8.76180927269309,-1.44606122520925,-0.791907240978317,13.041446512141,1.59648299066549,0.521090671535992,3.14897786661562,1,2,0.0134792472974777,0.44,0.506706706706707,0.353535353535354,0.522668574194465,0.710503848889225,0.773198595631147,0.64623224642469,0.64617632738962
