"","intercept class1","intercept class2","age.centered class1","age.centered class2","varcov 1","varcov 2","varcov 3","stderr","bic.select","icl.select","ARI","MCR","RI","JI","FMI","mean.pprob.misc","mean.pprob.correct","btr.est.hm1","btr.est.best"
"1",7.73347294291064,3.50332253569787,-0.70951802667601,-2.01878198628741,16.839354484354,1.40786332054859,0.625251483627295,3.15939267971358,1,2,0.000181359207246823,0.491,0.499661661661662,0.481112605991147,0.681145576998932,0.840716842038444,0.866921774829985,0.647672323165208,0.647823890319933
