"","intercept class1","intercept class2","age.centered class1","age.centered class2","varcov 1","varcov 2","varcov 3","stderr","bic.select","icl.select","ARI","MCR","RI","JI","FMI","mean.pprob.misc","mean.pprob.correct","btr.est.hm1","btr.est.best"
"1",8.77955004336995,4.99166516173822,-1.54072380263338,-0.628639106448195,15.432570966433,3.04073854653204,0.599128426804596,3.13885794290357,1,2,0.0763813833057249,0.361,0.53818018018018,0.372820850235451,0.543183118406308,0.683213050510742,0.775893364591389,0.648122761219575,0.648954849395209
