"","intercept class1","intercept class2","age.centered class1","age.centered class2","varcov 1","varcov 2","varcov 3","stderr","bic.select","icl.select","ARI","MCR","RI","JI","FMI","mean.pprob.misc","mean.pprob.correct","btr.est.hm1","btr.est.best"
"1",1.54766414634642,7.21558916739151,-0.282883280938472,-1.00359139289114,16.2156376240207,2.19179987494632,0.682345049261929,3.1596979070322,1,2,0.00134653382086837,0.481,0.500222222222222,0.487533153231568,0.689781587128107,0.959935643735336,0.980898405743098,0.638394642752119,0.638816968496889
