"","intercept class1","intercept class2","age.centered class1","age.centered class2","varcov 1","varcov 2","varcov 3","stderr","bic.select","icl.select","ARI","MCR","RI","JI","FMI","mean.pprob.misc","mean.pprob.correct","btr.est.hm1","btr.est.best"
"1",4.67033336895154,9.00806406625865,-1.87740874621029,-0.259400406535473,14.9700471834265,0.752995294152146,0.0378757600188176,3.11253152585056,1,2,0.000633501555281895,0.48,0.5003003003003,0.340610569251741,0.508213144226937,0.683704059438782,0.66813983841511,0.650741151116561,0.651382212758575
