"","intercept class1","intercept class2","age.centered class1","age.centered class2","varcov 1","varcov 2","varcov 3","stderr","bic.select","icl.select","ARI","MCR","RI","JI","FMI","mean.pprob.misc","mean.pprob.correct","btr.est.hm1","btr.est.best"
"1",5.8340071904054,10.7016782997559,-1.17585242569101,0.257270533948958,16.3461972698791,1.43796900986692,0.202750837335064,3.12881387912697,1,2,0.000474340141514044,0.485,0.49994994994995,0.440227427567413,0.627198491912668,0.804758977146837,0.814047928346673,0.658476484227171,0.658440493029119
