"","intercept class1","intercept class2","age.centered class1","age.centered class2","varcov 1","varcov 2","varcov 3","stderr","bic.select","icl.select","ARI","MCR","RI","JI","FMI","mean.pprob.misc","mean.pprob.correct","btr.est.hm1","btr.est.best"
"1",9.04772726124506,4.5167329369128,-0.639711592540033,-1.41979030125572,14.3656707900786,1.0680179470125,0.343055278948694,3.16497416516857,1,2,0.0510375072795328,0.386,0.525517517517518,0.356757460944709,0.525898031732273,0.677494904469576,0.695532222890044,0.645886498492047,0.645881074215883
