"","intercept class1","intercept class2","age.centered class1","age.centered class2","varcov 1","varcov 2","varcov 3","stderr","bic.select","icl.select","ARI","MCR","RI","JI","FMI","mean.pprob.misc","mean.pprob.correct","btr.est.hm1","btr.est.best"
"1",4.95509528904952,10.7555377501317,-1.47218468615918,-0.0826891863427701,13.4659804899578,0.823308777053339,0.159320640733395,3.15468205638541,1,2,0.0146772986970942,0.438,0.507195195195195,0.398192788757738,0.574266705602318,0.776316746358836,0.808786692204334,0.654491903812726,0.654227609875269
