"","intercept class1","intercept class2","age.centered class1","age.centered class2","varcov 1","varcov 2","varcov 3","stderr","bic.select","icl.select","ARI","MCR","RI","JI","FMI","mean.pprob.misc","mean.pprob.correct","btr.est.hm1","btr.est.best"
"1",4.77993009564648,7.84051561547764,-0.69126880907033,-1.41011819383222,18.2211972645479,2.90812812567903,0.464141245666593,3.21838025897346,1,2,0.0952882806912873,0.345,0.547597597597598,0.398119047111717,0.570202281583422,0.645795172091321,0.713816424590022,0.645616859511156,0.646171528705766
