"","intercept class1","intercept class2","age.centered class1","age.centered class2","varcov 1","varcov 2","varcov 3","stderr","bic.select","icl.select","ARI","MCR","RI","JI","FMI","mean.pprob.misc","mean.pprob.correct","btr.est.hm1","btr.est.best"
"1",9.39581520836139,4.02004895069404,-1.12580678986779,-0.935081739514724,13.347768922989,2.53161636357006,0.701809544192154,3.17404434103276,1,2,0.0510359250445382,0.386,0.525517517517518,0.356394129979036,0.52550256510585,0.744649931684518,0.830684607347816,0.659689835069057,0.659611726863181
