"","intercept class1","intercept class2","age.centered class1","age.centered class2","varcov 1","varcov 2","varcov 3","stderr","bic.select","icl.select","ARI","MCR","RI","JI","FMI","mean.pprob.misc","mean.pprob.correct","btr.est.hm1","btr.est.best"
"1",10.5334144032422,4.66805485041351,-0.79532410344444,-1.18127165394579,11.0775922969009,2.19149258151283,0.854340933869951,3.1598207067794,1,2,0.0367819698202805,0.403,0.518336336336336,0.373584915485477,0.544754952148894,0.799667561272538,0.86317192825403,0.639857239064958,0.639829573477248
