"","intercept class1","intercept class2","age.centered class1","age.centered class2","varcov 1","varcov 2","varcov 3","stderr","bic.select","icl.select","ARI","MCR","RI","JI","FMI","mean.pprob.misc","mean.pprob.correct","btr.est.hm1","btr.est.best"
"1",5.37084029994945,8.80278796902103,-0.898462841249921,-1.56882211393222,17.1462769570831,3.08401971917501,0.554710475706569,3.17636011461256,1,2,0.0559112926597299,0.381,0.52784984984985,0.403700089000364,0.578160945935915,0.680875112701988,0.767068713277408,0.641469902401577,0.642432600993829
