"","intercept class1","intercept class2","age.centered class1","age.centered class2","varcov 1","varcov 2","varcov 3","stderr","bic.select","icl.select","ARI","MCR","RI","JI","FMI","mean.pprob.misc","mean.pprob.correct","btr.est.hm1","btr.est.best"
"1",3.99402036458719,9.22531676573156,-1.81777810973286,-0.206122166284809,11.050989044284,0.347064990116418,0.0108998680225096,3.16399556328101,1,2,0.012469394648549,0.442,0.506234234234234,0.338883825658071,0.506218655066611,0.729807998928379,0.745452109968504,0.620345196898065,0.621967192897024
