"","intercept class1","intercept class2","age.centered class1","age.centered class2","varcov 1","varcov 2","varcov 3","stderr","bic.select","icl.select","ARI","MCR","RI","JI","FMI","mean.pprob.misc","mean.pprob.correct","btr.est.hm1","btr.est.best"
"1",1.31415443628296,6.98585856214285,-2.55481416253354,-1.03783669582662,16.7368732615102,1.21419723089776,0.19455029493324,3.14420621595849,1,2,3.30913032583175e-05,0.495,0.49954954954955,0.491022780026551,0.694841764354767,0.956808995162992,0.94728888342555,0.642430716535829,0.642427976604085
