"","intercept class1","intercept class2","age.centered class1","age.centered class2","varcov 1","varcov 2","varcov 3","stderr","bic.select","icl.select","ARI","MCR","RI","JI","FMI","mean.pprob.misc","mean.pprob.correct","btr.est.hm1","btr.est.best"
"1",6.48977350491844,11.5791070372568,-1.17989810036101,1.01277237224799,19.4888018752303,1.24103802533807,0.0790475668304026,3.20163666844094,1,2,-2.38324951337146e-05,0.499,0.499501501501502,0.495994145444575,0.701809503136624,0.963558313697965,0.960169584388491,0.65624766055845,0.656211917546289
