"","intercept class1","intercept class2","age.centered class1","age.centered class2","varcov 1","varcov 2","varcov 3","stderr","bic.select","icl.select","ARI","MCR","RI","JI","FMI","mean.pprob.misc","mean.pprob.correct","btr.est.hm1","btr.est.best"
"1",5.04799667808501,9.16902150578298,-0.862662885237639,-1.32786084401421,17.6971642276054,3.16454476221109,0.565874202574717,3.18636795627383,1,2,0.0798823274825678,0.358,0.539867867867868,0.402119567762176,0.575174154746564,0.703388093881589,0.766284996386212,0.660122130603226,0.661086768146079
