"","intercept class1","intercept class2","age.centered class1","age.centered class2","varcov 1","varcov 2","varcov 3","stderr","bic.select","icl.select","ARI","MCR","RI","JI","FMI","mean.pprob.misc","mean.pprob.correct","btr.est.hm1","btr.est.best"
"1",9.81701162918825,4.61729194945861,-0.843217154852597,-1.17897411726833,13.8279501307083,2.43514089300208,0.881982810391496,3.17361007918127,1,2,0.041530917357432,0.397,0.520738738738739,0.363788814593543,0.533700534642901,0.702512474666122,0.78427790773733,0.651619153580344,0.651654467739372
