"","intercept class1","intercept class2","age.centered class1","age.centered class2","varcov 1","varcov 2","varcov 3","stderr","bic.select","icl.select","ARI","MCR","RI","JI","FMI","mean.pprob.misc","mean.pprob.correct","btr.est.hm1","btr.est.best"
"1",9.58314386481305,5.74418958799317,-1.2306623906831,-0.850919609649702,16.920691291044,2.36269315695162,0.329910867282331,3.15513126863121,1,2,0.0290051898965007,0.414,0.514306306306306,0.424241273578189,0.604385798544705,0.739342204391914,0.789650802051464,0.648521711494503,0.649545484891758
