"","intercept class1","intercept class2","age.centered class1","age.centered class2","varcov 1","varcov 2","varcov 3","stderr","bic.select","icl.select","ARI","MCR","RI","JI","FMI","mean.pprob.misc","mean.pprob.correct","btr.est.hm1","btr.est.best"
"1",6.14332923388127,12.0655062980704,-1.13098786452589,0.234804594772668,18.4029986436878,1.8866449488283,0.40361846780126,3.09215858389131,1,2,-8.59817100900329e-05,0.499,0.499501501501502,0.487983959497321,0.690641363494019,0.922657566937261,0.942350241881287,0.67665505322974,0.676771600215883
