"","intercept class1","intercept class2","age.centered class1","age.centered class2","varcov 1","varcov 2","varcov 3","stderr","bic.select","icl.select","ARI","MCR","RI","JI","FMI","mean.pprob.misc","mean.pprob.correct","btr.est.hm1","btr.est.best"
"1",8.48475049693682,3.68309949044366,-0.689806114114908,-1.58813645950154,14.9441568487564,1.60766624879034,0.47185399317132,3.1205069735882,1,2,0.0156817702306009,0.436,0.5076996996997,0.39783134654377,0.573772317986952,0.718949011963457,0.754865306259545,0.65554128785079,0.655637568581959
