"","intercept class1","intercept class2","age.centered class1","age.centered class2","varcov 1","varcov 2","varcov 3","stderr","bic.select","icl.select","ARI","MCR","RI","JI","FMI","mean.pprob.misc","mean.pprob.correct","btr.est.hm1","btr.est.best"
"1",7.34959696194456,4.61495682506004,-0.667418029132341,-2.55321772726337,18.2956037401657,1.65997858151997,0.269976611840053,3.2338854021709,1,2,0.00179729478806129,0.478,0.500468468468468,0.482230974505401,0.682418780026932,0.823266883979832,0.848343311378767,0.635751583465226,0.636071520899149
