"","intercept class1","intercept class2","age.centered class1","age.centered class2","varcov 1","varcov 2","varcov 3","stderr","bic.select","icl.select","ARI","MCR","RI","JI","FMI","mean.pprob.misc","mean.pprob.correct","btr.est.hm1","btr.est.best"
"1",9.90214479727334,5.38590378595076,-1.00686556242038,-0.973865030919683,15.7670914485383,2.95220255771565,0.964398001555601,3.13034030562946,1,2,0.0226216153385108,0.424,0.511063063063063,0.438539702974849,0.622605220397263,0.807063402338511,0.832150488900884,0.652114374087001,0.652049161958023
