"","intercept class1","intercept class2","age.centered class1","age.centered class2","varcov 1","varcov 2","varcov 3","stderr","bic.select","icl.select","ARI","MCR","RI","JI","FMI","mean.pprob.misc","mean.pprob.correct","btr.est.hm1","btr.est.best"
"1",6.97030362940022,-0.507331883565128,-0.922793834151487,-1.77851355633716,17.6411370566706,2.1161841110854,0.619278791046958,3.14086976604949,1,2,-3.14729655394649e-05,0.498,0.499507507507507,0.493494337176084,0.698303487045011,0.98043416616976,0.988504077432521,0.654189337278274,0.65417194178376
