"","intercept class1","intercept class2","age.centered class1","age.centered class2","varcov 1","varcov 2","varcov 3","stderr","bic.select","icl.select","ARI","MCR","RI","JI","FMI","mean.pprob.misc","mean.pprob.correct","btr.est.hm1","btr.est.best"
"1",9.22219541950382,4.82310376494313,-1.03455977148166,-0.835888384151149,13.6488862919222,2.07650464389379,0.485918917435947,3.11870570309014,1,2,0.0890923968304178,0.35,0.544544544544545,0.374704530712315,0.545143371804929,0.681702044281517,0.761193332886011,0.640091997266124,0.640329399046334
