"","intercept class1","intercept class2","age.centered class1","age.centered class2","varcov 1","varcov 2","varcov 3","stderr","bic.select","icl.select","ARI","MCR","RI","JI","FMI","mean.pprob.misc","mean.pprob.correct","btr.est.hm1","btr.est.best"
"1",4.64363245713882,10.4805495052154,-1.32217563246156,-0.746449593797929,13.5846217102092,1.63933046982703,0.439793193439943,3.10164246175231,1,2,0.0228660636668866,0.423,0.511369369369369,0.37081481557863,0.542043396156931,0.765035552472245,0.811464659426968,0.671796712208984,0.671883249176419
