"","intercept class1","intercept class2","age.centered class1","age.centered class2","varcov 1","varcov 2","varcov 3","stderr","bic.select","icl.select","ARI","MCR","RI","JI","FMI","mean.pprob.misc","mean.pprob.correct","btr.est.hm1","btr.est.best"
"1",7.58965044284687,6.45121804139981,-1.75368651271215,-0.434423748503028,17.8806898994568,2.80796403490276,0.440959621882183,3.16296774393467,1,2,0.0477414603165567,0.39,0.523723723723724,0.415611213190139,0.592535202666404,0.639669179472492,0.711436925168106,0.628617496933713,0.630573266557533
