"","intercept class1","intercept class2","age.centered class1","age.centered class2","varcov 1","varcov 2","varcov 3","stderr","bic.select","icl.select","ARI","MCR","RI","JI","FMI","mean.pprob.misc","mean.pprob.correct","btr.est.hm1","btr.est.best"
"1",5.61746540095489,7.65696150486547,-1.92323485008454,-0.29768200404318,17.5869951515248,1.28212707675798,0.0934711308164054,3.11723998884703,1,2,0.0156181568382233,0.436,0.5076996996997,0.385700724456657,0.559514506664286,0.641852940843663,0.65270637186658,0.642240881349198,0.643667582560803
