"","intercept class1","intercept class2","age.centered class1","age.centered class2","varcov 1","varcov 2","varcov 3","stderr","bic.select","icl.select","ARI","MCR","RI","JI","FMI","mean.pprob.misc","mean.pprob.correct","btr.est.hm1","btr.est.best"
"1",2.54324433489266,6.75507908658382,1.9191320486404,-1.0309360047459,19.1298196711535,2.14100413645869,0.606806087383572,3.15936548737709,1,2,-7.97607149710054e-06,0.499,0.499501501501502,0.497998008048128,0.704630761835265,0.995292555063743,0.998723566636218,0.645446798410586,0.64615922020431
