"","intercept class1","intercept class2","age.centered class1","age.centered class2","varcov 1","varcov 2","varcov 3","stderr","bic.select","icl.select","ARI","MCR","RI","JI","FMI","mean.pprob.misc","mean.pprob.correct","btr.est.hm1","btr.est.best"
"1",8.44441824208211,4.02192004979413,-1.1547660112749,-0.790246161985387,15.1214777567293,2.51883451890761,0.472174275045623,3.18110924010461,1,2,0.0577234969049972,0.379,0.528810810810811,0.381922414336436,0.553481985008235,0.692012947343157,0.789920609557803,0.646045505335303,0.646054711454832
