"","intercept class1","intercept class2","age.centered class1","age.centered class2","varcov 1","varcov 2","varcov 3","stderr","bic.select","icl.select","ARI","MCR","RI","JI","FMI","mean.pprob.misc","mean.pprob.correct","btr.est.hm1","btr.est.best"
"1",8.40342673083884,4.26014037440476,-1.20107467011802,-0.720221773634847,16.3203520178311,3.22272305189531,0.733671672054925,3.15275056503985,1,2,0.0731465326893006,0.364,0.536528528528529,0.386614381855758,0.558241822151239,0.695483361864548,0.789106908760521,0.653060407008526,0.652929563692653
