"","intercept class1","intercept class2","age.centered class1","age.centered class2","varcov 1","varcov 2","varcov 3","stderr","bic.select","icl.select","ARI","MCR","RI","JI","FMI","mean.pprob.misc","mean.pprob.correct","btr.est.hm1","btr.est.best"
"1",9.59031243314594,5.5045754735592,-1.17433454544443,-0.991468141033546,18.2126541343215,3.50294866578994,0.928275185765492,3.10221047071816,1,2,0.0243899272044525,0.421,0.511993993993994,0.423601324190116,0.604024984938409,0.760051322229511,0.796792774289455,0.67402818702324,0.674111265973271
