"","intercept class1","intercept class2","age.centered class1","age.centered class2","varcov 1","varcov 2","varcov 3","stderr","bic.select","icl.select","ARI","MCR","RI","JI","FMI","mean.pprob.misc","mean.pprob.correct","btr.est.hm1","btr.est.best"
"1",10.2136314077279,4.88948288632794,-0.377271924845913,-1.40438161597261,14.0832535553273,0.91944982604502,0.269949057239118,3.15210095548015,1,2,0.0249477945095479,0.42,0.512312312312312,0.409843690948029,0.587400022930253,0.779465244837941,0.789131002217378,0.649628307369934,0.649544093946245
