"","intercept class1","intercept class2","age.centered class1","age.centered class2","varcov 1","varcov 2","varcov 3","stderr","bic.select","icl.select","ARI","MCR","RI","JI","FMI","mean.pprob.misc","mean.pprob.correct","btr.est.hm1","btr.est.best"
"1",5.31761753319096,8.85663120800114,-0.839431095159599,-1.37945971488602,16.806244930346,3.14984204956943,0.590390483830336,3.23799144221822,1,2,0.0617095480568634,0.375,0.530780780780781,0.393577549626379,0.566377848920926,0.695277629509547,0.736556635123866,0.632587878093848,0.632792942666673
