"","intercept class1","intercept class2","age.centered class1","age.centered class2","varcov 1","varcov 2","varcov 3","stderr","bic.select","icl.select","ARI","MCR","RI","JI","FMI","mean.pprob.misc","mean.pprob.correct","btr.est.hm1","btr.est.best"
"1",10.8412671087232,4.79146626740946,-0.714937196286476,-1.26642445192582,12.2067253466008,1.6273060626669,0.564908181495744,3.00671996045003,1,2,0.0283084995775746,0.415,0.513963963963964,0.42178806874476,0.60147543815189,0.846554331956624,0.876534110949116,0.662608088827306,0.662619771906913
