"","intercept class1","intercept class2","age.centered class1","age.centered class2","varcov 1","varcov 2","varcov 3","stderr","bic.select","icl.select","ARI","MCR","RI","JI","FMI","mean.pprob.misc","mean.pprob.correct","btr.est.hm1","btr.est.best"
"1",5.24686237303134,10.0997666393957,-1.36724308800819,-0.00959012791338222,12.8773226144291,0.206736929138739,0.0131469288614717,3.18626281592632,1,2,0.00143183402820258,0.478,0.500468468468468,0.427991105201623,0.611653693823491,0.804470727143406,0.820205406880086,0.619123852615461,0.618965140289948
