"","intercept class1","intercept class2","age.centered class1","age.centered class2","varcov 1","varcov 2","varcov 3","stderr","bic.select","icl.select","ARI","MCR","RI","JI","FMI","mean.pprob.misc","mean.pprob.correct","btr.est.hm1","btr.est.best"
"1",5.35329269439677,7.29014664825545,-0.303764617039088,-1.41531431717484,19.6650669824272,2.96834340066123,0.448064017976054,3.10352946960662,1,2,0.0418921745456313,0.397,0.520738738738739,0.434486293926995,0.615631922640236,0.708118858247472,0.766763965534731,0.661583634882561,0.663511050434646
