"","intercept class1","intercept class2","age.centered class1","age.centered class2","varcov 1","varcov 2","varcov 3","stderr","bic.select","icl.select","ARI","MCR","RI","JI","FMI","mean.pprob.misc","mean.pprob.correct","btr.est.hm1","btr.est.best"
"1",4.14296366219791,8.76283630277471,-1.20158969896615,-0.955290837140864,13.6876242472498,2.07694359890544,0.653351480620376,3.19030436672958,1,2,0.0343779681345595,0.406,0.517189189189189,0.348476580018047,0.516844859871449,0.69309113661817,0.736799237296207,0.634155378915142,0.634033152610798
