"","intercept class1","intercept class2","age.centered class1","age.centered class2","varcov 1","varcov 2","varcov 3","stderr","bic.select","icl.select","ARI","MCR","RI","JI","FMI","mean.pprob.misc","mean.pprob.correct","btr.est.hm1","btr.est.best"
"1",11.3600472298059,5.95425327398418,0.435891903138957,-1.26069491107505,15.3514642976644,0.679855328524359,0.0301090388968052,3.21272822415928,1,2,0.000412008711441893,0.487,0.499837837837838,0.464383109365486,0.658594523363487,0.881306964010667,0.882237149588195,0.636152365574569,0.637562352609092
