"","intercept class1","intercept class2","age.centered class1","age.centered class2","varcov 1","varcov 2","varcov 3","stderr","bic.select","icl.select","ARI","MCR","RI","JI","FMI","mean.pprob.misc","mean.pprob.correct","btr.est.hm1","btr.est.best"
"1",7.71851926335041,4.84494049406333,-0.53139064317006,-0.512339700170834,2.27381058544384,0.640611781660591,0.180488811617848,3.1835849958677,1,2,0.0117848983003353,0.431,0.509031031031031,0.483135008451464,0.679614032752647,0.729050741611239,0.772184946202401,0.282888052039697,0.282983291168247
