"","intercept class1","intercept class2","age.centered class1","age.centered class2","varcov 1","varcov 2","varcov 3","stderr","bic.select","icl.select","ARI","MCR","RI","JI","FMI","mean.pprob.misc","mean.pprob.correct","btr.est.hm1","btr.est.best"
"1",6.80452197399426,3.80503847897091,-0.359427941237126,-0.813017813434903,4.00210318874123,0.67516873868224,0.227958168282836,3.20371160284711,1,2,-0.0349351471498038,0.062,0.804004004004004,0.802470431094665,0.890475107968439,0.602487929292103,0.874424563189798,0.321606886950737,0.321710190671868
