"","intercept class1","intercept class2","age.centered class1","age.centered class2","varcov 1","varcov 2","varcov 3","stderr","bic.select","icl.select","ARI","MCR","RI","JI","FMI","mean.pprob.misc","mean.pprob.correct","btr.est.hm1","btr.est.best"
"1",8.77352696820136,5.90737845729625,-0.552441318328527,-0.563364988871156,4.78527667097515,0.505647701985699,0.0534304760442177,3.1991811633629,1,2,0.0636017886019833,0.05,0.904904904904905,0.904524148355403,0.950872255969408,0.89955941889377,0.963689695330198,0.318831846688656,0.318906603549804
