"","intercept class1","intercept class2","age.centered class1","age.centered class2","varcov 1","varcov 2","varcov 3","stderr","bic.select","icl.select","ARI","MCR","RI","JI","FMI","mean.pprob.misc","mean.pprob.correct","btr.est.hm1","btr.est.best"
"1",6.1044143025343,7.93860590879117,-0.518183737549626,-3.40594176441086,4.90866477500565,0.685308101828875,0.0957045709238267,3.15657307284823,1,2,0.0922937677667674,0.05,0.904904904904905,0.904333780447033,0.950681658755347,0.989589122450049,0.998010888793606,0.313509864091731,0.314364037875763
