"","intercept class1","intercept class2","age.centered class1","age.centered class2","varcov 1","varcov 2","varcov 3","stderr","bic.select","icl.select","ARI","MCR","RI","JI","FMI","mean.pprob.misc","mean.pprob.correct","btr.est.hm1","btr.est.best"
"1",6.07110254769747,6.92276756619662,-0.45970014368534,-1.99026452031841,4.65049942219312,0.661214777939872,0.0940126687980081,3.11804995000509,1,2,0.0922937677667674,0.05,0.904904904904905,0.904333780447033,0.950681658755347,0.940245846748766,0.97256562815034,0.308678554995896,0.309585251932826
