"","intercept class1","intercept class2","age.centered class1","age.centered class2","varcov 1","varcov 2","varcov 3","stderr","bic.select","icl.select","ARI","MCR","RI","JI","FMI","mean.pprob.misc","mean.pprob.correct","btr.est.hm1","btr.est.best"
"1",7.30447828253384,5.88516336844217,-2.01657164488714,-0.616490604694815,4.7043375601171,0.550415576319873,0.0643995680667231,3.12804524823591,1,2,0.102782873968372,0.047,0.910328328328328,0.909813752139334,0.953828196997029,0.958894050367286,0.980848867710222,0.30920909801963,0.310323531435968
