"","intercept class1","intercept class2","age.centered class1","age.centered class2","varcov 1","varcov 2","varcov 3","stderr","bic.select","icl.select","ARI","MCR","RI","JI","FMI","mean.pprob.misc","mean.pprob.correct","btr.est.hm1","btr.est.best"
"1",4.72321357144445,8.11553124305005,-0.595839625367643,-0.524778765019601,2.61462857383246,0.610239206210094,0.2493724002983,3.18587569286424,1,2,0.0465620993355304,0.344,0.54822022022022,0.521669273847224,0.709927404628446,0.730341363989351,0.832074138004653,0.335304588604614,0.335494130237039
