"","intercept class1","intercept class2","age.centered class1","age.centered class2","varcov 1","varcov 2","varcov 3","stderr","bic.select","icl.select","ARI","MCR","RI","JI","FMI","mean.pprob.misc","mean.pprob.correct","btr.est.hm1","btr.est.best"
"1",5.81835784978715,9.32860699821126,-0.650301946188874,-1.54590900786924,4.77496574199596,0.656038713567042,0.0901361230872332,3.16200570680497,1,2,0.126767494986741,0.048,0.908516516516517,0.907799586776859,0.952591414836835,0.973105067334428,0.992509254113277,0.314404281072044,0.314921758671088
