"","intercept class1","intercept class2","age.centered class1","age.centered class2","varcov 1","varcov 2","varcov 3","stderr","bic.select","icl.select","ARI","MCR","RI","JI","FMI","mean.pprob.misc","mean.pprob.correct","btr.est.hm1","btr.est.best"
"1",3.72809575384782,7.25614012954408,-0.793276307667823,-0.357913805467821,2.97342361942876,0.659820060035985,0.237164503139439,3.1191097408918,1,2,-0.0195930197794536,0.315,0.546364364364364,0.52907153159669,0.71086001241464,0.720367558430651,0.835299205800085,0.347871917677169,0.347698829933355
