"","intercept class1","intercept class2","age.centered class1","age.centered class2","varcov 1","varcov 2","varcov 3","stderr","bic.select","icl.select","ARI","MCR","RI","JI","FMI","mean.pprob.misc","mean.pprob.correct","btr.est.hm1","btr.est.best"
"1",7.83634238190816,4.77998413280605,-0.412786123251006,-0.792000261876113,2.71368224617021,0.323493773190382,0.164761055716049,3.00633216353816,1,2,0.0566991511128558,0.273,0.602660660660661,0.581643149538581,0.751417149293042,0.655421150980516,0.797497823957479,0.332905546027441,0.332908489456803
