"","intercept class1","intercept class2","age.centered class1","age.centered class2","varcov 1","varcov 2","varcov 3","stderr","bic.select","icl.select","ARI","MCR","RI","JI","FMI","mean.pprob.misc","mean.pprob.correct","btr.est.hm1","btr.est.best"
"1",10.8388171462536,5.90657893900687,-0.453342608984718,-0.530031430593926,3.91433592086949,0.657936955647162,0.110589032452299,3.18867473868391,1,2,0.172454884718423,0.049,0.906708708708709,0.905595510625798,0.951180479274395,0.980693976340843,0.995944192352193,0.283037483617943,0.283266639425424
