"","intercept class1","intercept class2","age.centered class1","age.centered class2","varcov 1","varcov 2","varcov 3","stderr","bic.select","icl.select","ARI","MCR","RI","JI","FMI","mean.pprob.misc","mean.pprob.correct","btr.est.hm1","btr.est.best"
"1",6.35501729872244,2.48823448994122,-0.453548477404684,-1.34314993621937,3.56557250848616,0.303710112699111,0.0258805804032137,3.22878143764024,1,2,-0.0159028949759826,0.05,0.887087087087087,0.886973947895792,0.940852379500402,0.987602314392665,0.96724298604663,0.273480035097277,0.273720311738312
