"","intercept class1","intercept class2","age.centered class1","age.centered class2","varcov 1","varcov 2","varcov 3","stderr","bic.select","icl.select","ARI","MCR","RI","JI","FMI","mean.pprob.misc","mean.pprob.correct","btr.est.hm1","btr.est.best"
"1",4.139355167627,7.25835178787686,-1.2454974331839,-0.17668231148569,2.25835153016306,-0.0851835869080023,0.00321308938003573,3.08356994617986,1,2,-0.0104466330277376,0.273,0.578780780780781,0.563228388628938,0.735530048508049,0.682442788145249,0.773363008296221,0.30529415995652,0.306233885147097
