"","intercept class1","intercept class2","age.centered class1","age.centered class2","varcov 1","varcov 2","varcov 3","stderr","bic.select","icl.select","ARI","MCR","RI","JI","FMI","mean.pprob.misc","mean.pprob.correct","btr.est.hm1","btr.est.best"
"1",5.03551129913194,6.19662448547221,-2.67317187533449,-0.354928400825543,4.86180292726481,0.484785582443693,0.0483400890034447,3.09055017360705,1,2,0.148452006751815,0.049,0.906708708708709,0.905782567379041,0.951359610599466,0.94342880039283,0.972371635622847,0.335919146165112,0.336371761972631
