"","intercept class1","intercept class2","age.centered class1","age.centered class2","varcov 1","varcov 2","varcov 3","stderr","bic.select","icl.select","ARI","MCR","RI","JI","FMI","mean.pprob.misc","mean.pprob.correct","btr.est.hm1","btr.est.best"
"1",3.71083077131036,6.90391761486182,-1.02914690752007,-0.439522241370862,3.13546230134876,0.354938342578764,0.124199116010756,3.15596407105584,1,2,-0.0363316074125092,0.102,0.747555555555556,0.744227180527383,0.854484613725357,0.648194935129909,0.863656605654954,0.310614544433644,0.310603005676476
