"","intercept class1","intercept class2","age.centered class1","age.centered class2","varcov 1","varcov 2","varcov 3","stderr","bic.select","icl.select","ARI","MCR","RI","JI","FMI","mean.pprob.misc","mean.pprob.correct","btr.est.hm1","btr.est.best"
"1",4.2851082991027,6.51357712075404,-1.54036989861298,-0.347221884613755,4.39434904292283,0.0633540631102659,0.000917329832273106,3.05773120120623,1,2,0.083943240593624,0.05,0.86966966966967,0.868151898734177,0.929608217515266,0.832214403620049,0.836745848562323,0.348561796648293,0.34895043761145
