"","intercept class1","intercept class2","age.centered class1","age.centered class2","varcov 1","varcov 2","varcov 3","stderr","bic.select","icl.select","ARI","MCR","RI","JI","FMI","mean.pprob.misc","mean.pprob.correct","btr.est.hm1","btr.est.best"
"1",6.12444692809911,11.9966669056063,-0.551433647263824,-1.60481719891231,5.04342110459235,0.834754163275415,0.312922710534768,3.13790327881361,1,2,0.0353971309693846,0.049,0.906708708708709,0.906530939725203,0.952114364385379,0.999176456701604,0.999875254312488,0.333483322610544,0.333386840099663
