"","intercept class1","intercept class2","age.centered class1","age.centered class2","varcov 1","varcov 2","varcov 3","stderr","bic.select","icl.select","ARI","MCR","RI","JI","FMI","mean.pprob.misc","mean.pprob.correct","btr.est.hm1","btr.est.best"
"1",5.57010763021172,8.99289779158264,-0.493799259208767,-0.521744210722419,3.08986904154564,0.536294429306009,0.191758113019018,3.17605181388692,1,2,0.0673381018349294,0.094,0.782534534534535,0.77717239681628,0.875444498178638,0.687711376478088,0.921300762611085,0.312907569777599,0.31302114421034
