"","intercept class1","intercept class2","age.centered class1","age.centered class2","varcov 1","varcov 2","varcov 3","stderr","bic.select","icl.select","ARI","MCR","RI","JI","FMI","mean.pprob.misc","mean.pprob.correct","btr.est.hm1","btr.est.best"
"1",5.30313395337805,8.4584335104691,-0.797669380147126,0.159405980533935,2.9319499124339,-0.00839852821437476,2.64864722888887e-05,3.16814757791255,1,2,0.00512055863540497,0.166,0.68209009009009,0.673209501035137,0.809774083090101,0.682849308187656,0.797292213402724,0.316657671013829,0.316991406910658
