"","intercept class1","intercept class2","age.centered class1","age.centered class2","varcov 1","varcov 2","varcov 3","stderr","bic.select","icl.select","ARI","MCR","RI","JI","FMI","mean.pprob.misc","mean.pprob.correct","btr.est.hm1","btr.est.best"
"1",6.06825182742791,7.64256082447485,-0.463056814120151,-1.16017399262266,4.73932392059089,0.708465284818473,0.105907240909003,3.11766581433181,1,2,0.0890283848255748,0.05,0.903105105105105,0.902514532483071,0.949635136670284,0.866971992177512,0.940459517062075,0.314400337026247,0.315217018221455
