"","intercept class1","intercept class2","age.centered class1","age.centered class2","varcov 1","varcov 2","varcov 3","stderr","bic.select","icl.select","ARI","MCR","RI","JI","FMI","mean.pprob.misc","mean.pprob.correct","btr.est.hm1","btr.est.best"
"1",7.16226989634557,3.34295679368624,-0.270520406227756,-1.20304533297517,2.2184121237926,0.00733765844502296,0.115211407294098,3.08374919095974,1,2,-0.012505188733758,0.201,0.64009009009009,0.629588039675443,0.780719672278014,0.755412478757187,0.866332017672519,0.342219649935068,0.342472861151276
