"","intercept class1","intercept class2","age.centered class1","age.centered class2","varcov 1","varcov 2","varcov 3","stderr","bic.select","icl.select","ARI","MCR","RI","JI","FMI","mean.pprob.misc","mean.pprob.correct","btr.est.hm1","btr.est.best"
"1",5.81252998343356,9.66311003021072,-0.603180291336025,-0.519504184941636,4.42768200761717,0.912064537897217,0.229796893692582,3.21667662880914,1,2,0.119173925565746,0.05,0.904904904904905,0.904143425651623,0.950494879862388,0.961582148516982,0.985715887632221,0.297784920036103,0.297823653246076
