"","intercept class1","intercept class2","age.centered class1","age.centered class2","varcov 1","varcov 2","varcov 3","stderr","bic.select","icl.select","ARI","MCR","RI","JI","FMI","mean.pprob.misc","mean.pprob.correct","btr.est.hm1","btr.est.best"
"1",5.82885514280648,9.1968459537573,-0.547678891757851,-0.917414459600071,3.93704333452114,0.727811480810355,0.134545442815167,3.23747431219818,1,2,0.159898366316879,0.05,0.901309309309309,0.900108612835768,0.948040898911023,0.911212211584683,0.976525798188931,0.28501627059314,0.28515459623217
