"","intercept class1","intercept class2","age.centered class1","age.centered class2","varcov 1","varcov 2","varcov 3","stderr","bic.select","icl.select","ARI","MCR","RI","JI","FMI","mean.pprob.misc","mean.pprob.correct","btr.est.hm1","btr.est.best"
"1",6.25732359840978,5.98338399916091,-2.5792538149344,-0.430914237902579,4.73615813053365,0.607061988942912,0.0778295206308547,3.13808310890124,1,2,0.161394099045828,0.046,0.912144144144144,0.911293485072062,0.954509639903162,0.954015376861122,0.975752275829307,0.3191785669934,0.319023731034856
