"","intercept class1","intercept class2","age.centered class1","age.centered class2","varcov 1","varcov 2","varcov 3","stderr","bic.select","icl.select","ARI","MCR","RI","JI","FMI","mean.pprob.misc","mean.pprob.correct","btr.est.hm1","btr.est.best"
"1",4.04395811581695,7.4175462971546,-1.04998886916836,-0.297971074323522,2.07846795686463,-0.0153873496963213,0.000114197632318094,3.14136867631929,1,2,-0.0168443593823907,0.316,0.546978978978979,0.529378977579968,0.711236098495169,0.716192296594454,0.80218323109063,0.305979968639437,0.306777009845857
