"","intercept class1","intercept class2","age.centered class1","age.centered class2","varcov 1","varcov 2","varcov 3","stderr","bic.select","icl.select","ARI","MCR","RI","JI","FMI","mean.pprob.misc","mean.pprob.correct","btr.est.hm1","btr.est.best"
"1",4.48240685814747,7.45482704341434,-0.714932754872907,-0.307240092342149,2.39136595157653,0.174680930676636,0.0127598365108531,3.09170814965,1,2,-0.0179543589025682,0.399,0.507445445445445,0.486221615232654,0.679582577208449,0.71445395791751,0.752020675256228,0.301140429901483,0.301256243168093
