"","intercept class1","intercept class2","age.centered class1","age.centered class2","varcov 1","varcov 2","varcov 3","stderr","bic.select","icl.select","ARI","MCR","RI","JI","FMI","mean.pprob.misc","mean.pprob.correct","btr.est.hm1","btr.est.best"
"1",6.01056576162765,7.88028344625955,-0.590978869519757,4.00977875169783,4.51321677586918,0.328219137079053,0.0737643371984452,3.1710176392454,1,2,-0.00365702069713826,0.05,0.901309309309309,0.901289547456948,0.949172979787412,0.999934269788299,0.999356715232395,0.307877448663731,0.308033140430608
