"","intercept class1","intercept class2","age.centered class1","age.centered class2","varcov 1","varcov 2","varcov 3","stderr","bic.select","icl.select","ARI","MCR","RI","JI","FMI","mean.pprob.misc","mean.pprob.correct","btr.est.hm1","btr.est.best"
"1",6.05336556989468,13.3532459540474,-0.567162217615306,-0.0315597626565973,4.84333775370844,0.607322267748713,0.0893599343826091,3.20912285321056,1,2,0.119173925565746,0.05,0.904904904904905,0.904143425651623,0.950494879862388,0.998162307023221,0.999637713507094,0.321277209928673,0.321236983243126
