"","intercept class1","intercept class2","age.centered class1","age.centered class2","varcov 1","varcov 2","varcov 3","stderr","bic.select","icl.select","ARI","MCR","RI","JI","FMI","mean.pprob.misc","mean.pprob.correct","btr.est.hm1","btr.est.best"
"1",6.39144054311864,3.61121198298306,-0.363395185064598,-1.7541699420548,3.73265554656826,0.0901315774434968,0.0860446822164222,3.11970023570186,1,2,0.0217204963182969,0.05,0.895945945945946,0.895687409435197,0.945845709399478,0.952663745249797,0.936609146307976,0.305206427610802,0.305195834826867
