"","intercept class1","intercept class2","age.centered class1","age.centered class2","varcov 1","varcov 2","varcov 3","stderr","bic.select","icl.select","ARI","MCR","RI","JI","FMI","mean.pprob.misc","mean.pprob.correct","btr.est.hm1","btr.est.best"
"1",5.55272449350659,8.56951597382768,-0.70323906772897,0.495277898851541,3.5382546478849,0.141858753689533,0.00568842598001513,3.12100901084512,1,2,0.0562560443254388,0.104,0.76767967967968,0.761804671784556,0.866027939138374,0.627173211375603,0.829001259665609,0.327034229546858,0.328003819803207
