"","intercept class1","intercept class2","age.centered class1","age.centered class2","varcov 1","varcov 2","varcov 3","stderr","bic.select","icl.select","ARI","MCR","RI","JI","FMI","mean.pprob.misc","mean.pprob.correct","btr.est.hm1","btr.est.best"
"1",7.69467290237955,4.73884956287142,-0.0672333671859485,-0.958629460543939,2.65037424948914,-0.0957572357598927,0.0369848871508065,3.18691041740601,1,2,0.00546517122400591,0.404,0.517189189189189,0.493289070050847,0.686551053091199,0.692124482455054,0.689608165463935,0.314426954305598,0.314343316552016
