"","intercept class1","intercept class2","age.centered class1","age.centered class2","varcov 1","varcov 2","varcov 3","stderr","bic.select","icl.select","ARI","MCR","RI","JI","FMI","mean.pprob.misc","mean.pprob.correct","btr.est.hm1","btr.est.best"
"1",6.01244823353468,9.88703853379018,-0.418060173916569,-1.30416271493203,4.0441000665167,0.394969429708864,0.0385955665810891,3.16292505424446,1,2,0.0769832535728237,0.05,0.895945945945946,0.895274613236402,0.945460769629018,0.975956232265014,0.993221489686248,0.29935324043965,0.299665888369395
