"","intercept class1","intercept class2","age.centered class1","age.centered class2","varcov 1","varcov 2","varcov 3","stderr","bic.select","icl.select","ARI","MCR","RI","JI","FMI","mean.pprob.misc","mean.pprob.correct","btr.est.hm1","btr.est.best"
"1",10.4869228477134,6.12139850558152,-1.38377307396623,-0.546436917168872,4.32699621402186,0.668302501759364,0.10321902301351,3.22147121498088,1,2,0.0956708372772248,0.049,0.906708708708709,0.906156733700928,0.951729345359002,0.986319207564115,0.997309991460061,0.291818459598631,0.291735232858158
