"","intercept class1","intercept class2","age.centered class1","age.centered class2","varcov 1","varcov 2","varcov 3","stderr","bic.select","icl.select","ARI","MCR","RI","JI","FMI","mean.pprob.misc","mean.pprob.correct","btr.est.hm1","btr.est.best"
"1",6.03010684191505,8.65704634254698,-0.42919516369953,-1.62199054426717,4.47276380209498,0.673974361845756,0.179195557482688,3.10829343323406,1,2,0.190505769231819,0.05,0.904904904904905,0.903572487099014,0.949957469661185,0.934190439460054,0.977928132636634,0.330875193516669,0.330417513316534
