"","intercept class1","intercept class2","age.centered class1","age.centered class2","varcov 1","varcov 2","varcov 3","stderr","bic.select","icl.select","ARI","MCR","RI","JI","FMI","mean.pprob.misc","mean.pprob.correct","btr.est.hm1","btr.est.best"
"1",7.62324477568921,4.71624332229153,-0.143822643624297,-1.11140551777457,3.07593416902239,-0.143340729960154,0.00668103314660535,3.13707042349799,1,2,-0.00863193196482837,0.419,0.506004004004004,0.48314223114079,0.677987891088369,0.664750750978323,0.695435181612378,0.33540647164384,0.336039872978908
