"","intercept class1","intercept class2","age.centered class1","age.centered class2","varcov 1","varcov 2","varcov 3","stderr","bic.select","icl.select","ARI","MCR","RI","JI","FMI","mean.pprob.misc","mean.pprob.correct","btr.est.hm1","btr.est.best"
"1",6.02819220851786,-3.02437086877736,-0.562333290252239,-2.49613205369087,5.31586058064819,0.629379683417978,0.0745246698334825,3.12534258366313,1,2,-0.0018630068931255,0.05,0.903105105105105,0.90309540494544,0.950218355906702,0.999989317103336,0.999943000552591,0.335880096761547,0.336009181492899
