"","intercept class1","intercept class2","age.centered class1","age.centered class2","varcov 1","varcov 2","varcov 3","stderr","bic.select","icl.select","ARI","MCR","RI","JI","FMI","mean.pprob.misc","mean.pprob.correct","btr.est.hm1","btr.est.best"
"1",7.58785676269871,4.85244854817064,-0.496054008234326,-0.509076998346799,2.72537200378866,0.483636107853067,0.145831037607014,3.12713671149067,1,2,0.0095280473672658,0.438,0.507195195195195,0.481460259948179,0.678194829445218,0.702162663323316,0.745698570091735,0.306028696036557,0.306167864590832
