"","intercept class1","intercept class2","age.centered class1","age.centered class2","varcov 1","varcov 2","varcov 3","stderr","bic.select","icl.select","ARI","MCR","RI","JI","FMI","mean.pprob.misc","mean.pprob.correct","btr.est.hm1","btr.est.best"
"1",5.60072394934097,9.06517339435649,-0.653691486926358,0.071268904781805,4.07920393808805,0.302691554603495,0.0486395022229472,3.09751874378276,1,2,0.0549998768536939,0.05,0.844294294294294,0.842289364290784,0.914405552012373,0.837075487012928,0.907083059034466,0.346793428789233,0.346978026722762
