"","intercept class1","intercept class2","age.centered class1","age.centered class2","varcov 1","varcov 2","varcov 3","stderr","bic.select","icl.select","ARI","MCR","RI","JI","FMI","mean.pprob.misc","mean.pprob.correct","btr.est.hm1","btr.est.best"
"1",11.3490037274017,5.96823576079284,-0.542955353337451,-0.600282315785767,5.37793309580424,0.829294827356024,0.181032121475955,3.13968668252806,1,2,0.0922937677667674,0.05,0.904904904904905,0.904333780447033,0.950681658755347,0.974106393034078,0.997368785041141,0.352119526265501,0.35231256117557
