"","intercept class1","intercept class2","age.centered class1","age.centered class2","varcov 1","varcov 2","varcov 3","stderr","bic.select","icl.select","ARI","MCR","RI","JI","FMI","mean.pprob.misc","mean.pprob.correct","btr.est.hm1","btr.est.best"
"1",5.84307148398948,7.90751503405697,-0.495666455700049,-2.09189027401922,4.85016015004988,0.818908860031936,0.138469135918633,3.12951427739135,1,2,0.102186927589975,0.05,0.895945945945946,0.895068258627721,0.945274005083133,0.938056531287526,0.974370856580737,0.327734763774383,0.328237742926975
