"","intercept class1","intercept class2","age.centered class1","age.centered class2","varcov 1","varcov 2","varcov 3","stderr","bic.select","icl.select","ARI","MCR","RI","JI","FMI","mean.pprob.misc","mean.pprob.correct","btr.est.hm1","btr.est.best"
"1",2.69066259350953,6.20143188270406,-3.23983739740358,-0.468964387436541,4.22673213555466,0.294186391181998,0.0204768407564576,3.16483014942525,1,2,-0.00538556345367264,0.05,0.899517517517518,0.899487333533594,0.948128772769799,0.995317869860534,0.992933468734125,0.292331283160736,0.293690786429084
