"","intercept class1","intercept class2","age.centered class1","age.centered class2","varcov 1","varcov 2","varcov 3","stderr","bic.select","icl.select","ARI","MCR","RI","JI","FMI","mean.pprob.misc","mean.pprob.correct","btr.est.hm1","btr.est.best"
"1",8.24692367561948,5.09671737036153,-0.285530601612174,-0.627580777800993,1.91034698816061,0.133085790696198,0.00927834551707777,3.17431992290127,1,2,0.0878624992329134,0.178,0.696888888888889,0.683449928286786,0.818148064474999,0.693754995025493,0.860349466913101,0.258835357283338,0.258862075106233
