"","intercept class1","intercept class2","age.centered class1","age.centered class2","varcov 1","varcov 2","varcov 3","stderr","bic.select","icl.select","ARI","MCR","RI","JI","FMI","mean.pprob.misc","mean.pprob.correct","btr.est.hm1","btr.est.best"
"1",8.59711078765756,5.12620449097116,-0.254663563196881,-0.692139426814021,2.9167381386763,0.496486223884044,0.245688349793263,3.17212489305117,1,2,0.141762903670387,0.118,0.773573573573574,0.764503541816758,0.868474351382075,0.674854209241424,0.891175629634243,0.312064576887341,0.31211640632521
