"","intercept class1","intercept class2","age.centered class1","age.centered class2","varcov 1","varcov 2","varcov 3","stderr","bic.select","icl.select","ARI","MCR","RI","JI","FMI","mean.pprob.misc","mean.pprob.correct","btr.est.hm1","btr.est.best"
"1",4.15952006389227,7.17982789557894,-0.755174062757064,-0.420122843932527,2.56725240454042,0.213658386004391,0.0177855675683275,3.20983579180401,1,2,-0.0363170952395641,0.272,0.568760760760761,0.555358307668172,0.728811979507534,0.685121966126103,0.78728362403971,0.289893180845709,0.289852748927501
