"","intercept class1","intercept class2","age.centered class1","age.centered class2","varcov 1","varcov 2","varcov 3","stderr","bic.select","icl.select","ARI","MCR","RI","JI","FMI","mean.pprob.misc","mean.pprob.correct","btr.est.hm1","btr.est.best"
"1",7.12630076138867,4.13834952464312,-0.426629377267271,-0.843715032282991,2.93161042445478,0.292489804457118,0.0566120238911234,3.16797053468579,1,2,-0.0215481409191736,0.337,0.532814814814815,0.514557512367021,0.700233130781772,0.678028059814724,0.761705327622367,0.314099013442084,0.31422137987719
