"","intercept class1","intercept class2","age.centered class1","age.centered class2","varcov 1","varcov 2","varcov 3","stderr","bic.select","icl.select","ARI","MCR","RI","JI","FMI","mean.pprob.misc","mean.pprob.correct","btr.est.hm1","btr.est.best"
"1",7.93634991488396,4.93872714625569,-0.270526137989009,-0.783997505033965,3.36948675023329,0.142526085403209,0.00609315738576052,3.10325480596955,1,2,0.0542586676792216,0.313,0.569507507507508,0.544628449206921,0.726309405921039,0.648201188599058,0.744773804919074,0.344682386357282,0.344768420314534
