"","intercept class1","intercept class2","age.centered class1","age.centered class2","varcov 1","varcov 2","varcov 3","stderr","bic.select","icl.select","ARI","MCR","RI","JI","FMI","mean.pprob.misc","mean.pprob.correct","btr.est.hm1","btr.est.best"
"1",6.67909815967494,3.3082118896897,-0.440514504642365,-1.00370554912029,3.97058251165841,0.437113886277591,0.0676842732999138,3.18766533102048,1,2,-0.0330680404715428,0.092,0.76184984984985,0.758934868074413,0.863692941492729,0.609451602137167,0.882851984370424,0.33598764955854,0.336056338168768
