"","intercept class1","intercept class2","age.centered class1","age.centered class2","varcov 1","varcov 2","varcov 3","stderr","bic.select","icl.select","ARI","MCR","RI","JI","FMI","mean.pprob.misc","mean.pprob.correct","btr.est.hm1","btr.est.best"
"1",10.351569411916,5.90866954399275,-2.22909278392483,-0.595052638877952,5.39467882087919,0.709968325211509,0.0934373491488395,3.12250978629122,1,2,0.069638282664386,0.048,0.908516516516517,0.908167202572347,0.952968794451617,0.996494209134799,0.999407973585685,0.33769145326734,0.338261705290056
