"","intercept class1","intercept class2","age.centered class1","age.centered class2","varcov 1","varcov 2","varcov 3","stderr","bic.select","icl.select","ARI","MCR","RI","JI","FMI","mean.pprob.misc","mean.pprob.correct","btr.est.hm1","btr.est.best"
"1",8.50421655986544,5.58374715325416,0.40555799343529,-0.676355111035196,3.54756290303476,0.112146038103907,0.00354520386622705,3.19007156169938,1,2,0.040709286471246,0.05,0.847625625625626,0.845974671453376,0.916598380270208,0.836086163413956,0.884684139718982,0.296573389876994,0.298057579466268
