"","intercept class1","intercept class2","age.centered class1","age.centered class2","varcov 1","varcov 2","varcov 3","stderr","bic.select","icl.select","ARI","MCR","RI","JI","FMI","mean.pprob.misc","mean.pprob.correct","btr.est.hm1","btr.est.best"
"1",4.33358019869282,8.22311097675589,-0.846281744833308,-0.345651448033913,1.2259907657816,0.169774107750604,0.165822008715953,3.12542190029468,1,2,0.0072901465511596,0.45,0.504504504504504,0.478828870564255,0.676066506035644,0.839449962242237,0.847490132937933,0.324927476826283,0.324731369685577
