"","intercept class1","intercept class2","age.centered class1","age.centered class2","varcov 1","varcov 2","varcov 3","stderr","bic.select","icl.select","ARI","MCR","RI","JI","FMI","mean.pprob.misc","mean.pprob.correct","btr.est.hm1","btr.est.best"
"1",4.7901675958293,7.82288334340761,-0.66247409346601,-0.351723675018084,3.02591889496415,0.411139168845608,0.21667320735932,3.13755410968034,1,2,0.0323477823063627,0.362,0.537625625625626,0.511916988947357,0.70200177991799,0.673180888507306,0.763190093707367,0.335274254667393,0.335304945993559
