"","intercept class1","intercept class2","age.centered class1","age.centered class2","varcov 1","varcov 2","varcov 3","stderr","bic.select","icl.select","ARI","MCR","RI","JI","FMI","mean.pprob.misc","mean.pprob.correct","btr.est.hm1","btr.est.best"
"1",7.35525339468623,4.02312932957865,-0.286747138421122,-1.12982943185702,1.41280773098606,-0.135116046968148,0.01292970551749,3.20039519029778,1,2,-0.0279889849141214,0.31,0.545753753753754,0.529503491979231,0.710707575711745,0.750339305805095,0.803859419837174,0.267597965100126,0.268331849706222
