"","intercept class1","intercept class2","age.centered class1","age.centered class2","varcov 1","varcov 2","varcov 3","stderr","bic.select","icl.select","ARI","MCR","RI","JI","FMI","mean.pprob.misc","mean.pprob.correct","btr.est.hm1","btr.est.best"
"1",6.9552671537615,5.73104284297989,-0.930648576850513,-0.230837673392942,5.03138532636826,1.18973866421742,0.281332328953879,3.14472931246797,1,2,0.13138931524876,0.167,0.7214994994995,0.707596426694693,0.834083341169277,0.602759517864184,0.70409529155506,0.335659217731475,0.336732901201081
