"","intercept class1","intercept class2","age.centered class1","age.centered class2","varcov 1","varcov 2","varcov 3","stderr","bic.select","icl.select","ARI","MCR","RI","JI","FMI","mean.pprob.misc","mean.pprob.correct","btr.est.hm1","btr.est.best"
"1",14.1113469398639,6.06836633980507,-7.03146004546229,-0.572352335633843,5.04949111337287,0.645962673552153,0.125765009138797,3.18743225597611,1,2,0.0329091917576666,0.05,0.904904904904905,0.904714524716049,0.951066669547665,0.999988468680148,0.999999997854846,0.316104468188882,0.318174522683924
