"","intercept class1","intercept class2","age.centered class1","age.centered class2","varcov 1","varcov 2","varcov 3","stderr","bic.select","icl.select","ARI","MCR","RI","JI","FMI","mean.pprob.misc","mean.pprob.correct","btr.est.hm1","btr.est.best"
"1",5.41146637641948,8.93202828790446,-0.608245147156087,-0.125513748008025,2.85548188437346,0.0572291070959754,0.00114741221763877,3.20111175667398,1,2,0.144974508053011,0.116,0.776544544544545,0.767605135273566,0.870356939133749,0.666203182263536,0.892823188967688,0.308806296546651,0.309172341306419
