"","intercept class1","intercept class2","age.centered class1","age.centered class2","varcov 1","varcov 2","varcov 3","stderr","bic.select","icl.select","ARI","MCR","RI","JI","FMI","mean.pprob.misc","mean.pprob.correct","btr.est.hm1","btr.est.best"
"1",5.94951680038623,9.3656547758186,-0.595306336320675,-0.807263189341159,3.42136557958581,0.530936709162561,0.155225972716618,3.15711577396395,1,2,0.0688941727947301,0.05,0.890618618618619,0.889883627656873,0.942342409041387,0.952225432955619,0.976922093342852,0.280024896993487,0.280046044748802
