"","intercept class1","intercept class2","age.centered class1","age.centered class2","varcov 1","varcov 2","varcov 3","stderr","bic.select","icl.select","ARI","MCR","RI","JI","FMI","mean.pprob.misc","mean.pprob.correct","btr.est.hm1","btr.est.best"
"1",5.88852362683728,6.20489793822269,-1.56459152936439,-0.207754401931462,4.34552262516005,0.653448461002209,0.0982624567930993,3.20571898917557,1,2,0.15243331166707,0.069,0.831129129129129,0.826368962095981,0.905092103993513,0.672324792354828,0.774101468332783,0.299239863260791,0.300357746954315
