"","intercept class1","intercept class2","age.centered class1","age.centered class2","varcov 1","varcov 2","varcov 3","stderr","bic.select","icl.select","ARI","MCR","RI","JI","FMI","mean.pprob.misc","mean.pprob.correct","btr.est.hm1","btr.est.best"
"1",8.34754518191254,5.78391091268568,-0.918849472924597,-0.536717258006131,4.18155628380606,0.673241372530492,0.108393621923059,3.12519650654238,1,2,0.198783970958551,0.05,0.883571571571572,0.881154207708342,0.936973910665215,0.839993997027569,0.919376719395668,0.313476960375902,0.314912304943661
