"","intercept class1","intercept class2","age.centered class1","age.centered class2","varcov 1","varcov 2","varcov 3","stderr","bic.select","icl.select","ARI","MCR","RI","JI","FMI","mean.pprob.misc","mean.pprob.correct","btr.est.hm1","btr.est.best"
"1",4.57200493000996,6.16487151628076,-2.98206139273085,-0.541932714667348,4.55204196400042,0.442041182267432,0.0429400588139806,3.23886114779335,1,2,0.0956708372772248,0.049,0.906708708708709,0.906156733700928,0.951729345359002,0.973602550813138,0.982519304352256,0.296136712910813,0.296548567925612
