"","intercept class1","intercept class2","age.centered class1","age.centered class2","varcov 1","varcov 2","varcov 3","stderr","bic.select","icl.select","ARI","MCR","RI","JI","FMI","mean.pprob.misc","mean.pprob.correct","btr.est.hm1","btr.est.best"
"1",9.10317720502295,5.84964661180562,-1.40902752539791,-0.56251315058661,5.20059085421205,0.792909479192969,0.120891161060865,3.18297730195404,1,2,0.122908194476889,0.049,0.906708708708709,0.905969643282335,0.951542566504582,0.927599183562589,0.986992104945812,0.330483733758124,0.331842681080123
