"","intercept class1","intercept class2","age.centered class1","age.centered class2","varcov 1","varcov 2","varcov 3","stderr","bic.select","icl.select","ARI","MCR","RI","JI","FMI","mean.pprob.misc","mean.pprob.correct","btr.est.hm1","btr.est.best"
"1",7.8383761753879,6.02627647754897,-2.28234205521229,-0.514438615971972,4.59667935363659,0.647350402670315,0.0911672483845483,3.15259671709542,1,2,0.152626772687417,0.048,0.908516516516517,0.907615793623517,0.95240846277976,0.964160979923923,0.984553400653149,0.303604850533184,0.305488679345808
