"","intercept class1","intercept class2","age.centered class1","age.centered class2","varcov 1","varcov 2","varcov 3","stderr","bic.select","icl.select","ARI","MCR","RI","JI","FMI","mean.pprob.misc","mean.pprob.correct","btr.est.hm1","btr.est.best"
"1",5.97199627302843,6.10750662214017,-2.00475918430711,-0.398923239465232,4.66124696616417,0.743988626768818,0.118753378608099,3.13680525655736,1,2,0.196619480451582,0.05,0.890618618618619,0.888590270102731,0.941278906964515,0.832232276320032,0.904681803556327,0.31665195756849,0.316790540519124
