"","intercept class1","intercept class2","age.centered class1","age.centered class2","varcov 1","varcov 2","varcov 3","stderr","bic.select","icl.select","ARI","MCR","RI","JI","FMI","mean.pprob.misc","mean.pprob.correct","btr.est.hm1","btr.est.best"
"1",5.87495549445888,9.39329160864323,-0.606649845668097,-3.67275938688847,4.44632865576556,0.568219374376439,0.0850898178614264,3.19006388537878,1,2,0.0665664786241021,0.049,0.906708708708709,0.906343834036105,0.951919945329838,0.998261282355585,0.999703499383772,0.287142217948205,0.288102766821796
