"","intercept class1","intercept class2","age.centered class1","age.centered class2","varcov 1","varcov 2","varcov 3","stderr","bic.select","icl.select","ARI","MCR","RI","JI","FMI","mean.pprob.misc","mean.pprob.correct","btr.est.hm1","btr.est.best"
"1",6.21424739565997,6.37918291855563,-0.413866186187448,-3.00492336404979,5.12772129210309,0.766621702562263,0.11461403838707,3.13606782406974,2,2,0.152626772687417,0.048,0.908516516516517,0.907615793623517,0.95240846277976,0.953708594750609,0.984650560318,0.334292733491815,0.335610163607403
