"","intercept class1","intercept class2","age.centered class1","age.centered class2","varcov 1","varcov 2","varcov 3","stderr","bic.select","icl.select","ARI","MCR","RI","JI","FMI","mean.pprob.misc","mean.pprob.correct","btr.est.hm1","btr.est.best"
"1",5.35336495824575,7.87271884380847,-0.828157395983267,0.0616746893085875,3.34694583164381,0.163430509031066,0.00799194494854788,3.1779527829785,1,2,0.0569050384545688,0.148,0.717517517517517,0.708019832302815,0.832837712390196,0.616986072977357,0.738892183452697,0.300679904513539,0.300635248684916
