"","intercept class1","intercept class2","age.centered class1","age.centered class2","varcov 1","varcov 2","varcov 3","stderr","bic.select","icl.select","ARI","MCR","RI","JI","FMI","mean.pprob.misc","mean.pprob.correct","btr.est.hm1","btr.est.best"
"1",5.76485462692709,8.16064782105286,-0.758576458935803,0.310878959865043,4.96505000401225,0.386592984361028,0.0301012364277789,3.15280757974207,1,2,-0.00705192065381648,0.05,0.89772972972973,0.897688764269978,0.947085738657055,0.90218327474653,0.93350939775989,0.329916866336798,0.331272668522226
