"","intercept class1","intercept class2","age.centered class1","age.centered class2","varcov 1","varcov 2","varcov 3","stderr","bic.select","icl.select","ARI","MCR","RI","JI","FMI","mean.pprob.misc","mean.pprob.correct","btr.est.hm1","btr.est.best"
"1",8.5349096520672,5.8749881537597,-0.700323136052454,-0.510474210797754,3.3343554326986,0.533116285622013,0.0852421606651734,3.21172772172189,1,2,0.14177873455522,0.05,0.871393393393393,0.869162209612572,0.930105929149182,0.835827677999596,0.92241049014464,0.265491580060501,0.266068352409359
