"","intercept class1","intercept class2","age.centered class1","age.centered class2","varcov 1","varcov 2","varcov 3","stderr","bic.select","icl.select","ARI","MCR","RI","JI","FMI","mean.pprob.misc","mean.pprob.correct","btr.est.hm1","btr.est.best"
"1",8.7158347262576,5.50596149511026,-0.625326679255581,-0.608753576670867,3.64040479023748,0.63253241964972,0.206354673464879,3.15265051109031,1,2,0.146385088595048,0.05,0.854336336336336,0.85115684389256,0.919594975021246,0.844760551654216,0.930936182800676,0.312013794207156,0.31193171725989
