"","intercept class1","intercept class2","age.centered class1","age.centered class2","varcov 1","varcov 2","varcov 3","stderr","bic.select","icl.select","ARI","MCR","RI","JI","FMI","mean.pprob.misc","mean.pprob.correct","btr.est.hm1","btr.est.best"
"1",4.72722288855635,8.21794159537216,-0.691110884603206,-0.150568291953547,2.37980285577633,0.505335753506594,0.117411151719771,3.162068579115,1,2,0.0328453609112049,0.352,0.543351351351351,0.51828683660324,0.706539268687966,0.739255549902353,0.800227011310278,0.31178141784352,0.312006115319665
