"","intercept class1","intercept class2","age.centered class1","age.centered class2","varcov 1","varcov 2","varcov 3","stderr","bic.select","icl.select","ARI","MCR","RI","JI","FMI","mean.pprob.misc","mean.pprob.correct","btr.est.hm1","btr.est.best"
"1",5.70625941251083,7.64628883787714,-0.755007239049198,0.394265791355028,4.31790112624574,0.361084628779495,0.0302050678307136,3.15139545920977,1,2,-0.0208829978934126,0.05,0.880072072072072,0.87990376904571,0.936720752743026,0.904387349195122,0.873139566074605,0.310274392871691,0.310302226825876
