"","intercept class1","intercept class2","age.centered class1","age.centered class2","varcov 1","varcov 2","varcov 3","stderr","bic.select","icl.select","ARI","MCR","RI","JI","FMI","mean.pprob.misc","mean.pprob.correct","btr.est.hm1","btr.est.best"
"1",8.26245164977904,4.77071991279389,-0.388779129711012,-0.665640238810513,2.10295193920658,0.241566265847092,0.19421410774992,3.11817638548289,1,2,0.0447719921323033,0.328,0.558726726726727,0.533822882474366,0.718235833596443,0.753400539887398,0.831562183335292,0.335082408089451,0.335236810410827
