"","intercept class1","intercept class2","age.centered class1","age.centered class2","varcov 1","varcov 2","varcov 3","stderr","bic.select","icl.select","ARI","MCR","RI","JI","FMI","mean.pprob.misc","mean.pprob.correct","btr.est.hm1","btr.est.best"
"1",7.41261608171774,4.91275107644141,-0.576727260421384,-0.445682286353184,3.28709581074302,0.806642863118923,0.197947596201722,3.12478718459991,1,2,-0.0161446496432205,0.417,0.502864864864865,0.480888630595751,0.675732811816839,0.687745365246262,0.728844052073337,0.310335260319292,0.310503596776753
