"","intercept class1","intercept class2","age.centered class1","age.centered class2","varcov 1","varcov 2","varcov 3","stderr","bic.select","icl.select","ARI","MCR","RI","JI","FMI","mean.pprob.misc","mean.pprob.correct","btr.est.hm1","btr.est.best"
"1",4.57057663122131,7.31158558338004,-0.730192825049327,-0.466935520863469,2.61482553476528,0.40686965796118,0.245747063613296,3.14477819656606,1,2,-0.00490748368216609,0.439,0.503201201201201,0.479424610750053,0.675512895774121,0.701745425360125,0.727101978606964,0.305218407983262,0.305329669703814
