"","intercept class1","intercept class2","age.centered class1","age.centered class2","varcov 1","varcov 2","varcov 3","stderr","bic.select","icl.select","ARI","MCR","RI","JI","FMI","mean.pprob.misc","mean.pprob.correct","btr.est.hm1","btr.est.best"
"1",4.63518581391194,7.33110705719888,-0.995132673063102,-0.136761239095947,2.24347775084023,0.201801820401138,0.0181521651520109,3.15914807438918,1,2,-0.00147207321870458,0.48,0.499507507507507,0.474740938085673,0.672301134846392,0.666170072577579,0.678501577082095,0.264210845285765,0.264672424743943
