"","intercept class1","intercept class2","age.centered class1","age.centered class2","varcov 1","varcov 2","varcov 3","stderr","bic.select","icl.select","ARI","MCR","RI","JI","FMI","mean.pprob.misc","mean.pprob.correct","btr.est.hm1","btr.est.best"
"1",4.41630530911946,7.69460776946906,-0.778100944033843,-0.341794080478816,2.28896106331329,0.357987845961807,0.0568879317090457,3.15056051644585,1,2,-0.00150462708929459,0.478,0.499627627627628,0.474880242037146,0.672402365472918,0.752679897545951,0.760350690441373,0.302890734411058,0.303037109324376
