"","intercept class1","intercept class2","age.centered class1","age.centered class2","varcov 1","varcov 2","varcov 3","stderr","bic.select","icl.select","ARI","MCR","RI","JI","FMI","mean.pprob.misc","mean.pprob.correct","btr.est.hm1","btr.est.best"
"1",8.16356052684757,5.09493428970707,-0.249786821505483,-0.581901507761471,3.98896365718252,0.691875667313161,0.120004108878577,3.19033215883189,1,2,0.0256113816167443,0.284,0.586114114114114,0.566996058192968,0.739903043270667,0.656251041576301,0.770579066549639,0.344128943919679,0.344260281643571
