"","intercept class1","intercept class2","age.centered class1","age.centered class2","varcov 1","varcov 2","varcov 3","stderr","bic.select","icl.select","ARI","MCR","RI","JI","FMI","mean.pprob.misc","mean.pprob.correct","btr.est.hm1","btr.est.best"
"1",2.45095935034433,6.23694716997302,-2.11145672408197,-0.552065161467762,4.96609299626614,0.548088683415274,0.0604930617973859,3.17407855234573,1,2,-0.00365702069713826,0.05,0.901309309309309,0.901289547456948,0.949172979787412,0.990979152018308,0.98381781146622,0.321964014294702,0.322884612603057
