"","intercept class1","intercept class2","age.centered class1","age.centered class2","varcov 1","varcov 2","varcov 3","stderr","bic.select","icl.select","ARI","MCR","RI","JI","FMI","mean.pprob.misc","mean.pprob.correct","btr.est.hm1","btr.est.best"
"1",4.99724819475651,7.46273983348659,-0.467327403270652,-0.753307242873515,3.52216139691138,1.02442413231563,0.390788950347398,3.18045705775237,1,2,0.0400628063020493,0.358,0.539867867867868,0.513230516386186,0.703520278126819,0.672967494441068,0.740653924737608,0.322421982475241,0.322569832693918
