"","intercept class1","intercept class2","age.centered class1","age.centered class2","varcov 1","varcov 2","varcov 3","stderr","bic.select","icl.select","ARI","MCR","RI","JI","FMI","mean.pprob.misc","mean.pprob.correct","btr.est.hm1","btr.est.best"
"1",3.45075178689911,6.69479516602578,-1.5554397613997,-0.321252211308382,3.44325563891249,0.0827072618574368,0.0591629879071058,3.16483089194966,1,2,-0.0211116163024833,0.05,0.839327327327327,0.838414425442641,0.912151312023147,0.932442826201574,0.896612886375688,0.308245184178714,0.308462927375411
