"","intercept class1","intercept class2","age.centered class1","age.centered class2","varcov 1","varcov 2","varcov 3","stderr","bic.select","icl.select","ARI","MCR","RI","JI","FMI","mean.pprob.misc","mean.pprob.correct","btr.est.hm1","btr.est.best"
"1",7.5037310589871,4.34247237409472,-0.484421219583723,-0.737577614400254,2.76318459226201,0.404537989041223,0.0592385743209854,3.1575693678073,1,2,0.00228115701326263,0.475,0.500750750750751,0.475488072151808,0.673170143515284,0.745098752307633,0.755658513731713,0.320818778035421,0.321071298981672
