"","intercept class1","intercept class2","age.centered class1","age.centered class2","varcov 1","varcov 2","varcov 3","stderr","bic.select","icl.select","ARI","MCR","RI","JI","FMI","mean.pprob.misc","mean.pprob.correct","btr.est.hm1","btr.est.best"
"1",4.55314272964271,7.46569357734147,-0.613026242815826,-0.447293624616533,2.61599297174166,0.527621575785733,0.18250657635549,3.15766073171358,1,2,-0.00966200178870258,0.443,0.500078078078078,0.476749156591162,0.673137413775036,0.731545479256589,0.743658855786911,0.303601819376232,0.303682050267377
