"","intercept class1","intercept class2","age.centered class1","age.centered class2","varcov 1","varcov 2","varcov 3","stderr","bic.select","icl.select","ARI","MCR","RI","JI","FMI","mean.pprob.misc","mean.pprob.correct","btr.est.hm1","btr.est.best"
"1",7.50900723888304,5.99836880799605,-1.51746192222916,-0.495103225866418,1.03605627968684,0.133390926200188,0.0171739145810186,1.42586053111525,2,2,0.590560535270569,0.029,0.943625625625626,0.940928562138395,0.969820689163146,0.898389210888747,0.998888559944433,0.382970420474346,0.382349922833992
