"","intercept class1","intercept class2","age.centered class1","age.centered class2","varcov 1","varcov 2","varcov 3","stderr","bic.select","icl.select","ARI","MCR","RI","JI","FMI","mean.pprob.misc","mean.pprob.correct","btr.est.hm1","btr.est.best"
"1",6.01678088603296,7.0907464427361,-0.492764339532527,-1.40973158806594,1.05897794031155,0.127107035573498,0.0152570059455825,1.41028777798402,2,2,0.607273634505548,0.03,0.941741741741742,0.938591789447917,0.96844654292411,0.809819551869436,0.993957027414684,0.377022186752453,0.380212045879299
