"","intercept class1","intercept class2","age.centered class1","age.centered class2","varcov 1","varcov 2","varcov 3","stderr","bic.select","icl.select","ARI","MCR","RI","JI","FMI","mean.pprob.misc","mean.pprob.correct","btr.est.hm1","btr.est.best"
"1",7.49764086785775,5.96455118810717,-1.45583865248292,-0.512285358415647,0.990544235754012,0.17942635368346,0.03250342852296,1.40083607511576,2,2,0.70197220768205,0.024,0.953105105105105,0.949976722433168,0.974395121626025,0.808115425752168,0.998201248616849,0.376244743216987,0.378585873375606
