"","intercept class1","intercept class2","age.centered class1","age.centered class2","varcov 1","varcov 2","varcov 3","stderr","bic.select","icl.select","ARI","MCR","RI","JI","FMI","mean.pprob.misc","mean.pprob.correct","btr.est.hm1","btr.est.best"
"1",7.59301568555041,5.95226440048483,-1.45408591848775,-0.497997265770224,1.08105566385054,0.137969044319495,0.0176088783902193,1.35422110462952,2,2,0.64955674097425,0.03,0.941741741741742,0.937868041113849,0.967945664599939,0.85108564159952,0.998335471174645,0.411169163763493,0.415769995813731
