"","intercept class1","intercept class2","age.centered class1","age.centered class2","varcov 1","varcov 2","varcov 3","stderr","bic.select","icl.select","ARI","MCR","RI","JI","FMI","mean.pprob.misc","mean.pprob.correct","btr.est.hm1","btr.est.best"
"1",6.9955534730854,6.01924195334247,-1.90209029058566,-0.541228181772645,1.10580722837439,0.127290429359928,0.0205333285519055,1.45010773640253,2,2,0.514271804596873,0.033,0.936114114114114,0.933583782546257,0.966001868697193,0.858720415881027,0.999551419728768,0.373412581281817,0.375253494363437
