"","intercept class1","intercept class2","age.centered class1","age.centered class2","varcov 1","varcov 2","varcov 3","stderr","bic.select","icl.select","ARI","MCR","RI","JI","FMI","mean.pprob.misc","mean.pprob.correct","btr.est.hm1","btr.est.best"
"1",5.96793932429081,7.5359326627924,-0.498335416293781,-1.61911232154972,1.00583976668485,0.139059753356189,0.0274382997575819,1.40680860822679,2,2,0.631206262032716,0.029,0.943625625625626,0.940342871186024,0.969335736516789,0.793248004628156,0.999461652166749,0.390184917837378,0.391761727113724
