"","intercept class1","intercept class2","age.centered class1","age.centered class2","varcov 1","varcov 2","varcov 3","stderr","bic.select","icl.select","ARI","MCR","RI","JI","FMI","mean.pprob.misc","mean.pprob.correct","btr.est.hm1","btr.est.best"
"1",6.0808847441203,7.29482124386757,-0.490184130768933,-1.63781838783495,0.894523276218442,0.0996745874160779,0.0111065250878081,1.40511192257442,2,2,0.693612817153522,0.023,0.955013013013013,0.952293909092839,0.975704290102021,0.884113119320344,0.998858311214531,0.352296593407527,0.356929449050234
