"","intercept class1","intercept class2","age.centered class1","age.centered class2","varcov 1","varcov 2","varcov 3","stderr","bic.select","icl.select","ARI","MCR","RI","JI","FMI","mean.pprob.misc","mean.pprob.correct","btr.est.hm1","btr.est.best"
"1",6.07656269696366,7.17547616563956,-0.477136120358575,-1.56349846645552,1.0207241774803,0.173784211836397,0.0436719411824064,1.39069943654079,2,2,0.617029174132044,0.028,0.945513513513514,0.942679988542737,0.970687510309327,0.917711799730377,0.99859220953161,0.392877189280971,0.391920856420069
