"","intercept class1","intercept class2","age.centered class1","age.centered class2","varcov 1","varcov 2","varcov 3","stderr","bic.select","icl.select","ARI","MCR","RI","JI","FMI","mean.pprob.misc","mean.pprob.correct","btr.est.hm1","btr.est.best"
"1",6.00339254044542,7.46438579304392,-0.500194353432136,-1.43654631059824,1.01573129480842,0.17701734731185,0.0308515665025678,1.42595939738841,2,2,0.647019490900148,0.028,0.945513513513514,0.942226373439755,0.970323334070238,0.77406152388386,0.997599652028509,0.38881134074054,0.387804129205239
