"","intercept class1","intercept class2","age.centered class1","age.centered class2","varcov 1","varcov 2","varcov 3","stderr","bic.select","icl.select","ARI","MCR","RI","JI","FMI","mean.pprob.misc","mean.pprob.correct","btr.est.hm1","btr.est.best"
"1",6.04275314959661,6.92844078030208,-0.488820170571603,-1.644141343024,0.925427847040517,0.10873114419598,0.0127839423327945,1.42643677530091,2,2,0.641800646141256,0.027,0.947405405405405,0.944450552935952,0.971571415382767,0.90904336852875,0.998572027897139,0.33701532847239,0.340469693688462
