"","intercept class1","intercept class2","age.centered class1","age.centered class2","varcov 1","varcov 2","varcov 3","stderr","bic.select","icl.select","ARI","MCR","RI","JI","FMI","mean.pprob.misc","mean.pprob.correct","btr.est.hm1","btr.est.best"
"1",6.00095121242613,7.39858285440197,-0.505283193520433,-1.54053380253631,1.07246160131166,0.170955548752205,0.0272512025880364,1.39677638215175,2,2,0.590545876303844,0.028,0.945513513513514,0.943020563346076,0.971001602312518,0.797739664257398,0.999074911952577,0.388208690943634,0.39004316033787
