"","intercept class1","intercept class2","age.centered class1","age.centered class2","varcov 1","varcov 2","varcov 3","stderr","bic.select","icl.select","ARI","MCR","RI","JI","FMI","mean.pprob.misc","mean.pprob.correct","btr.est.hm1","btr.est.best"
"1",5.99141869798176,7.74087916302231,-0.519628011529773,-1.49113298882619,1.03504774086761,0.143398956918137,0.0341919626209704,1.39329715773064,2,2,0.625044785638764,0.028,0.945513513513514,0.942566526684534,0.970590618145063,0.8606479457367,0.998769240857125,0.415681609801941,0.413565281798711
