"","intercept class1","intercept class2","age.centered class1","age.centered class2","varcov 1","varcov 2","varcov 3","stderr","bic.select","icl.select","ARI","MCR","RI","JI","FMI","mean.pprob.misc","mean.pprob.correct","btr.est.hm1","btr.est.best"
"1",7.60759845424275,6.01222749764263,-1.45421314615801,-0.493194165800178,0.98869747928769,0.139557690786366,0.0209387796389436,1.41539236688279,2,2,0.703573765718829,0.022,0.956924924924925,0.954320411022886,0.976783741371796,0.859668724190807,0.998643897875234,0.380502105338398,0.380987025589694
