"","intercept class1","intercept class2","age.centered class1","age.centered class2","varcov 1","varcov 2","varcov 3","stderr","bic.select","icl.select","ARI","MCR","RI","JI","FMI","mean.pprob.misc","mean.pprob.correct","btr.est.hm1","btr.est.best"
"1",8.26037105742478,6.00936937240045,-1.30411168723945,-0.490670397225336,1.00856793660144,0.178918341515797,0.0317415993312865,1.39558714266623,2,2,0.740753221757282,0.02,0.960760760760761,0.958137369232675,0.978716532899187,0.816182062947849,0.999344085252733,0.399805818814582,0.402053646716473
