"","intercept class1","intercept class2","age.centered class1","age.centered class2","varcov 1","varcov 2","varcov 3","stderr","bic.select","icl.select","ARI","MCR","RI","JI","FMI","mean.pprob.misc","mean.pprob.correct","btr.est.hm1","btr.est.best"
"1",7.4279518801139,6.06375185053593,-1.53966181694247,-0.500703943003371,0.957279549355776,0.141877864369019,0.0210276641630503,1.40443051988129,2,2,0.755888118115977,0.019,0.962684684684685,0.960109490769474,0.979731109117796,0.896305846636194,0.998572754552825,0.374820397941626,0.37626857061755
