"","intercept class1","intercept class2","age.centered class1","age.centered class2","varcov 1","varcov 2","varcov 3","stderr","bic.select","icl.select","ARI","MCR","RI","JI","FMI","mean.pprob.misc","mean.pprob.correct","btr.est.hm1","btr.est.best"
"1",7.49141524492765,5.99522803615137,-1.59226466017615,-0.49445513832713,0.918246225265138,0.162445522932919,0.0287379927676005,1.44278532978696,2,2,0.647019490900148,0.028,0.945513513513514,0.942226373439755,0.970323334070238,0.854035612715998,0.999239720281308,0.330471210411068,0.33986997472757
