"","intercept class1","intercept class2","age.centered class1","age.centered class2","varcov 1","varcov 2","varcov 3","stderr","bic.select","icl.select","ARI","MCR","RI","JI","FMI","mean.pprob.misc","mean.pprob.correct","btr.est.hm1","btr.est.best"
"1",6.0336306180007,7.80333463849314,-0.499817092452724,-1.37322627334883,1.06135115743338,0.143582433733885,0.019426762736689,1.43790810622501,2,2,0.690594378796194,0.022,0.956924924924925,0.95450200888137,0.97695672544649,0.936657376219684,0.99819604519,0.389435559089877,0.388866456911978
