"","intercept class1","intercept class2","age.centered class1","age.centered class2","varcov 1","varcov 2","varcov 3","stderr","bic.select","icl.select","ARI","MCR","RI","JI","FMI","mean.pprob.misc","mean.pprob.correct","btr.est.hm1","btr.est.best"
"1",7.57718373774114,6.00061253690375,-1.54952390867639,-0.496374512648413,1.03492721066016,0.118596095098044,0.0135903606030547,1.40287398709132,2,2,0.623800921345918,0.029,0.943625625625626,0.940459929547386,0.969424936049942,0.855029914569526,0.998822953820517,0.386905041696736,0.390665214803821
