"","intercept class1","intercept class2","age.centered class1","age.centered class2","varcov 1","varcov 2","varcov 3","stderr","bic.select","icl.select","ARI","MCR","RI","JI","FMI","mean.pprob.misc","mean.pprob.correct","btr.est.hm1","btr.est.best"
"1",5.97728574008422,7.61122335110617,-0.502466135141032,-1.36569741734476,0.864373270920647,0.146264021393404,0.0247500581624782,1.41567987276768,2,2,0.574667923885622,0.037,0.928666666666667,0.924377613175712,0.960707225662694,0.781328709487354,0.997669665114557,0.352007197437628,0.356826886881739
