"","intercept class1","intercept class2","age.centered class1","age.centered class2","varcov 1","varcov 2","varcov 3","stderr","bic.select","icl.select","ARI","MCR","RI","JI","FMI","mean.pprob.misc","mean.pprob.correct","btr.est.hm1","btr.est.best"
"1",6.01847786553075,7.88727154100665,-0.535973163439649,-1.69976830975189,0.978692179792025,0.131583170324141,0.0190562269730581,1.42722942304932,2,2,0.590560535270569,0.029,0.943625625625626,0.940928562138395,0.969820689163146,0.87946631498835,0.999783737538395,0.384784939656587,0.383254532254745
