"","intercept class1","intercept class2","age.centered class1","age.centered class2","varcov 1","varcov 2","varcov 3","stderr","bic.select","icl.select","ARI","MCR","RI","JI","FMI","mean.pprob.misc","mean.pprob.correct","btr.est.hm1","btr.est.best"
"1",5.96169827535062,7.42618817172626,-0.483590930568905,-1.40634133390196,1.10251459989456,0.136609320908604,0.0169268576363926,1.41637017953524,2,2,0.665042581009256,0.026,0.949301301301301,0.94624039400501,0.972472441937663,0.87409853154389,0.996840111818199,0.386115642049522,0.389553905148734
