"","intercept class1","intercept class2","age.centered class1","age.centered class2","varcov 1","varcov 2","varcov 3","stderr","bic.select","icl.select","ARI","MCR","RI","JI","FMI","mean.pprob.misc","mean.pprob.correct","btr.est.hm1","btr.est.best"
"1",7.6026540566666,6.01751256984497,-1.58799437596161,-0.491284765094912,1.02311491230088,0.165489680535749,0.0267682047775303,1.38338068673062,2,2,0.607954664469049,0.029,0.943625625625626,0.940694172405804,0.96961501799194,0.92107247306591,0.99939263021239,0.377995341017252,0.385300591088632
