"","intercept class1","intercept class2","age.centered class1","age.centered class2","varcov 1","varcov 2","varcov 3","stderr","bic.select","icl.select","ARI","MCR","RI","JI","FMI","mean.pprob.misc","mean.pprob.correct","btr.est.hm1","btr.est.best"
"1",7.94066314790661,5.969202968229,-1.3584135460708,-0.502434757748757,1.00762004615915,0.151496107141445,0.0443015707691124,1.3961114988342,2,2,0.605181516482923,0.033,0.936114114114114,0.932267102498249,0.964969879082612,0.758594684662877,0.998246539555845,0.412577630705851,0.413576083530328
