"","intercept class1","intercept class2","age.centered class1","age.centered class2","varcov 1","varcov 2","varcov 3","stderr","bic.select","icl.select","ARI","MCR","RI","JI","FMI","mean.pprob.misc","mean.pprob.correct","btr.est.hm1","btr.est.best"
"1",7.92918239778984,5.93738662431542,-1.56531314622048,-0.547405034633745,1.01464332124086,0.143395938169115,0.0202657318395321,1.40721546463439,2,2,0.533978140225891,0.032,0.937985985985986,0.935402877007712,0.966948846029971,0.804860765083541,0.999749003234471,0.377085530263497,0.380954615941955
