"","intercept class1","intercept class2","age.centered class1","age.centered class2","varcov 1","varcov 2","varcov 3","stderr","bic.select","icl.select","ARI","MCR","RI","JI","FMI","mean.pprob.misc","mean.pprob.correct","btr.est.hm1","btr.est.best"
"1",7.11834041708819,6.03737184713292,-1.74916559008863,-0.501239179924054,0.924077476286405,0.118823880246905,0.0152793770710708,1.4342403363684,2,2,0.581211020237264,0.029,0.943625625625626,0.941045804179699,0.969929374262536,0.877637813659661,0.999152486166975,0.363355623758333,0.360425400491709
