"","intercept class1","intercept class2","age.centered class1","age.centered class2","varcov 1","varcov 2","varcov 3","stderr","bic.select","icl.select","ARI","MCR","RI","JI","FMI","mean.pprob.misc","mean.pprob.correct","btr.est.hm1","btr.est.best"
"1",6.0262472017875,7.381273621406,-0.488812877271655,-1.47411466635906,0.845633954876821,0.131831505417628,0.0290017989059785,1.40094612627033,2,2,0.613203754879291,0.032,0.937985985985986,0.934250297164204,0.966038347959744,0.729688326392046,0.99800381142552,0.364201722620585,0.363916799063555
