"","intercept class1","intercept class2","age.centered class1","age.centered class2","varcov 1","varcov 2","varcov 3","stderr","bic.select","icl.select","ARI","MCR","RI","JI","FMI","mean.pprob.misc","mean.pprob.correct","btr.est.hm1","btr.est.best"
"1",5.97832686932999,7.69715880651191,-0.491902252705746,-1.48354060906644,1.00438369746661,0.138340461962207,0.0190545540233053,1.40750253072218,2,2,0.725335528319568,0.021,0.958840840840841,0.956177447340038,0.977707210230812,0.888329613264608,0.99912932898273,0.371631697836683,0.377756741819697
