"","intercept class1","intercept class2","age.centered class1","age.centered class2","varcov 1","varcov 2","varcov 3","stderr","bic.select","icl.select","ARI","MCR","RI","JI","FMI","mean.pprob.misc","mean.pprob.correct","btr.est.hm1","btr.est.best"
"1",7.68424595385486,6.03497285362474,-1.577267011374,-0.507087109447636,0.93349659681769,0.116544094080038,0.0274818049908978,1.41423108859429,2,2,0.533978140225891,0.032,0.937985985985986,0.935402877007712,0.966948846029971,0.874447106990601,0.999204274809425,0.364456024385744,0.365653590024351
