"","intercept class1","intercept class2","age.centered class1","age.centered class2","varcov 1","varcov 2","varcov 3","stderr","bic.select","icl.select","ARI","MCR","RI","JI","FMI","mean.pprob.misc","mean.pprob.correct","btr.est.hm1","btr.est.best"
"1",7.12820294912065,5.97826854587568,-1.5040739903228,-0.524817319675814,1.24094300739438,0.172098460422511,0.0238672415103311,1.41906610639769,2,2,0.522887329155405,0.032,0.937985985985986,0.935531135531136,0.967069449240053,0.825713792128178,0.997835681346537,0.396040599116205,0.398177116645427
