"","intercept class1","intercept class2","age.centered class1","age.centered class2","varcov 1","varcov 2","varcov 3","stderr","bic.select","icl.select","ARI","MCR","RI","JI","FMI","mean.pprob.misc","mean.pprob.correct","btr.est.hm1","btr.est.best"
"1",5.04401600252973,6.44133502880364,-0.827687460870016,-0.44375763543349,0.778104731015834,-0.0118705974351186,0.0702783250604833,1.36968145643109,3,2,-0.0158242485161534,0.108,0.744744744744745,0.740501331075525,0.852296693630425,0.643187202776485,0.885990780010304,0.407498935420252,0.407710489129475
