"","intercept class1","intercept class2","age.centered class1","age.centered class2","varcov 1","varcov 2","varcov 3","stderr","bic.select","icl.select","ARI","MCR","RI","JI","FMI","mean.pprob.misc","mean.pprob.correct","btr.est.hm1","btr.est.best"
"1",5.96778834892779,7.5144884298299,-0.512083375434639,-1.22640686799652,1.05570586925071,0.162466754555453,0.025002704654212,1.38350867363608,2,2,0.610411264335701,0.035,0.932382382382382,0.927898676025429,0.962601559210605,0.754310328027292,0.993979134056668,0.393044826790885,0.397042608689787
