"","intercept class1","intercept class2","age.centered class1","age.centered class2","varcov 1","varcov 2","varcov 3","stderr","bic.select","icl.select","ARI","MCR","RI","JI","FMI","mean.pprob.misc","mean.pprob.correct","btr.est.hm1","btr.est.best"
"1",6.05702308689528,7.92568998838709,-0.491824345488002,-1.37924019733428,0.956023376715774,0.107829379099572,0.0121620289178371,1.41310403142948,2,2,0.736206632225148,0.022,0.956924924924925,0.953776349371396,0.97635882287888,0.745207889775005,0.998358806966212,0.391344098297126,0.39204899789442
