"","intercept class1","intercept class2","age.centered class1","age.centered class2","varcov 1","varcov 2","varcov 3","stderr","bic.select","icl.select","ARI","MCR","RI","JI","FMI","mean.pprob.misc","mean.pprob.correct","btr.est.hm1","btr.est.best"
"1",7.5102295318617,5.96512822608364,-1.44485529253935,-0.513196433281149,0.843797099811959,0.12525249245464,0.0202024010659574,1.44775577320672,2,2,0.581780253772711,0.031,0.939861861861862,0.936859695218077,0.967574413320927,0.793734404891354,0.998327304566977,0.336346189705343,0.336645394306505
