"","intercept class1","intercept class2","age.centered class1","age.centered class2","varcov 1","varcov 2","varcov 3","stderr","bic.select","icl.select","ARI","MCR","RI","JI","FMI","mean.pprob.misc","mean.pprob.correct","btr.est.hm1","btr.est.best"
"1",6.00700621020362,7.87512569434398,-0.506476073059421,-1.37119032860331,1.04341889776107,0.1278086304111,0.0156553272649891,1.45249953126514,2,2,0.408574994008864,0.036,0.930522522522523,0.928621966269025,0.963612502689625,0.888454498432561,0.999164383267287,0.351304198460264,0.352983343858183
