"","intercept class1","intercept class2","age.centered class1","age.centered class2","varcov 1","varcov 2","varcov 3","stderr","bic.select","icl.select","ARI","MCR","RI","JI","FMI","mean.pprob.misc","mean.pprob.correct","btr.est.hm1","btr.est.best"
"1",5.94212660252293,7.71527313956,-0.512370008877599,-1.34232752276327,0.887495264693621,0.118039543927066,0.0157020620519026,1.43743227974389,2,2,0.683875519404053,0.024,0.953105105105105,0.950271739130435,0.974625920700931,0.82995357943979,0.997589692035057,0.354292677074647,0.354988354767161
