"","intercept class1","intercept class2","age.centered class1","age.centered class2","varcov 1","varcov 2","varcov 3","stderr","bic.select","icl.select","ARI","MCR","RI","JI","FMI","mean.pprob.misc","mean.pprob.correct","btr.est.hm1","btr.est.best"
"1",6.05443371889509,7.40856070368775,-0.506731855780916,-1.72299583767881,0.871518912983663,0.104314642094516,0.0124857664387958,1.43222491331051,2,2,0.693612817153522,0.023,0.955013013013013,0.952293909092839,0.975704290102021,0.811473528449786,0.99949858016898,0.337988227114446,0.343359496170489
