"","intercept class1","intercept class2","age.centered class1","age.centered class2","varcov 1","varcov 2","varcov 3","stderr","bic.select","icl.select","ARI","MCR","RI","JI","FMI","mean.pprob.misc","mean.pprob.correct","btr.est.hm1","btr.est.best"
"1",6.03302506153203,7.61165759995552,-0.515596532787027,-1.49497832264721,0.949648180363354,0.132643447994713,0.0330716337048315,1.4214871730415,2,2,0.645580917192376,0.025,0.951201201201201,0.948662811024385,0.973911564443551,0.859693354766822,0.998103802279027,0.374793484765661,0.374745937877248
