"","intercept class1","intercept class2","age.centered class1","age.centered class2","varcov 1","varcov 2","varcov 3","stderr","bic.select","icl.select","ARI","MCR","RI","JI","FMI","mean.pprob.misc","mean.pprob.correct","btr.est.hm1","btr.est.best"
"1",5.99551096182598,7.1563842162544,-0.499809532620483,-1.61845515115456,1.09088917018311,0.138148766936578,0.0292781783020494,1.41035116774787,2,2,0.626319820484722,0.027,0.947405405405405,0.944670033655851,0.971761101245672,0.847551083325014,0.998471905042263,0.401433683447462,0.400068366167042
