"","intercept class1","intercept class2","age.centered class1","age.centered class2","varcov 1","varcov 2","varcov 3","stderr","bic.select","icl.select","ARI","MCR","RI","JI","FMI","mean.pprob.misc","mean.pprob.correct","btr.est.hm1","btr.est.best"
"1",7.53406708188596,5.97676605423285,-1.62608112981969,-0.512750056645915,0.953517069856843,0.152202597390183,0.0242949363124623,1.42063273342743,2,2,0.634240455636435,0.027,0.947405405405405,0.944560276533872,0.971664306087084,0.88953363496237,0.999474951133585,0.364200644145276,0.368612468991816
