"","intercept class1","intercept class2","age.centered class1","age.centered class2","varcov 1","varcov 2","varcov 3","stderr","bic.select","icl.select","ARI","MCR","RI","JI","FMI","mean.pprob.misc","mean.pprob.correct","btr.est.hm1","btr.est.best"
"1",6.07242741372135,7.99199150082413,-0.523548403288462,-1.32286869038175,1.01802976174359,0.147893596591454,0.0354568136212655,1.41933766596806,2,2,0.667652192520008,0.025,0.951201201201201,0.948356081375985,0.973633502347953,0.760413902126328,0.998235613725613,0.397585276768909,0.396735902658003
