"","intercept class1","intercept class2","age.centered class1","age.centered class2","varcov 1","varcov 2","varcov 3","stderr","bic.select","icl.select","ARI","MCR","RI","JI","FMI","mean.pprob.misc","mean.pprob.correct","btr.est.hm1","btr.est.best"
"1",5.94004333128199,8.03110122829748,-0.510563681788462,-1.30351955771887,1.04111904064458,0.170803730731018,0.0280218864356784,1.41517079766234,2,2,0.717911240569788,0.024,0.953105105105105,0.949682075958068,0.974199460310284,0.726969823431421,0.998311789284059,0.409958906361205,0.4112282667051
