"","intercept class1","intercept class2","age.centered class1","age.centered class2","varcov 1","varcov 2","varcov 3","stderr","bic.select","icl.select","ARI","MCR","RI","JI","FMI","mean.pprob.misc","mean.pprob.correct","btr.est.hm1","btr.est.best"
"1",7.64834680598843,5.9875430595744,-1.48550053156974,-0.493325307206454,0.985178476421171,0.13790260392638,0.0193032319521079,1.39958445519344,2,2,0.712813913052699,0.024,0.953105105105105,0.949780245696032,0.974260781800796,0.743370484575046,0.998773039444583,0.400231133943313,0.4022004815979
