"","intercept class1","intercept class2","age.centered class1","age.centered class2","varcov 1","varcov 2","varcov 3","stderr","bic.select","icl.select","ARI","MCR","RI","JI","FMI","mean.pprob.misc","mean.pprob.correct","btr.est.hm1","btr.est.best"
"1",6.02192356979483,7.629970332589,-0.514081596737594,-1.5176829014541,0.982180618578206,0.17462406904987,0.0310468870944636,1.41247651755397,2,2,0.66063762727487,0.025,0.951201201201201,0.948458295095556,0.973722277606361,0.921120989642731,0.999405457863018,0.370394621500084,0.372811059118595
