"","intercept class1","intercept class2","age.centered class1","age.centered class2","varcov 1","varcov 2","varcov 3","stderr","bic.select","icl.select","ARI","MCR","RI","JI","FMI","mean.pprob.misc","mean.pprob.correct","btr.est.hm1","btr.est.best"
"1",5.96905545055434,7.42615347908881,-0.492814645678457,-1.42100720760178,1.05485591552722,0.148418805677999,0.0208826131573518,1.39025297697414,2,2,0.671557965445155,0.026,0.949301301301301,0.946134506332237,0.972391368139301,0.840426005096444,0.997853586174991,0.399266218970453,0.400102165406428
