"","intercept class1","intercept class2","age.centered class1","age.centered class2","varcov 1","varcov 2","varcov 3","stderr","bic.select","icl.select","ARI","MCR","RI","JI","FMI","mean.pprob.misc","mean.pprob.correct","btr.est.hm1","btr.est.best"
"1",5.97677505784983,7.72823719933352,-0.50879920969844,-1.46334395010691,0.968989119337064,0.159771888117676,0.0263440096316882,1.37742125088929,2,2,0.683780084212396,0.026,0.949301301301301,0.945922860425288,0.972240918871387,0.848195673260271,0.998940375539482,0.391857497935125,0.395555688003403
