"","intercept class1","intercept class2","age.centered class1","age.centered class2","varcov 1","varcov 2","varcov 3","stderr","bic.select","icl.select","ARI","MCR","RI","JI","FMI","mean.pprob.misc","mean.pprob.correct","btr.est.hm1","btr.est.best"
"1",7.39192300957449,6.01937342483573,-1.56236891499213,-0.481602338581259,0.933545376373838,0.142530292394175,0.0217610035559778,1.43711800815306,2,2,0.634240455636435,0.027,0.947405405405405,0.944560276533872,0.971664306087084,0.820989262192118,0.998740948920852,0.36499430635411,0.364266601163137
