"","intercept class1","intercept class2","age.centered class1","age.centered class2","varcov 1","varcov 2","varcov 3","stderr","bic.select","icl.select","ARI","MCR","RI","JI","FMI","mean.pprob.misc","mean.pprob.correct","btr.est.hm1","btr.est.best"
"1",5.96422088102389,8.17444915781406,-0.515607593824497,-1.31764736176053,1.03691934854925,0.13874333469712,0.027159347974514,1.40031058909494,2,2,0.653288630973892,0.025,0.951201201201201,0.948560539233272,0.973814964431334,0.930980255313585,0.999048532174569,0.406333628124956,0.405992961189345
