"","intercept class1","intercept class2","age.centered class1","age.centered class2","varcov 1","varcov 2","varcov 3","stderr","bic.select","icl.select","ARI","MCR","RI","JI","FMI","mean.pprob.misc","mean.pprob.correct","btr.est.hm1","btr.est.best"
"1",7.32283106009327,5.97940310661354,-1.50886446425284,-0.510620187765054,1.0539821481941,0.167015940243509,0.0264656517981026,1.44419746062923,2,2,0.680764680459088,0.025,0.951201201201201,0.948151756352606,0.973467678735508,0.821405201359002,0.997737461080045,0.387396432380006,0.386736102192811
