"","intercept class1","intercept class2","age.centered class1","age.centered class2","varcov 1","varcov 2","varcov 3","stderr","bic.select","icl.select","ARI","MCR","RI","JI","FMI","mean.pprob.misc","mean.pprob.correct","btr.est.hm1","btr.est.best"
"1",6.03092893668293,7.56003426515059,-0.464877734184749,-1.48697943195648,0.996209958217906,0.143953149456471,0.0208013472135017,1.44407106019761,2,2,0.66063762727487,0.025,0.951201201201201,0.948458295095556,0.973722277606361,0.766848434524073,0.998728030175645,0.370589118742214,0.371979884601126
