"","intercept class1","intercept class2","age.centered class1","age.centered class2","varcov 1","varcov 2","varcov 3","stderr","bic.select","icl.select","ARI","MCR","RI","JI","FMI","mean.pprob.misc","mean.pprob.correct","btr.est.hm1","btr.est.best"
"1",7.64860837620487,5.973122186016,-1.4516428683267,-0.506777203163313,0.883035425131772,0.146339403365593,0.0242522791378334,1.41457847750201,2,2,0.599088891170195,0.03,0.941741741741742,0.938712585191613,0.9685436279417,0.858448732481453,0.998615655736901,0.372347020177865,0.371605737581109
