"","intercept class1","intercept class2","age.centered class1","age.centered class2","varcov 1","varcov 2","varcov 3","stderr","bic.select","icl.select","ARI","MCR","RI","JI","FMI","mean.pprob.misc","mean.pprob.correct","btr.est.hm1","btr.est.best"
"1",7.78664978419432,6.00517155957706,-1.51363920537112,-0.525594408282764,0.923253782943595,0.145366575092647,0.0304874461906528,1.40463500047742,2,2,0.665042581009256,0.026,0.949301301301301,0.94624039400501,0.972472441937663,0.808066895222603,0.999247695104572,0.380271711962917,0.381499007261755
