"","intercept class1","intercept class2","age.centered class1","age.centered class2","varcov 1","varcov 2","varcov 3","stderr","bic.select","icl.select","ARI","MCR","RI","JI","FMI","mean.pprob.misc","mean.pprob.correct","btr.est.hm1","btr.est.best"
"1",7.49685233920992,5.9697092375457,-1.2338259352076,-0.504754136582015,1.0210338771384,0.177103936362238,0.0342135279597322,1.40214040269128,2,2,0.527694821397201,0.034,0.934246246246246,0.931369680962212,0.964697799802407,0.761032064746886,0.995061070484524,0.393535230579852,0.391214893464747
