"","intercept class1","intercept class2","age.centered class1","age.centered class2","varcov 1","varcov 2","varcov 3","stderr","bic.select","icl.select","ARI","MCR","RI","JI","FMI","mean.pprob.misc","mean.pprob.correct","btr.est.hm1","btr.est.best"
"1",6.07446274736092,7.62946648268073,-0.492318021977679,-1.45622762341841,1.06571820113991,0.142488216712516,0.0190509009616832,1.41573011885365,2,2,0.616058178017268,0.029,0.943625625625626,0.940577031025125,0.969518029206464,0.84102802508093,0.997923161722177,0.385709971494609,0.388624255507609
