"","intercept class1","intercept class2","age.centered class1","age.centered class2","varcov 1","varcov 2","varcov 3","stderr","bic.select","icl.select","ARI","MCR","RI","JI","FMI","mean.pprob.misc","mean.pprob.correct","btr.est.hm1","btr.est.best"
"1",7.50847999240389,6.00233035481144,-1.4747395972212,-0.493148538243879,1.03825914132812,0.15784477477038,0.0262923251827315,1.40664434264621,2,2,0.732053340133973,0.024,0.953105105105105,0.949387875042674,0.97403884401303,0.809141514519249,0.997589105991731,0.400898610028156,0.40300164313598
