"","intercept class1","intercept class2","age.centered class1","age.centered class2","varcov 1","varcov 2","varcov 3","stderr","bic.select","icl.select","ARI","MCR","RI","JI","FMI","mean.pprob.misc","mean.pprob.correct","btr.est.hm1","btr.est.best"
"1",5.98139666964762,7.85342816351301,-0.482020708259265,-1.37247265176452,0.913355613666673,0.153813771493234,0.0289379874591292,1.42513850926409,2,2,0.590284275364978,0.032,0.937985985985986,0.934634068109208,0.966306893000813,0.766572309882473,0.998740531784375,0.372764955587623,0.374270501860795
