"","intercept class1","intercept class2","age.centered class1","age.centered class2","varcov 1","varcov 2","varcov 3","stderr","bic.select","icl.select","ARI","MCR","RI","JI","FMI","mean.pprob.misc","mean.pprob.correct","btr.est.hm1","btr.est.best"
"1",6.04371116132366,7.22935771923259,-0.478964040524947,-1.47819180156572,0.899890063679414,0.0899631852635259,0.00899373766346841,1.43115516142613,2,2,0.635834358088623,0.026,0.949301301301301,0.946664307798586,0.972835787165004,0.901863364616519,0.997656876689707,0.339863859964367,0.341588025753116
