"","intercept class1","intercept class2","age.centered class1","age.centered class2","varcov 1","varcov 2","varcov 3","stderr","bic.select","icl.select","ARI","MCR","RI","JI","FMI","mean.pprob.misc","mean.pprob.correct","btr.est.hm1","btr.est.best"
"1",6.01852006132931,7.50413941752962,-0.503815708356053,-1.53100830361084,0.89490335248203,0.0982854066929413,0.0193871217491514,1.40371009821567,2,2,0.618012565151217,0.027,0.947405405405405,0.944779821334735,0.971861802410874,0.921547693188735,0.998690893968696,0.357948006427228,0.358583790415144
