"","intercept class1","intercept class2","age.centered class1","age.centered class2","varcov 1","varcov 2","varcov 3","stderr","bic.select","icl.select","ARI","MCR","RI","JI","FMI","mean.pprob.misc","mean.pprob.correct","btr.est.hm1","btr.est.best"
"1",7.48400411333207,5.96947628655847,-1.29711468183696,-0.476178953518671,1.02944442386677,0.138958928844201,0.01875748177867,1.3748388543338,2,2,0.698637309753384,0.028,0.945513513513514,0.941208746106289,0.969731375719324,0.707843246318386,0.994564199047449,0.410148036483837,0.412850656502759
