"","intercept class1","intercept class2","age.centered class1","age.centered class2","varcov 1","varcov 2","varcov 3","stderr","bic.select","icl.select","ARI","MCR","RI","JI","FMI","mean.pprob.misc","mean.pprob.correct","btr.est.hm1","btr.est.best"
"1",6.06827670080889,7.47153072446346,-0.505319160272992,-1.51372474710971,0.995283496967487,0.185068634638952,0.0344127492589585,1.40195069671973,2,2,0.726967563262994,0.023,0.955013013013013,0.951726967677627,0.975278600039447,0.841503851354291,0.998613611516051,0.39158164087474,0.393203931664773
