"","intercept class1","intercept class2","age.centered class1","age.centered class2","varcov 1","varcov 2","varcov 3","stderr","bic.select","icl.select","ARI","MCR","RI","JI","FMI","mean.pprob.misc","mean.pprob.correct","btr.est.hm1","btr.est.best"
"1",3.69109128946106,6.12909050013281,-1.13490891708634,-0.534909026405668,1.04915072617608,0.03081256638112,0.0577590419227186,1.44712269305026,3,2,-0.010210152858476,0.05,0.894166166166166,0.894102564102564,0.945003204419926,0.99777980818644,0.997504036713833,0.381218579033311,0.380592127174784
