"","intercept class1","intercept class2","age.centered class1","age.centered class2","varcov 1","varcov 2","varcov 3","stderr","bic.select","icl.select","ARI","MCR","RI","JI","FMI","mean.pprob.misc","mean.pprob.correct","btr.est.hm1","btr.est.best"
"1",6.01661165290614,7.7125971021356,-0.489825761910926,-1.72655387471877,0.972871042699132,0.132607535131933,0.0180758275300973,1.42008218460502,2,2,0.536005441990806,0.033,0.936114114114114,0.933320099462983,0.965764409022532,0.941118665835991,0.999797956886889,0.36983262970678,0.371668719103821
