"","intercept class1","intercept class2","age.centered class1","age.centered class2","varcov 1","varcov 2","varcov 3","stderr","bic.select","icl.select","ARI","MCR","RI","JI","FMI","mean.pprob.misc","mean.pprob.correct","btr.est.hm1","btr.est.best"
"1",7.15850912125191,6.01520026845572,-1.64833423451983,-0.501878487573509,1.03310844599306,0.146761946280018,0.0208488112654064,1.41735361865995,2,2,0.693612817153522,0.023,0.955013013013013,0.952293909092839,0.975704290102021,0.754839857415166,0.998827371214117,0.361397303845273,0.369539066289483
