"","intercept class1","intercept class2","age.centered class1","age.centered class2","varcov 1","varcov 2","varcov 3","stderr","bic.select","icl.select","ARI","MCR","RI","JI","FMI","mean.pprob.misc","mean.pprob.correct","btr.est.hm1","btr.est.best"
"1",7.39804396516393,5.98481654251633,-1.44687272393592,-0.509303689133019,1.05851099147754,0.158841405871391,0.0298589806971022,1.38670087980944,2,2,0.71135836569321,0.023,0.955013013013013,0.952010268106935,0.975473854146692,0.831286170702642,0.997261808469555,0.40060134950787,0.402627936359359
