"","intercept class1","intercept class2","age.centered class1","age.centered class2","varcov 1","varcov 2","varcov 3","stderr","bic.select","icl.select","ARI","MCR","RI","JI","FMI","mean.pprob.misc","mean.pprob.correct","btr.est.hm1","btr.est.best"
"1",7.62772703935608,6.03300808530061,-1.55804660185919,-0.531475625633366,1.06882303307962,0.149951308518943,0.0534531461453782,1.37008733333526,2,2,0.635834358088623,0.026,0.949301301301301,0.946664307798586,0.972835787165004,0.878773389085947,0.998934699090155,0.426912171611945,0.425097534341552
