"","intercept class1","intercept class2","age.centered class1","age.centered class2","varcov 1","varcov 2","varcov 3","stderr","bic.select","icl.select","ARI","MCR","RI","JI","FMI","mean.pprob.misc","mean.pprob.correct","btr.est.hm1","btr.est.best"
"1",5.97932210979256,7.39679152273274,-0.512989485803758,-1.56967228386498,1.02366215779657,0.128675330823785,0.0161747214966919,1.40465275414463,2,2,0.662547088475204,0.027,0.947405405405405,0.944121613286086,0.971316150545371,0.75982458203888,0.998806591864289,0.386613500629447,0.39128100784257
