"","intercept class1","intercept class2","age.centered class1","age.centered class2","varcov 1","varcov 2","varcov 3","stderr","bic.select","icl.select","ARI","MCR","RI","JI","FMI","mean.pprob.misc","mean.pprob.correct","btr.est.hm1","btr.est.best"
"1",5.95357015758359,7.66861524798234,-0.513248881509799,-1.46422072224551,1.02049730668031,0.130668825605677,0.0167313941976688,1.42589272897586,2,2,0.590560535270569,0.029,0.943625625625626,0.940928562138395,0.969820689163146,0.874398039609623,0.998684782159134,0.367437585183383,0.370827156420479
