"","intercept class1","intercept class2","age.centered class1","age.centered class2","varcov 1","varcov 2","varcov 3","stderr","bic.select","icl.select","ARI","MCR","RI","JI","FMI","mean.pprob.misc","mean.pprob.correct","btr.est.hm1","btr.est.best"
"1",6.10058140773248,7.42090783758305,-0.476218150345729,-1.61606950617734,0.900112038773963,0.138573575679799,0.0213339547323117,1.42956505332359,2,2,0.607273634505548,0.03,0.941741741741742,0.938591789447917,0.96844654292411,0.863970400231683,0.999102145433392,0.343766256334957,0.347584928966725
