"","intercept class1","intercept class2","age.centered class1","age.centered class2","varcov 1","varcov 2","varcov 3","stderr","bic.select","icl.select","ARI","MCR","RI","JI","FMI","mean.pprob.misc","mean.pprob.correct","btr.est.hm1","btr.est.best"
"1",6.04109500984009,7.54056547217599,-0.491650999130678,-1.49803065308651,0.982617907918954,0.13698446766717,0.0190969262037729,1.43323843957989,2,2,0.49888535477432,0.032,0.937985985985986,0.935787728026534,0.967322329120047,0.905626807614895,0.999117092828829,0.355713854240457,0.35701838449256
