"","intercept class1","intercept class2","age.centered class1","age.centered class2","varcov 1","varcov 2","varcov 3","stderr","bic.select","icl.select","ARI","MCR","RI","JI","FMI","mean.pprob.misc","mean.pprob.correct","btr.est.hm1","btr.est.best"
"1",7.63781621691845,6.03982229378188,-1.6068628975618,-0.491813269158036,1.04159966449114,0.111771718659748,0.0119952951308442,1.44249408658263,2,2,0.703573765718829,0.022,0.956924924924925,0.954320411022886,0.976783741371796,0.923663815026831,0.999072559934908,0.375500892736753,0.379246286990004
