"","intercept class1","intercept class2","age.centered class1","age.centered class2","varcov 1","varcov 2","varcov 3","stderr","bic.select","icl.select","ARI","MCR","RI","JI","FMI","mean.pprob.misc","mean.pprob.correct","btr.est.hm1","btr.est.best"
"1",7.3992104440078,6.01297809841698,-1.65646394337188,-0.509271700608816,1.04296124170226,0.124340602704818,0.0239708908066098,1.40459736434527,2,2,0.522887329155405,0.032,0.937985985985986,0.935531135531136,0.967069449240053,0.845269643792876,0.999399480690806,0.387303365466901,0.386791987993409
