"","intercept class1","intercept class2","age.centered class1","age.centered class2","varcov 1","varcov 2","varcov 3","stderr","bic.select","icl.select","ARI","MCR","RI","JI","FMI","mean.pprob.misc","mean.pprob.correct","btr.est.hm1","btr.est.best"
"1",5.95524054171491,7.50628268796309,-0.477547568857693,-1.50276843781098,1.04951616920561,0.164781120662651,0.025871821081635,1.40932106680908,2,2,0.709625413059154,0.022,0.956924924924925,0.954229651595666,0.976703132258044,0.875377053609648,0.998867500743049,0.383747002295878,0.388049655132903
