"","intercept class1","intercept class2","age.centered class1","age.centered class2","varcov 1","varcov 2","varcov 3","stderr","bic.select","icl.select","ARI","MCR","RI","JI","FMI","mean.pprob.misc","mean.pprob.correct","btr.est.hm1","btr.est.best"
"1",7.17547181323935,6.07336993757545,-1.63453757947891,-0.501230306269019,1.27308386281374,0.170782833473554,0.043148574126658,1.35980325227909,2,2,0.634240455636435,0.027,0.947405405405405,0.944560276533872,0.971664306087084,0.845344817117453,0.998732140122809,0.439528189387371,0.441527775518585
