"","intercept class1","intercept class2","age.centered class1","age.centered class2","varcov 1","varcov 2","varcov 3","stderr","bic.select","icl.select","ARI","MCR","RI","JI","FMI","mean.pprob.misc","mean.pprob.correct","btr.est.hm1","btr.est.best"
"1",5.9527585135099,7.80909148957959,-0.470693763557312,-1.36017114699946,0.930682750670047,0.126922541869966,0.0173091675582776,1.39893154285224,2,2,0.712813913052699,0.024,0.953105105105105,0.949780245696032,0.974260781800796,0.848238182578327,0.998363194970383,0.391325297801442,0.393468030283938
