"","intercept class1","intercept class2","age.centered class1","age.centered class2","varcov 1","varcov 2","varcov 3","stderr","bic.select","icl.select","ARI","MCR","RI","JI","FMI","mean.pprob.misc","mean.pprob.correct","btr.est.hm1","btr.est.best"
"1",5.97896858196128,7.42758249020761,-0.520955435494063,-1.60571513485747,0.995564757708634,0.114432829294584,0.0131643447698925,1.43684814967035,2,2,0.590545876303844,0.028,0.945513513513514,0.943020563346076,0.971001602312518,0.92780610353705,0.999108696511443,0.366372591697401,0.366102172729552
