"","intercept class1","intercept class2","age.centered class1","age.centered class2","varcov 1","varcov 2","varcov 3","stderr","bic.select","icl.select","ARI","MCR","RI","JI","FMI","mean.pprob.misc","mean.pprob.correct","btr.est.hm1","btr.est.best"
"1",5.98117612815831,7.12668583376667,-0.508350590614111,-1.64091401120694,1.04931758094539,0.122185186044818,0.0142275513204115,1.3773232294546,2,2,0.590560535270569,0.029,0.943625625625626,0.940928562138395,0.969820689163146,0.885978731888527,0.998865032165072,0.379724865868314,0.384922713301033
