"","intercept class1","intercept class2","age.centered class1","age.centered class2","varcov 1","varcov 2","varcov 3","stderr","bic.select","icl.select","ARI","MCR","RI","JI","FMI","mean.pprob.misc","mean.pprob.correct","btr.est.hm1","btr.est.best"
"1",5.99224406556044,7.6363388397087,-0.494223625559068,-1.59617089274099,0.940806500860012,0.0821316844649772,0.00717005350162499,1.43188140514571,2,2,0.663156847412253,0.024,0.953105105105105,0.950567052298809,0.974891927589065,0.904458402068289,0.999285777466561,0.360846387528898,0.362940006180452
