"","intercept class1","intercept class2","age.centered class1","age.centered class2","varcov 1","varcov 2","varcov 3","stderr","bic.select","icl.select","ARI","MCR","RI","JI","FMI","mean.pprob.misc","mean.pprob.correct","btr.est.hm1","btr.est.best"
"1",7.63234400626795,6.02732391175323,-1.33647507599611,-0.525315332822252,0.965478339175113,0.128494915845296,0.0303507102702747,1.41028251298998,2,2,0.677287222913081,0.024,0.953105105105105,0.950370147508125,0.974710674860111,0.824404839421296,0.996922867009804,0.377097365752712,0.376764444668782
