"","intercept class1","intercept class2","age.centered class1","age.centered class2","varcov 1","varcov 2","varcov 3","stderr","bic.select","icl.select","ARI","MCR","RI","JI","FMI","mean.pprob.misc","mean.pprob.correct","btr.est.hm1","btr.est.best"
"1",5.99413802579722,7.3252980629709,-0.506471373399116,-1.35774175800508,1.10449655813069,0.167714678716253,0.0254670458393732,1.42055493567356,2,2,0.640017330782969,0.028,0.945513513513514,0.942339716020559,0.970408532067083,0.782910676217692,0.99539051759871,0.390554797709459,0.391345461486493
