"","intercept class1","intercept class2","age.centered class1","age.centered class2","varcov 1","varcov 2","varcov 3","stderr","bic.select","icl.select","ARI","MCR","RI","JI","FMI","mean.pprob.misc","mean.pprob.correct","btr.est.hm1","btr.est.best"
"1",7.32769187113897,5.95230278315636,-1.43781885782322,-0.517127136235267,1.00849410259685,0.132754331064615,0.0175463824479037,1.38554999115485,2,2,0.726248037076801,0.022,0.956924924924925,0.953957561180207,0.976484810335244,0.830104732349111,0.995815737537945,0.4031783085991,0.401222261001404
