"","intercept class1","intercept class2","age.centered class1","age.centered class2","varcov 1","varcov 2","varcov 3","stderr","bic.select","icl.select","ARI","MCR","RI","JI","FMI","mean.pprob.misc","mean.pprob.correct","btr.est.hm1","btr.est.best"
"1",7.40420277630108,6.07416528649686,-1.43870818038056,-0.489203447339914,0.934883862969649,0.120885593171189,0.0156311679102303,1.40649579502493,2,2,0.680764680459088,0.025,0.951201201201201,0.948151756352606,0.973467678735508,0.847228931626049,0.997494510893535,0.355653451965369,0.362316616478298
