"","intercept class1","intercept class2","age.centered class1","age.centered class2","varcov 1","varcov 2","varcov 3","stderr","bic.select","icl.select","ARI","MCR","RI","JI","FMI","mean.pprob.misc","mean.pprob.correct","btr.est.hm1","btr.est.best"
"1",7.55578899622822,5.91789703623194,-1.48745813977715,-0.499693659143186,0.934413274332104,0.147178205977226,0.0368541458861801,1.39774881755259,2,2,0.796954071901023,0.017,0.966544544544545,0.963877324271861,0.981618625293243,0.80461682448086,0.99828801662906,0.409272616085313,0.406923590286317
