"","intercept class1","intercept class2","age.centered class1","age.centered class2","varcov 1","varcov 2","varcov 3","stderr","bic.select","icl.select","ARI","MCR","RI","JI","FMI","mean.pprob.misc","mean.pprob.correct","btr.est.hm1","btr.est.best"
"1",6.03911818841539,7.1745187161791,-0.500288631439506,-1.7415337285615,1.04990047810635,0.143708194943904,0.0196704793601999,1.43640720386067,2,2,0.616058178017268,0.029,0.943625625625626,0.940577031025125,0.969518029206464,0.804496163364704,0.999054801105194,0.374721976561888,0.380594742861877
