"","intercept class1","intercept class2","age.centered class1","age.centered class2","varcov 1","varcov 2","varcov 3","stderr","bic.select","icl.select","ARI","MCR","RI","JI","FMI","mean.pprob.misc","mean.pprob.correct","btr.est.hm1","btr.est.best"
"1",7.04420731521332,5.97758838162205,-1.44100977077878,-0.487226952771213,0.949032508804974,0.119353608812571,0.0150107982742993,1.43214942907424,2,2,0.745634006999856,0.021,0.958840840840841,0.955830221676041,0.977440125209654,0.724155436781759,0.993368647288191,0.36463374726132,0.3658397168383
