"","intercept class1","intercept class2","age.centered class1","age.centered class2","varcov 1","varcov 2","varcov 3","stderr","bic.select","icl.select","ARI","MCR","RI","JI","FMI","mean.pprob.misc","mean.pprob.correct","btr.est.hm1","btr.est.best"
"1",7.2399152752651,6.05753123467114,-1.54083402254806,-0.488710165923713,1.00357803273482,0.128277421121232,0.0163965884396703,1.40220607776197,2,2,0.698420590525876,0.025,0.951201201201201,0.947845567247658,0.973248224291684,0.809834860163901,0.997463972069263,0.388805864946612,0.389130784278294
