"","intercept class1","intercept class2","age.centered class1","age.centered class2","varcov 1","varcov 2","varcov 3","stderr","bic.select","icl.select","ARI","MCR","RI","JI","FMI","mean.pprob.misc","mean.pprob.correct","btr.est.hm1","btr.est.best"
"1",8.00275011297804,5.97009930666435,-1.472760267073,-0.521547254568735,0.935579263543723,0.138623926908607,0.0205398182848814,1.44179691116866,2,2,0.581534505622292,0.03,0.941741741741742,0.938954293338256,0.968749478616976,0.910838950646078,0.999597332262989,0.338457568103814,0.345712493022019
