"","intercept class1","intercept class2","age.centered class1","age.centered class2","varcov 1","varcov 2","varcov 3","stderr","bic.select","icl.select","ARI","MCR","RI","JI","FMI","mean.pprob.misc","mean.pprob.correct","btr.est.hm1","btr.est.best"
"1",7.15765444069118,6.01212962902267,-1.60611587681682,-0.506768063134114,0.864453247844781,0.116158629108021,0.0156085272243648,1.4126323918114,2,2,0.625044785638764,0.028,0.945513513513514,0.942566526684534,0.970590618145063,0.826463492625068,0.998671958059056,0.331582949276411,0.335792072484823
