"","intercept class1","intercept class2","age.centered class1","age.centered class2","varcov 1","varcov 2","varcov 3","stderr","bic.select","icl.select","ARI","MCR","RI","JI","FMI","mean.pprob.misc","mean.pprob.correct","btr.est.hm1","btr.est.best"
"1",6.05993584684346,7.44839312323312,-0.50027048089974,-1.50755809460885,0.959253475289198,0.138181160977171,0.0236082904086231,1.38322611588326,2,2,0.521130861181681,0.108,0.807135135135135,0.765251717919977,0.868726592699412,0.714132912911512,0.965272150590977,0.464008243452707,0.464789158886785
