"","intercept class1","intercept class2","age.centered class1","age.centered class2","varcov 1","varcov 2","varcov 3","stderr","bic.select","icl.select","ARI","MCR","RI","JI","FMI","mean.pprob.misc","mean.pprob.correct","btr.est.hm1","btr.est.best"
"1",7.44637411992515,5.9737780128578,-1.38844195595745,-0.515986571859391,0.949111854544303,0.106696767686217,0.0120004805311385,1.42259307279749,2,2,0.515888552928699,0.11,0.804004004004004,0.761043500334393,0.865812852061773,0.753488603188402,0.954600027022623,0.453035855649156,0.452975718263639
