"","intercept class1","intercept class2","age.centered class1","age.centered class2","varcov 1","varcov 2","varcov 3","stderr","bic.select","icl.select","ARI","MCR","RI","JI","FMI","mean.pprob.misc","mean.pprob.correct","btr.est.hm1","btr.est.best"
"1",7.69860492968799,5.87814998784496,-1.45094296038718,-0.491348619152238,0.93312861681941,0.15753413768013,0.042047286621913,1.42067220634113,2,2,0.558946652305862,0.106,0.810282282282282,0.757360057764099,0.861978641912535,0.703403419739745,0.975784769968232,0.516000915952033,0.514539299960253
