"","intercept class1","intercept class2","age.centered class1","age.centered class2","varcov 1","varcov 2","varcov 3","stderr","bic.select","icl.select","ARI","MCR","RI","JI","FMI","mean.pprob.misc","mean.pprob.correct","btr.est.hm1","btr.est.best"
"1",7.57840879058617,5.9777474143338,-1.50330332945146,-0.507952613263206,0.996350392659664,0.146634861929801,0.0215805449710056,1.42391182095675,2,2,0.51478372092648,0.113,0.799337337337337,0.75240600760832,0.859501970674607,0.753504480712845,0.970336221043431,0.474128138448391,0.475931421283564
