"","intercept class1","intercept class2","age.centered class1","age.centered class2","varcov 1","varcov 2","varcov 3","stderr","bic.select","icl.select","ARI","MCR","RI","JI","FMI","mean.pprob.misc","mean.pprob.correct","btr.est.hm1","btr.est.best"
"1",7.44640210663595,5.98248354565183,-1.49907812624409,-0.521540435722478,1.07705097454624,0.1588183551187,0.0234200848078961,1.39180673005382,2,2,0.505621895549797,0.112,0.800888888888889,0.758566781570132,0.864411230888293,0.763358600215576,0.970255676898449,0.479384256087122,0.480897690067037
