"","intercept class1","intercept class2","age.centered class1","age.centered class2","varcov 1","varcov 2","varcov 3","stderr","bic.select","icl.select","ARI","MCR","RI","JI","FMI","mean.pprob.misc","mean.pprob.correct","btr.est.hm1","btr.est.best"
"1",6.0035112946366,7.58236264982332,-0.479170217283838,-1.48985369470926,0.883653360682597,0.105964009748694,0.0211693103330914,1.39810594480329,2,2,0.579983692578166,0.097,0.824642642642643,0.778674233618694,0.876116228390505,0.732573512586293,0.972329470963031,0.479405629693729,0.480672596986083
