"","intercept class1","intercept class2","age.centered class1","age.centered class2","varcov 1","varcov 2","varcov 3","stderr","bic.select","icl.select","ARI","MCR","RI","JI","FMI","mean.pprob.misc","mean.pprob.correct","btr.est.hm1","btr.est.best"
"1",6.02046326852971,7.36765063765943,-0.435916902245394,-1.48683741220824,0.89058597532163,0.104027103838807,0.0121512128060995,1.40464211406918,2,2,0.50575463468126,0.117,0.793171171171171,0.743606988633543,0.853432880421886,0.730678146418631,0.960210943087392,0.467895334699296,0.469498246617157
