"","intercept class1","intercept class2","age.centered class1","age.centered class2","varcov 1","varcov 2","varcov 3","stderr","bic.select","icl.select","ARI","MCR","RI","JI","FMI","mean.pprob.misc","mean.pprob.correct","btr.est.hm1","btr.est.best"
"1",6.01909599184304,7.49766683544197,-0.509904052989191,-1.57789378655339,0.921851174777703,0.127674008026702,0.0176825280309174,1.40621833665844,2,2,0.531395943102504,0.106,0.810282282282282,0.767809276456031,0.870166935641632,0.741749518069257,0.978353285894201,0.460442855855577,0.463549250610552
