"","intercept class1","intercept class2","age.centered class1","age.centered class2","varcov 1","varcov 2","varcov 3","stderr","bic.select","icl.select","ARI","MCR","RI","JI","FMI","mean.pprob.misc","mean.pprob.correct","btr.est.hm1","btr.est.best"
"1",6.09418986552862,7.62886462414915,-0.505513706573922,-1.54949998724045,1.02096559194548,0.135017155350141,0.0178552886243549,1.40316625408202,2,2,0.573904116413314,0.097,0.824642642642643,0.780965551043271,0.877968165572599,0.76028782481649,0.97392887063261,0.492284514901763,0.493572516760743
