"","intercept class1","intercept class2","age.centered class1","age.centered class2","varcov 1","varcov 2","varcov 3","stderr","bic.select","icl.select","ARI","MCR","RI","JI","FMI","mean.pprob.misc","mean.pprob.correct","btr.est.hm1","btr.est.best"
"1",7.44789379251752,5.84550281267924,-1.44676829949664,-0.546215367393936,0.949337197581724,0.143283889948362,0.0216332447306637,1.34180208873778,2,2,0.583265233189791,0.098,0.823031031031031,0.774030767972269,0.872827096964655,0.746625426484622,0.972006949467415,0.50601697256631,0.506666183096901
