"","intercept class1","intercept class2","age.centered class1","age.centered class2","varcov 1","varcov 2","varcov 3","stderr","bic.select","icl.select","ARI","MCR","RI","JI","FMI","mean.pprob.misc","mean.pprob.correct","btr.est.hm1","btr.est.best"
"1",7.590495881027,5.97108783819491,-1.51705130813749,-0.52623597374845,0.95897952953411,0.16146965540809,0.027188036899847,1.43316647552556,2,2,0.568189413683602,0.099,0.821423423423423,0.776613808025965,0.875067250019039,0.749661652399913,0.973819040076581,0.475152347176251,0.476101140461699
