"","intercept class1","intercept class2","age.centered class1","age.centered class2","varcov 1","varcov 2","varcov 3","stderr","bic.select","icl.select","ARI","MCR","RI","JI","FMI","mean.pprob.misc","mean.pprob.correct","btr.est.hm1","btr.est.best"
"1",7.60157837217016,5.94757715250964,-1.49276059473616,-0.523361068748845,0.89762991435401,0.17103596152449,0.0616465213419327,1.42105162968932,2,2,0.540712881382159,0.108,0.807135135135135,0.758220687370434,0.862894952012869,0.734969023402628,0.974133339060456,0.488493806650592,0.487768023424447
