"","intercept class1","intercept class2","age.centered class1","age.centered class2","varcov 1","varcov 2","varcov 3","stderr","bic.select","icl.select","ARI","MCR","RI","JI","FMI","mean.pprob.misc","mean.pprob.correct","btr.est.hm1","btr.est.best"
"1",6.01860101498578,7.21605762089841,-0.496756153140049,-1.63935177525417,0.992066316962607,0.186188334219291,0.0349434248455309,1.434559271291,2,2,0.506783955294325,0.11,0.804004004004004,0.764034977777349,0.868505889055539,0.776559243625414,0.9715861265644,0.449316846327983,0.449802507811016
