"","intercept class1","intercept class2","age.centered class1","age.centered class2","varcov 1","varcov 2","varcov 3","stderr","bic.select","icl.select","ARI","MCR","RI","JI","FMI","mean.pprob.misc","mean.pprob.correct","btr.est.hm1","btr.est.best"
"1",7.29123869748491,6.11721145426893,-1.61722867660538,-0.428830430799619,1.12645583630056,0.205342721298546,0.046879551719387,1.40701350381514,2,2,0.485139426297621,0.115,0.796246246246246,0.756500497645753,0.863814034546216,0.773175141193367,0.964730468857971,0.476642743363928,0.476867791367571
