"","intercept class1","intercept class2","age.centered class1","age.centered class2","varcov 1","varcov 2","varcov 3","stderr","bic.select","icl.select","ARI","MCR","RI","JI","FMI","mean.pprob.misc","mean.pprob.correct","btr.est.hm1","btr.est.best"
"1",6.11707693519374,7.41027673874108,-0.444792718653483,-1.60222838528146,0.985353235000823,0.137729280340617,0.034895778809858,1.38340478604807,2,2,0.490110072591157,0.113,0.799337337337337,0.760629812193118,0.866750321466851,0.773926370613255,0.973714315505848,0.488807409096762,0.487821221471102
