"","intercept class1","intercept class2","age.centered class1","age.centered class2","varcov 1","varcov 2","varcov 3","stderr","bic.select","icl.select","ARI","MCR","RI","JI","FMI","mean.pprob.misc","mean.pprob.correct","btr.est.hm1","btr.est.best"
"1",7.54039990118107,6.02297303084416,-1.48361222703939,-0.519689101567009,0.779700721831551,0.0888288804872745,0.0334216680553938,1.44146107191399,2,2,0.505621895549797,0.112,0.800888888888889,0.758566781570132,0.864411230888293,0.746911996387147,0.972233885224562,0.443555878577083,0.443139620247444
