"","intercept class1","intercept class2","age.centered class1","age.centered class2","varcov 1","varcov 2","varcov 3","stderr","bic.select","icl.select","ARI","MCR","RI","JI","FMI","mean.pprob.misc","mean.pprob.correct","btr.est.hm1","btr.est.best"
"1",7.44376917244761,5.90727235924409,-1.45706840122565,-0.578847765762857,0.85923633138259,0.109549485794819,0.0139672245993411,1.40709523267935,2,2,0.501074753326555,0.117,0.793171171171171,0.74533115749825,0.85480422656777,0.716518815709939,0.964860132825163,0.457305120789387,0.458118761741765
