"","intercept class1","intercept class2","age.centered class1","age.centered class2","varcov 1","varcov 2","varcov 3","stderr","bic.select","icl.select","ARI","MCR","RI","JI","FMI","mean.pprob.misc","mean.pprob.correct","btr.est.hm1","btr.est.best"
"1",5.97901188161868,7.42889250005869,-0.490020287597098,-1.5246367148172,0.923058586396638,0.155317547868634,0.0261358719409445,1.44991212127301,2,2,0.564836412467824,0.1,0.81981981981982,0.774638294462612,0.873778200680202,0.728103589504998,0.967241566090283,0.453224843835052,0.45432407580722
