"","intercept class1","intercept class2","age.centered class1","age.centered class2","varcov 1","varcov 2","varcov 3","stderr","bic.select","icl.select","ARI","MCR","RI","JI","FMI","mean.pprob.misc","mean.pprob.correct","btr.est.hm1","btr.est.best"
"1",7.37343260935847,6.13345090900532,-1.58145270960317,-0.483048975817823,0.909135481702585,0.131513119637671,0.025340112664775,1.42483997318249,2,2,0.490442939265927,0.112,0.800888888888889,0.763356635369922,0.868855191672564,0.750645651632607,0.971867275810751,0.440051682495163,0.439978915516131
