"","intercept class1","intercept class2","age.centered class1","age.centered class2","varcov 1","varcov 2","varcov 3","stderr","bic.select","icl.select","ARI","MCR","RI","JI","FMI","mean.pprob.misc","mean.pprob.correct","btr.est.hm1","btr.est.best"
"1",6.05486075122118,7.65699043602918,-0.471180604237331,-1.3075167786028,1.01296831256141,0.152358057461946,0.0281100334750646,1.39681090107938,2,2,0.478281481353202,0.122,0.785553553553554,0.738747835418648,0.850709530537993,0.718622371191069,0.96265544196958,0.476978293419178,0.475954714896102
