"","intercept class1","intercept class2","age.centered class1","age.centered class2","varcov 1","varcov 2","varcov 3","stderr","bic.select","icl.select","ARI","MCR","RI","JI","FMI","mean.pprob.misc","mean.pprob.correct","btr.est.hm1","btr.est.best"
"1",7.33886351946795,6.0379578374401,-1.63490000333244,-0.469682471040141,1.0719573217002,0.165678828775749,0.0345989437645771,1.37880320928342,2,2,0.470315814458738,0.122,0.785553553553554,0.741456797632668,0.853017177867902,0.760130536929537,0.97539039317723,0.500871237315001,0.500521675776445
