"","intercept class1","intercept class2","age.centered class1","age.centered class2","varcov 1","varcov 2","varcov 3","stderr","bic.select","icl.select","ARI","MCR","RI","JI","FMI","mean.pprob.misc","mean.pprob.correct","btr.est.hm1","btr.est.best"
"1",7.48781767518465,6.02672872126608,-1.48731397614052,-0.483396192316537,0.968369449573429,0.140957322908741,0.0261513509445663,1.40740203076721,2,2,0.520793527711768,0.11,0.804004004004004,0.759351847755016,0.864356994859994,0.732079782876405,0.974066279834388,0.463888117536178,0.464872902278366
