"","intercept class1","intercept class2","age.centered class1","age.centered class2","varcov 1","varcov 2","varcov 3","stderr","bic.select","icl.select","ARI","MCR","RI","JI","FMI","mean.pprob.misc","mean.pprob.correct","btr.est.hm1","btr.est.best"
"1",7.59087840650914,6.01323238088477,-1.37388833326347,-0.521104837750829,0.724950769784876,0.102833591441561,0.0149846619786876,1.4427717266568,2,2,0.486354886595416,0.121,0.787069069069069,0.738798895852571,0.850495671974064,0.67498868042345,0.96719403891667,0.42432294208519,0.424845410632506
