"","intercept class1","intercept class2","age.centered class1","age.centered class2","varcov 1","varcov 2","varcov 3","stderr","bic.select","icl.select","ARI","MCR","RI","JI","FMI","mean.pprob.misc","mean.pprob.correct","btr.est.hm1","btr.est.best"
"1",6.07558688128107,7.23324308128221,-0.468464466933444,-1.53135795068603,1.1027279555597,0.178831713043549,0.0450141405587101,1.40082180461766,2,2,0.547251183658581,0.104,0.813445445445445,0.768396041178898,0.869939658695275,0.705336859894473,0.945351125691168,0.483072598519836,0.483059176127199
