"","intercept class1","intercept class2","age.centered class1","age.centered class2","varcov 1","varcov 2","varcov 3","stderr","bic.select","icl.select","ARI","MCR","RI","JI","FMI","mean.pprob.misc","mean.pprob.correct","btr.est.hm1","btr.est.best"
"1",5.93935010739969,7.76572921259901,-0.516816802830625,-1.48242085612619,0.931609129351807,0.121366620259252,0.015811755033878,1.3863624315325,2,2,0.520489519884014,0.113,0.799337337337337,0.750296462381664,0.857819260364581,0.751924869331472,0.983313562807279,0.505925629103621,0.508355855798301
