"","intercept class1","intercept class2","age.centered class1","age.centered class2","varcov 1","varcov 2","varcov 3","stderr","bic.select","icl.select","ARI","MCR","RI","JI","FMI","mean.pprob.misc","mean.pprob.correct","btr.est.hm1","btr.est.best"
"1",7.6207914103317,6.00081304147099,-1.4513141224788,-0.460231540217796,0.846104097235215,0.098068886463594,0.0378461135026017,1.39518639497561,2,2,0.618217793046006,0.087,0.840978978978979,0.797553752204631,0.887993527281882,0.722932417535308,0.973671693486257,0.492673088336403,0.492898048881295
