"","intercept class1","intercept class2","age.centered class1","age.centered class2","varcov 1","varcov 2","varcov 3","stderr","bic.select","icl.select","ARI","MCR","RI","JI","FMI","mean.pprob.misc","mean.pprob.correct","btr.est.hm1","btr.est.best"
"1",7.32604430840996,6.02533903968978,-1.52351177100257,-0.506956472269688,1.02932878781084,0.100883476474859,0.00988748818747853,1.41899205771592,2,2,0.46816188740522,0.119,0.790112112112112,0.750540136675994,0.860052605217945,0.731140405530898,0.956432884050216,0.457328741743517,0.45827339623901
