"","intercept class1","intercept class2","age.centered class1","age.centered class2","varcov 1","varcov 2","varcov 3","stderr","bic.select","icl.select","ARI","MCR","RI","JI","FMI","mean.pprob.misc","mean.pprob.correct","btr.est.hm1","btr.est.best"
"1",7.56167354839462,6.08868748918598,-1.50834637597821,-0.478521734917516,0.961755239313706,0.126749495255464,0.0335676033702769,1.41461881818456,2,2,0.508767524748313,0.113,0.799337337337337,0.754540334035363,0.861277689404093,0.706535603376521,0.970441441882977,0.477807283540689,0.478346586280661
