"","intercept class1","intercept class2","age.centered class1","age.centered class2","varcov 1","varcov 2","varcov 3","stderr","bic.select","icl.select","ARI","MCR","RI","JI","FMI","mean.pprob.misc","mean.pprob.correct","btr.est.hm1","btr.est.best"
"1",6.06610842506421,7.32855338339324,-0.468969624638395,-1.65731412581313,1.05606976883555,0.123209962927555,0.0143747083885714,1.42088785944086,2,2,0.499240207667505,0.114,0.79778978978979,0.75483275887179,0.861884786619108,0.732447431223026,0.967953251721856,0.479012017661019,0.480494898848843
