"","intercept class1","intercept class2","age.centered class1","age.centered class2","varcov 1","varcov 2","varcov 3","stderr","bic.select","icl.select","ARI","MCR","RI","JI","FMI","mean.pprob.misc","mean.pprob.correct","btr.est.hm1","btr.est.best"
"1",7.4998750800654,6.02444403993467,-1.5450124878389,-0.495836178272499,0.859442914937753,0.164395241607491,0.0673899360957875,1.44020389506012,2,2,0.519127621634823,0.109,0.805567567567568,0.76293473803433,0.86708239118707,0.737995908127297,0.967057898593647,0.451458241664435,0.452821951678362
