"","intercept class1","intercept class2","age.centered class1","age.centered class2","varcov 1","varcov 2","varcov 3","stderr","bic.select","icl.select","ARI","MCR","RI","JI","FMI","mean.pprob.misc","mean.pprob.correct","btr.est.hm1","btr.est.best"
"1",7.40791141810628,6.05998228839038,-1.56866173961335,-0.495364088724635,1.17244864813484,0.138751631830697,0.0164204753935823,1.37955419097112,2,2,0.531395943102504,0.106,0.810282282282282,0.767809276456031,0.870166935641632,0.734536156508017,0.958830433600719,0.495524014116112,0.49733517584371
