"","intercept class1","intercept class2","age.centered class1","age.centered class2","varcov 1","varcov 2","varcov 3","stderr","bic.select","icl.select","ARI","MCR","RI","JI","FMI","mean.pprob.misc","mean.pprob.correct","btr.est.hm1","btr.est.best"
"1",7.60348661015622,6.02210477786349,-1.45887126435296,-0.519683580351701,0.872761347800221,0.124586414512778,0.0177846865963569,1.44122133315353,2,2,0.555926025321518,0.103,0.815033033033033,0.768348393826034,0.869605101758876,0.707457256103651,0.973303633466652,0.457833926587109,0.458238019820617
