"","intercept class1","intercept class2","age.centered class1","age.centered class2","varcov 1","varcov 2","varcov 3","stderr","bic.select","icl.select","ARI","MCR","RI","JI","FMI","mean.pprob.misc","mean.pprob.correct","btr.est.hm1","btr.est.best"
"1",5.95580015271317,7.63083851765607,-0.508148743708233,-1.39006610634796,1.00564235432301,0.138873422200094,0.0465816451288592,1.41050342809708,2,2,0.55276780006502,0.102,0.816624624624625,0.77268982221384,0.872838448138767,0.710024888331134,0.964333466782431,0.492675085940701,0.492012178674857
