"","intercept class1","intercept class2","age.centered class1","age.centered class2","varcov 1","varcov 2","varcov 3","stderr","bic.select","icl.select","ARI","MCR","RI","JI","FMI","mean.pprob.misc","mean.pprob.correct","btr.est.hm1","btr.est.best"
"1",7.76452129530792,5.96087594155388,-1.24876400841312,-0.507305313887654,0.992597154305449,0.196728119670466,0.0431240413528726,1.41872729931308,2,2,0.579690357615923,0.095,0.827877877877878,0.785330836454432,0.880878184043582,0.713049749279744,0.974844012032563,0.474517113344017,0.473915513413725
