"","intercept class1","intercept class2","age.centered class1","age.centered class2","varcov 1","varcov 2","varcov 3","stderr","bic.select","icl.select","ARI","MCR","RI","JI","FMI","mean.pprob.misc","mean.pprob.correct","btr.est.hm1","btr.est.best"
"1",6.00143741996713,7.343928369471,-0.520555443822155,-1.59434502504709,1.06356433520513,0.128311108535207,0.0154797792971766,1.41229052091535,2,2,0.510612504557259,0.108,0.807135135135135,0.768643310694627,0.871847097861827,0.757456412998225,0.96231390569136,0.472863515526923,0.474086550276911
