"","intercept class1","intercept class2","age.centered class1","age.centered class2","varcov 1","varcov 2","varcov 3","stderr","bic.select","icl.select","ARI","MCR","RI","JI","FMI","mean.pprob.misc","mean.pprob.correct","btr.est.hm1","btr.est.best"
"1",6.04171761133947,7.36671373174858,-0.467037609260515,-1.59291711733582,0.920691452019396,0.189317039753299,0.0462171992868536,1.40672019236041,2,2,0.488468721040324,0.117,0.793171171171171,0.749711702457555,0.858493489198879,0.736536951968307,0.976532598948569,0.466427087840701,0.466526346035915
