"","intercept class1","intercept class2","age.centered class1","age.centered class2","varcov 1","varcov 2","varcov 3","stderr","bic.select","icl.select","ARI","MCR","RI","JI","FMI","mean.pprob.misc","mean.pprob.correct","btr.est.hm1","btr.est.best"
"1",5.99397773164965,7.77250690736193,-0.541545020162415,-1.49595696646346,1.14747419362107,0.178187349640743,0.036606408848511,1.40755273444376,2,2,0.543182906086056,0.101,0.81822022022022,0.779058506341188,0.878044531723063,0.792950003684154,0.980682742814763,0.505917160696444,0.504793339353155
