"","intercept class1","intercept class2","age.centered class1","age.centered class2","varcov 1","varcov 2","varcov 3","stderr","bic.select","icl.select","ARI","MCR","RI","JI","FMI","mean.pprob.misc","mean.pprob.correct","btr.est.hm1","btr.est.best"
"1",7.69149239975572,5.86813341472625,-1.3666100697342,-0.518116448202431,0.667044897489737,0.0831958147891295,0.0103764315942895,1.41737540458076,2,2,0.530978104638632,0.109,0.805567567567568,0.758753713621414,0.863557038262071,0.737304363799557,0.985961912506635,0.447381149520689,0.448437512607819
