"","intercept class1","intercept class2","age.centered class1","age.centered class2","varcov 1","varcov 2","varcov 3","stderr","bic.select","icl.select","ARI","MCR","RI","JI","FMI","mean.pprob.misc","mean.pprob.correct","btr.est.hm1","btr.est.best"
"1",7.42548143653317,6.02391305624877,-1.53961310020351,-0.502998600792769,0.972814404241869,0.158735137462635,0.0566704650540074,1.4018655737195,2,2,0.524019447436736,0.109,0.805567567567568,0.761251671648836,0.865627280246012,0.69334818537549,0.967542681223711,0.489709082101011,0.488596086133625
