"","intercept class1","intercept class2","age.centered class1","age.centered class2","varcov 1","varcov 2","varcov 3","stderr","bic.select","icl.select","ARI","MCR","RI","JI","FMI","mean.pprob.misc","mean.pprob.correct","btr.est.hm1","btr.est.best"
"1",5.98032978674527,7.40890865350121,-0.528674003965397,-1.59544499886546,1.17965269657021,0.141853469945634,0.0170579080480918,1.39173918675578,2,2,0.537680996673011,0.103,0.815033033033033,0.774798908009555,0.875106044904303,0.764963030108086,0.969767913852721,0.495214717304375,0.49828613320246
