"","intercept class1","intercept class2","age.centered class1","age.centered class2","varcov 1","varcov 2","varcov 3","stderr","bic.select","icl.select","ARI","MCR","RI","JI","FMI","mean.pprob.misc","mean.pprob.correct","btr.est.hm1","btr.est.best"
"1",6.09806628972844,7.10285585663934,-0.508030004992126,-1.70891588035874,1.03728367562703,0.106185680922437,0.0108701345785534,1.40792357193162,2,2,0.482734229436577,0.113,0.799337337337337,0.76283871395175,0.86888497254596,0.789682088512976,0.95839457090376,0.446111893179778,0.448355178949811
