"","intercept class1","intercept class2","age.centered class1","age.centered class2","varcov 1","varcov 2","varcov 3","stderr","bic.select","icl.select","ARI","MCR","RI","JI","FMI","mean.pprob.misc","mean.pprob.correct","btr.est.hm1","btr.est.best"
"1",7.61168832137442,6.09231191416375,-1.5209261776381,-0.504495711484021,0.935956847054516,0.0878077019121102,0.00823778852918867,1.41987735130388,2,2,0.445973149561852,0.12,0.788588588588589,0.754257443253483,0.864185403415772,0.803900396249406,0.977478323945486,0.454446662966065,0.453082917630679
