"","intercept class1","intercept class2","age.centered class1","age.centered class2","varcov 1","varcov 2","varcov 3","stderr","bic.select","icl.select","ARI","MCR","RI","JI","FMI","mean.pprob.misc","mean.pprob.correct","btr.est.hm1","btr.est.best"
"1",6.68753289638021,5.31050748837899,-0.531912275242504,-1.01081290268651,1.06873589222511,-0.195342852375523,0.137328359656469,1.42228251342982,3,2,-0.0597167049579257,0.2,0.593771771771772,0.574752703495683,0.733372334548904,0.858143743460966,0.77820646276014,0.478144847786708,0.47839793537319
