"","intercept class1","intercept class2","age.centered class1","age.centered class2","varcov 1","varcov 2","varcov 3","stderr","bic.select","icl.select","ARI","MCR","RI","JI","FMI","mean.pprob.misc","mean.pprob.correct","btr.est.hm1","btr.est.best"
"1",6.09372408715639,7.428483319974,-0.436183730937594,-1.51719936467842,1.13815167976612,0.201393702483418,0.0379535882263429,1.4306194106404,2,2,0.537086681115933,0.105,0.811861861861862,0.768903326710079,0.870724981690737,0.736131885411789,0.964628953758142,0.485232366508171,0.484101974879671
