"","intercept class1","intercept class2","age.centered class1","age.centered class2","varcov 1","varcov 2","varcov 3","stderr","bic.select","icl.select","ARI","MCR","RI","JI","FMI","mean.pprob.misc","mean.pprob.correct","btr.est.hm1","btr.est.best"
"1",7.67385580113038,6.00765422365989,-1.42175806545157,-0.52271015335171,0.862402265525263,0.126480423426845,0.0185496932867895,1.40573973239372,2,2,0.466137817802476,0.122,0.785553553553554,0.74282366725249,0.854221762913811,0.776551283384482,0.979428237108919,0.45267117113248,0.455112890971773
