"","intercept class1","intercept class2","age.centered class1","age.centered class2","varcov 1","varcov 2","varcov 3","stderr","bic.select","icl.select","ARI","MCR","RI","JI","FMI","mean.pprob.misc","mean.pprob.correct","btr.est.hm1","btr.est.best"
"1",6.13127366326151,7.34940619334541,-0.437003589006971,-1.65407397041815,1.01652781772141,0.160663437554055,0.0253935196693227,1.40381471546759,2,2,0.472001538844945,0.121,0.787069069069069,0.743728073557192,0.854663259121027,0.742915066441278,0.9723280720673,0.471229975141872,0.474353599271196
