"","intercept class1","intercept class2","age.centered class1","age.centered class2","varcov 1","varcov 2","varcov 3","stderr","bic.select","icl.select","ARI","MCR","RI","JI","FMI","mean.pprob.misc","mean.pprob.correct","btr.est.hm1","btr.est.best"
"1",7.52215886310708,5.98110394173325,-1.49734616262523,-0.453943567773246,1.01696872519117,0.13357066347783,0.0274197905448169,1.38630528580131,2,2,0.606082817407227,0.091,0.834396396396396,0.788606812094944,0.882204277036176,0.703691579793924,0.971251328468253,0.517848367525558,0.516213187509691
