"","intercept class1","intercept class2","age.centered class1","age.centered class2","varcov 1","varcov 2","varcov 3","stderr","bic.select","icl.select","ARI","MCR","RI","JI","FMI","mean.pprob.misc","mean.pprob.correct","btr.est.hm1","btr.est.best"
"1",7.36800729589956,6.01197640978422,-1.59830894083635,-0.478998870622096,1.04393598616467,0.0823325431910604,0.00649381950579062,1.4148380805014,2,2,0.569740427925793,0.096,0.826258258258258,0.785649714723245,0.881590490058801,0.725940645246683,0.966731913551969,0.500227308524019,0.499481786839251
