"","intercept class1","intercept class2","age.centered class1","age.centered class2","varcov 1","varcov 2","varcov 3","stderr","bic.select","icl.select","ARI","MCR","RI","JI","FMI","mean.pprob.misc","mean.pprob.correct","btr.est.hm1","btr.est.best"
"1",7.51993997122701,6.07301180056878,-1.50207355683741,-0.509210595170069,0.989221738989169,0.0816836130627476,0.00674491108937554,1.42830511812204,2,2,0.493902239742616,0.114,0.79778978978979,0.756581674458958,0.86344890173674,0.751714066705015,0.964431185889447,0.460569934903652,0.462279483757536
