"","intercept class1","intercept class2","age.centered class1","age.centered class2","varcov 1","varcov 2","varcov 3","stderr","bic.select","icl.select","ARI","MCR","RI","JI","FMI","mean.pprob.misc","mean.pprob.correct","btr.est.hm1","btr.est.best"
"1",6.11432200402586,7.75022129225748,-0.493074220874721,-1.40914456955536,1.18622786500139,0.184836006489234,0.0288008318989285,1.42708121375386,2,2,0.426138205437092,0.127,0.778036036036036,0.741402714932127,0.85501342645996,0.800409072550264,0.974211260823513,0.465447960743126,0.467945419417201
