"","intercept class1","intercept class2","age.centered class1","age.centered class2","varcov 1","varcov 2","varcov 3","stderr","bic.select","icl.select","ARI","MCR","RI","JI","FMI","mean.pprob.misc","mean.pprob.correct","btr.est.hm1","btr.est.best"
"1",5.97714112545879,7.68802456815363,-0.557858147974502,-1.42957075847484,0.940484176063854,0.119203338995454,0.0229466665230996,1.41174816116396,2,2,0.432772399867891,0.127,0.778036036036036,0.739492382447204,0.853171067398475,0.783050698384433,0.976844823178309,0.451367650864308,0.452135215652602
