"","intercept class1","intercept class2","age.centered class1","age.centered class2","varcov 1","varcov 2","varcov 3","stderr","bic.select","icl.select","ARI","MCR","RI","JI","FMI","mean.pprob.misc","mean.pprob.correct","btr.est.hm1","btr.est.best"
"1",7.62938680746624,6.00317349361513,-1.54919684060905,-0.508483517280054,1.01610737597749,0.143485941688134,0.0202618502474439,1.40735259246209,2,2,0.57196115095374,0.096,0.826258258258258,0.784876082634713,0.880906332943146,0.740437665557408,0.980924857860149,0.493879638164995,0.496112455556018
