"","intercept class1","intercept class2","age.centered class1","age.centered class2","varcov 1","varcov 2","varcov 3","stderr","bic.select","icl.select","ARI","MCR","RI","JI","FMI","mean.pprob.misc","mean.pprob.correct","btr.est.hm1","btr.est.best"
"1",6.08899650653493,7.54975338694156,-0.499696800482144,-1.38609954407626,0.983915352881227,0.159912334655136,0.0290837212632851,1.39392437700033,2,2,0.535315130447117,0.108,0.807135135135135,0.760260404742233,0.864498431487012,0.734222241222598,0.957743366424921,0.466282972806889,0.465913333538876
