"","intercept class1","intercept class2","age.centered class1","age.centered class2","varcov 1","varcov 2","varcov 3","stderr","bic.select","icl.select","ARI","MCR","RI","JI","FMI","mean.pprob.misc","mean.pprob.correct","btr.est.hm1","btr.est.best"
"1",7.41011482169065,6.06772838009065,-1.55763634693837,-0.48997650539766,1.01285481884145,0.138627092986609,0.0290520290997708,1.41558701908349,2,2,0.548227249063868,0.102,0.816624624624625,0.774294021980188,0.874212524279845,0.715882941472554,0.963478295442283,0.470886473549496,0.4721594521204
