"","intercept class1","intercept class2","age.centered class1","age.centered class2","varcov 1","varcov 2","varcov 3","stderr","bic.select","icl.select","ARI","MCR","RI","JI","FMI","mean.pprob.misc","mean.pprob.correct","btr.est.hm1","btr.est.best"
"1",7.59519231690396,5.96657046228687,-1.41939343159066,-0.474042103802268,0.782019460123401,0.129210648230674,0.0213491561999593,1.43995084131827,2,2,0.525838111720894,0.112,0.800888888888889,0.751363729544057,0.858439236792783,0.732835002114648,0.980593095558859,0.455726412891547,0.456497064697198
