"","intercept class1","intercept class2","age.centered class1","age.centered class2","varcov 1","varcov 2","varcov 3","stderr","bic.select","icl.select","ARI","MCR","RI","JI","FMI","mean.pprob.misc","mean.pprob.correct","btr.est.hm1","btr.est.best"
"1",7.51779171895332,5.95599875700391,-1.55148180553629,-0.545876292839811,0.931830892755299,0.155609025774084,0.0259862962118902,1.43602212047227,2,2,0.563784378700871,0.1,0.81981981981982,0.775029246197994,0.874096933394501,0.732209618057087,0.972591826723529,0.473591730127252,0.473096017032401
