"","intercept class1","intercept class2","age.centered class1","age.centered class2","varcov 1","varcov 2","varcov 3","stderr","bic.select","icl.select","ARI","MCR","RI","JI","FMI","mean.pprob.misc","mean.pprob.correct","btr.est.hm1","btr.est.best"
"1",7.63692972166257,5.91998028907472,-1.5164636603333,-0.519926839829155,1.08757928572643,0.149499085319516,0.0205502066035087,1.42100611119194,2,2,0.579951367300704,0.094,0.829501501501501,0.788467079313668,0.883159859550492,0.770519667083103,0.973920053635127,0.497525458850956,0.499213282455767
