"","intercept class1","intercept class2","age.centered class1","age.centered class2","varcov 1","varcov 2","varcov 3","stderr","bic.select","icl.select","ARI","MCR","RI","JI","FMI","mean.pprob.misc","mean.pprob.correct","btr.est.hm1","btr.est.best"
"1",7.195962240873,6.01359602323536,-1.60391654680334,-0.452956008938338,1.06121470118229,0.131148444061473,0.0178933801234393,1.39382326887897,2,2,0.504184278667784,0.116,0.794706706706707,0.747198185538545,0.856063007038317,0.695501097177723,0.951239359391668,0.486182182304112,0.4875782122117
