"","intercept class1","intercept class2","age.centered class1","age.centered class2","varcov 1","varcov 2","varcov 3","stderr","bic.select","icl.select","ARI","MCR","RI","JI","FMI","mean.pprob.misc","mean.pprob.correct","btr.est.hm1","btr.est.best"
"1",7.76520541307523,6.02739964386746,-1.4477238812595,-0.523682011147347,0.905906377005897,0.109698368958071,0.0334300531062101,1.39197522520755,2,2,0.462858816887916,0.124,0.782534534534535,0.738293258805956,0.850923441248506,0.770174837789193,0.980092165653688,0.484370019866519,0.485493647259318
