"","intercept class1","intercept class2","age.centered class1","age.centered class2","varcov 1","varcov 2","varcov 3","stderr","bic.select","icl.select","ARI","MCR","RI","JI","FMI","mean.pprob.misc","mean.pprob.correct","btr.est.hm1","btr.est.best"
"1",6.01405182454475,7.50026350326073,-0.467989181203105,-1.40422588428402,0.919323438748992,0.105325100629444,0.0220666340253627,1.42566946655422,2,2,0.518457937542804,0.114,0.79778978978979,0.747981436199411,0.856228516548972,0.744970483721382,0.953453071115325,0.472917261126071,0.471975997903539
