"","intercept class1","intercept class2","age.centered class1","age.centered class2","varcov 1","varcov 2","varcov 3","stderr","bic.select","icl.select","ARI","MCR","RI","JI","FMI","mean.pprob.misc","mean.pprob.correct","btr.est.hm1","btr.est.best"
"1",7.63419075659586,6.0082088141352,-1.55442736978883,-0.514462691157515,1.01800599288199,0.134508754083658,0.0177730534627214,1.42817876037922,2,2,0.549380568452445,0.102,0.816624624624625,0.773891749650702,0.873863367951254,0.715466929551197,0.977328497157545,0.485885224601155,0.487177676911971
