"","intercept class1","intercept class2","age.centered class1","age.centered class2","varcov 1","varcov 2","varcov 3","stderr","bic.select","icl.select","ARI","MCR","RI","JI","FMI","mean.pprob.misc","mean.pprob.correct","btr.est.hm1","btr.est.best"
"1",6.06789646495438,7.48256965602319,-0.502743260281049,-1.60825260387176,0.830290248661682,0.104931239225293,0.0132640642634358,1.41194772782196,2,2,0.498450108533651,0.113,0.799337337337337,0.758001352069149,0.86431412843549,0.773078162623561,0.971844525535892,0.454741673786968,0.454340323323992
