"","intercept class1","intercept class2","age.centered class1","age.centered class2","varcov 1","varcov 2","varcov 3","stderr","bic.select","icl.select","ARI","MCR","RI","JI","FMI","mean.pprob.misc","mean.pprob.correct","btr.est.hm1","btr.est.best"
"1",5.9199891565747,7.47634803230061,-0.513821625741691,-1.57847455855573,0.958428063259934,0.128308042809323,0.0171770641331636,1.39967328711607,2,2,0.551651286155272,0.103,0.815033033033033,0.769940437653762,0.870890512397548,0.732419751345358,0.982204357266281,0.496866208965316,0.497827782808023
