"","intercept class1","intercept class2","age.centered class1","age.centered class2","varcov 1","varcov 2","varcov 3","stderr","bic.select","icl.select","ARI","MCR","RI","JI","FMI","mean.pprob.misc","mean.pprob.correct","btr.est.hm1","btr.est.best"
"1",7.52405909392798,6.03896282042545,-1.42978752072872,-0.500943374147986,0.995323370209574,0.1344299544052,0.0181563263347431,1.39579272814726,2,2,0.498450108533651,0.113,0.799337337337337,0.758001352069149,0.86431412843549,0.761211047383866,0.972235316490865,0.463081892444769,0.46429217097245
