"","intercept class1","intercept class2","age.centered class1","age.centered class2","varcov 1","varcov 2","varcov 3","stderr","bic.select","icl.select","ARI","MCR","RI","JI","FMI","mean.pprob.misc","mean.pprob.correct","btr.est.hm1","btr.est.best"
"1",6.00366945577567,7.21812392857655,-0.518194854840266,-1.59373275879876,1.11761729780178,0.128913230466136,0.0148696889908962,1.41731289043423,2,2,0.548759043835141,0.099,0.821423423423423,0.783329284881461,0.880992348579818,0.717916923912616,0.952594468924127,0.468097145062271,0.470109841682631
