"","intercept class1","intercept class2","age.centered class1","age.centered class2","varcov 1","varcov 2","varcov 3","stderr","bic.select","icl.select","ARI","MCR","RI","JI","FMI","mean.pprob.misc","mean.pprob.correct","btr.est.hm1","btr.est.best"
"1",7.39266888108881,6.09826463308806,-1.57463590006536,-0.493423432379949,1.09443962140677,0.153133574788669,0.0214271095777358,1.39433802123547,2,2,0.546138593285941,0.104,0.813445445445445,0.768799436289834,0.870274271304491,0.717169817346372,0.957337948864883,0.48528986533476,0.48676175191251
