"","intercept class1","intercept class2","age.centered class1","age.centered class2","varcov 1","varcov 2","varcov 3","stderr","bic.select","icl.select","ARI","MCR","RI","JI","FMI","mean.pprob.misc","mean.pprob.correct","btr.est.hm1","btr.est.best"
"1",7.64378052353066,6.02690674793023,-1.4298976934223,-0.497188024778898,0.968058416489822,0.149511326810884,0.0230912171789587,1.3937460636005,2,2,0.538263671297569,0.105,0.811861861861862,0.768493427405845,0.870371410063983,0.734745300821764,0.971823412024116,0.477495018973531,0.477525809932808
