"","intercept class1","intercept class2","age.centered class1","age.centered class2","varcov 1","varcov 2","varcov 3","stderr","bic.select","icl.select","ARI","MCR","RI","JI","FMI","mean.pprob.misc","mean.pprob.correct","btr.est.hm1","btr.est.best"
"1",5.99736090390771,7.52100686787933,-0.488641840545212,-1.47678024298196,1.07455332800973,0.154469171077498,0.0289272985709658,1.38492923697273,2,2,0.521868546861738,0.107,0.808706706706707,0.767989996114996,0.870756241837792,0.76335207343907,0.971117906614497,0.494721987714346,0.49434737903994
