"","intercept class1","intercept class2","age.centered class1","age.centered class2","varcov 1","varcov 2","varcov 3","stderr","bic.select","icl.select","ARI","MCR","RI","JI","FMI","mean.pprob.misc","mean.pprob.correct","btr.est.hm1","btr.est.best"
"1",6.01228925902473,7.21842951696784,-0.459113052840099,-1.62122019730282,1.05663240086817,0.199382597492734,0.0535143687316332,1.39927190255305,2,2,0.511977376603931,0.108,0.807135135135135,0.768216923706181,0.871443742569483,0.750788483148268,0.969629983540843,0.48545762811613,0.483994410193967
