"","intercept class1","intercept class2","age.centered class1","age.centered class2","varcov 1","varcov 2","varcov 3","stderr","bic.select","icl.select","ARI","MCR","RI","JI","FMI","mean.pprob.misc","mean.pprob.correct","btr.est.hm1","btr.est.best"
"1",7.73128452743686,5.9482602241533,-1.39452331173298,-0.536938097674925,0.787991538501103,0.142731609559611,0.0258571110895232,1.41670583287779,2,2,0.57196115095374,0.096,0.826258258258258,0.784876082634713,0.880906332943146,0.769799293280044,0.98191605850626,0.444010204193717,0.444550213901092
