"","intercept class1","intercept class2","age.centered class1","age.centered class2","varcov 1","varcov 2","varcov 3","stderr","bic.select","icl.select","ARI","MCR","RI","JI","FMI","mean.pprob.misc","mean.pprob.correct","btr.est.hm1","btr.est.best"
"1",7.08230311237202,6.02499590189131,-1.63171384664867,-0.476583124800726,1.11341978342484,0.211415942682102,0.0401440734318628,1.38284421914503,2,2,0.476988904229057,0.122,0.785553553553554,0.739196914656356,0.851084766363469,0.713874531597937,0.958252603847652,0.47936050471943,0.482389059784709
