"","intercept class1","intercept class2","age.centered class1","age.centered class2","varcov 1","varcov 2","varcov 3","stderr","bic.select","icl.select","ARI","MCR","RI","JI","FMI","mean.pprob.misc","mean.pprob.correct","btr.est.hm1","btr.est.best"
"1",5.83289731273906,7.66733169275064,-0.550726958898447,-1.3211442688145,0.811685118652954,0.139909936957048,0.0463901085749995,1.4135918976836,2,2,0.506059652751682,0.118,0.79163963963964,0.740451085818029,0.851184801914549,0.759002520314511,0.977770124672013,0.474488581344835,0.473791636982912
