"","intercept class1","intercept class2","age.centered class1","age.centered class2","varcov 1","varcov 2","varcov 3","stderr","bic.select","icl.select","ARI","MCR","RI","JI","FMI","mean.pprob.misc","mean.pprob.correct","btr.est.hm1","btr.est.best"
"1",5.99010801481171,7.52522036909068,-0.500540307565651,-1.52646850232637,1.00689034905011,0.122641421009722,0.0319649326597862,1.36832201731385,2,2,0.557119511515587,0.102,0.816624624624625,0.771099271284199,0.871524258632016,0.740179367736188,0.963391089011499,0.504411378563943,0.505158520691361
