"","intercept class1","intercept class2","age.centered class1","age.centered class2","varcov 1","varcov 2","varcov 3","stderr","bic.select","icl.select","ARI","MCR","RI","JI","FMI","mean.pprob.misc","mean.pprob.correct","btr.est.hm1","btr.est.best"
"1",7.32725376937265,5.94610755143879,-1.55079967562199,-0.526510436535292,0.973277346026028,0.117149751514501,0.0141009446713474,1.42699219107585,2,2,0.559437605422791,0.098,0.823031031031031,0.782889759988997,0.880064434026423,0.744181383240891,0.964254703411749,0.458556821532264,0.459964423337749
