"","intercept class1","intercept class2","age.centered class1","age.centered class2","varcov 1","varcov 2","varcov 3","stderr","bic.select","icl.select","ARI","MCR","RI","JI","FMI","mean.pprob.misc","mean.pprob.correct","btr.est.hm1","btr.est.best"
"1",5.98837249902585,7.51475850444769,-0.501985258987511,-1.56187611950441,0.957256713523499,0.124090741158696,0.0160866839850138,1.40693164405687,2,2,0.567926508580919,0.1,0.81981981981982,0.773470928769192,0.872844248389252,0.725712950432686,0.967909764297372,0.486216598846673,0.487951559988307
