"","intercept class1","intercept class2","age.centered class1","age.centered class2","varcov 1","varcov 2","varcov 3","stderr","bic.select","icl.select","ARI","MCR","RI","JI","FMI","mean.pprob.misc","mean.pprob.correct","btr.est.hm1","btr.est.best"
"1",7.38197251766919,6.07749425757382,-1.47856767843717,-0.469132967543079,1.04327252738612,0.130318457196494,0.0162787001690934,1.38055948718177,2,2,0.485348488606815,0.118,0.79163963963964,0.747869356034362,0.857237973174908,0.718460224279989,0.957937829344384,0.472962311807772,0.476727430499794
