"","intercept class1","intercept class2","age.centered class1","age.centered class2","varcov 1","varcov 2","varcov 3","stderr","bic.select","icl.select","ARI","MCR","RI","JI","FMI","mean.pprob.misc","mean.pprob.correct","btr.est.hm1","btr.est.best"
"1",7.35904820671636,5.95369085112175,-1.59567258552548,-0.476323486244287,1.03105765037813,0.166778899261949,0.0277550868704737,1.39444674265059,2,2,0.474362194426183,0.122,0.785553553553554,0.74009802494298,0.851846470630979,0.733482736782922,0.964690229513577,0.481907185296745,0.483233973045766
