"","intercept class1","intercept class2","age.centered class1","age.centered class2","varcov 1","varcov 2","varcov 3","stderr","bic.select","icl.select","ARI","MCR","RI","JI","FMI","mean.pprob.misc","mean.pprob.correct","btr.est.hm1","btr.est.best"
"1",7.41665161472561,5.99987880667291,-1.55395219050773,-0.554483651162347,0.950428456665996,0.15914779029607,0.0331032902708307,1.42588092599242,2,2,0.492950231758652,0.113,0.799337337337337,0.759750812567714,0.865923076918026,0.75934743175994,0.969594903364813,0.448154441386218,0.448263308257611
