"","intercept class1","intercept class2","age.centered class1","age.centered class2","varcov 1","varcov 2","varcov 3","stderr","bic.select","icl.select","ARI","MCR","RI","JI","FMI","mean.pprob.misc","mean.pprob.correct","btr.est.hm1","btr.est.best"
"1",7.53403871560094,6.02662727327406,-1.41568512594235,-0.478501104609712,0.858025646983489,0.121743979794892,0.0172740718958532,1.37599660198954,2,2,0.496797834732799,0.116,0.794706706706707,0.749803588594963,0.858230627391963,0.748291157886849,0.97541094701205,0.460952323837732,0.463804560348924
