"","intercept class1","intercept class2","age.centered class1","age.centered class2","varcov 1","varcov 2","varcov 3","stderr","bic.select","icl.select","ARI","MCR","RI","JI","FMI","mean.pprob.misc","mean.pprob.correct","btr.est.hm1","btr.est.best"
"1",6.01627798110431,7.38854372440285,-0.497874355383563,-1.50317858171167,1.05721758317927,0.155332326377697,0.0228226129265875,1.43242393741649,2,2,0.550519069876101,0.104,0.813445445445445,0.767191325638335,0.868958168076287,0.719469695258547,0.959105131458121,0.468070614120025,0.469890096987769
