"","intercept class1","intercept class2","age.centered class1","age.centered class2","varcov 1","varcov 2","varcov 3","stderr","bic.select","icl.select","ARI","MCR","RI","JI","FMI","mean.pprob.misc","mean.pprob.correct","btr.est.hm1","btr.est.best"
"1",7.60033150421192,5.96178834431135,-1.47050750642247,-0.492837333514522,1.18035662864573,0.210650760097746,0.0588092146634751,1.39316631946989,2,2,0.548759043835141,0.099,0.821423423423423,0.783329284881461,0.880992348579818,0.800025414821864,0.977759774459205,0.507453678563721,0.506489650776926
