"","intercept class1","intercept class2","age.centered class1","age.centered class2","varcov 1","varcov 2","varcov 3","stderr","bic.select","icl.select","ARI","MCR","RI","JI","FMI","mean.pprob.misc","mean.pprob.correct","btr.est.hm1","btr.est.best"
"1",7.64004350304439,5.91892431762942,-1.44595419485138,-0.515722678313587,0.849224524350256,0.100847471433221,0.0133132141330089,1.42384056836955,2,2,0.598013032027892,0.092,0.832760760760761,0.788382520582647,0.882314826890021,0.7657671775506,0.971906540301015,0.475872319492829,0.475386374562894
