"","intercept class1","intercept class2","age.centered class1","age.centered class2","varcov 1","varcov 2","varcov 3","stderr","bic.select","icl.select","ARI","MCR","RI","JI","FMI","mean.pprob.misc","mean.pprob.correct","btr.est.hm1","btr.est.best"
"1",5.92800136409619,7.58421700136004,-0.562880991536815,-1.46353601202764,1.05593338236815,0.122219203452064,0.0141463985395939,1.41451319368871,2,2,0.532251175924795,0.105,0.811861861861862,0.770550921947027,0.872176962189968,0.734718767826642,0.971077138236702,0.481194539528138,0.483323348589397
