"","intercept class1","intercept class2","age.centered class1","age.centered class2","varcov 1","varcov 2","varcov 3","stderr","bic.select","icl.select","ARI","MCR","RI","JI","FMI","mean.pprob.misc","mean.pprob.correct","btr.est.hm1","btr.est.best"
"1",5.97099675156422,7.31820053483075,-0.52192153283303,-1.67507560473843,1.02410801177052,0.148809931698154,0.0216231056856285,1.41006801602975,2,2,0.498450108533651,0.113,0.799337337337337,0.758001352069149,0.86431412843549,0.731081417954567,0.978232456538475,0.478816625848463,0.481138392194124
