"","intercept class1","intercept class2","age.centered class1","age.centered class2","varcov 1","varcov 2","varcov 3","stderr","bic.select","icl.select","ARI","MCR","RI","JI","FMI","mean.pprob.misc","mean.pprob.correct","btr.est.hm1","btr.est.best"
"1",7.58949378805399,5.99067723919122,-1.53742824346181,-0.522312806685844,0.939193179755883,0.133115321210608,0.018872901212158,1.4228893059843,2,2,0.531704220822162,0.107,0.808706706706707,0.764652709359606,0.867818847868161,0.779771088873645,0.970701548498155,0.4728558992275,0.473684972501252
