"","intercept class1","intercept class2","age.centered class1","age.centered class2","varcov 1","varcov 2","varcov 3","stderr","bic.select","icl.select","ARI","MCR","RI","JI","FMI","mean.pprob.misc","mean.pprob.correct","btr.est.hm1","btr.est.best"
"1",7.48023956740651,5.96419138337381,-1.45669058922507,-0.556244505470749,0.999490126954324,0.120974920569992,0.0146425036285211,1.36801060574699,2,2,0.592097503032989,0.094,0.829501501501501,0.783959574230601,0.879421110551073,0.71347155833515,0.951554161431697,0.489264348897894,0.491386188170795
