"","intercept class1","intercept class2","age.centered class1","age.centered class2","varcov 1","varcov 2","varcov 3","stderr","bic.select","icl.select","ARI","MCR","RI","JI","FMI","mean.pprob.misc","mean.pprob.correct","btr.est.hm1","btr.est.best"
"1",7.67875052643873,5.9728058125302,-1.42371001996731,-0.504647605759088,0.934053878729074,0.133775158169912,0.0191592735300437,1.39287456893221,2,2,0.554844692579659,0.099,0.821423423423423,0.781332123945872,0.879136287085024,0.774008388667077,0.980246540990317,0.472782383005463,0.473828402290573
