"","intercept class1","intercept class2","age.centered class1","age.centered class2","varcov 1","varcov 2","varcov 3","stderr","bic.select","icl.select","ARI","MCR","RI","JI","FMI","mean.pprob.misc","mean.pprob.correct","btr.est.hm1","btr.est.best"
"1",6.06014998898306,7.63290242662158,-0.491130426367166,-1.49392340911922,1.00443311620395,0.138246931842569,0.0190278764373574,1.41242251270275,2,2,0.483103131014941,0.12,0.788588588588589,0.742857977733839,0.853584639638832,0.730278833090591,0.975773597751834,0.481114201614063,0.481474076500217
