"","intercept class1","intercept class2","age.centered class1","age.centered class2","varcov 1","varcov 2","varcov 3","stderr","bic.select","icl.select","ARI","MCR","RI","JI","FMI","mean.pprob.misc","mean.pprob.correct","btr.est.hm1","btr.est.best"
"1",5.97163189830674,7.49682538159497,-0.508721228735678,-1.50470188404186,1.0271227604571,0.11407039795744,0.0126706508519039,1.4295383044937,2,2,0.485755732146152,0.122,0.785553553553554,0.736075179003494,0.848536402383019,0.669793898471574,0.964164278576126,0.485435504956944,0.485055041704225
