"","intercept class1","intercept class2","age.centered class1","age.centered class2","varcov 1","varcov 2","varcov 3","stderr","bic.select","icl.select","ARI","MCR","RI","JI","FMI","mean.pprob.misc","mean.pprob.correct","btr.est.hm1","btr.est.best"
"1",7.4679622839633,5.98931467445289,-1.4444415361303,-0.533789667076745,1.03601651128967,0.160928819688079,0.0268853851218989,1.440645117391,2,2,0.542272332113372,0.102,0.816624624624625,0.77631688197514,0.876014931985118,0.733073136445264,0.956961560412498,0.461682433435053,0.460741240653541
