"","intercept class1","intercept class2","age.centered class1","age.centered class2","varcov 1","varcov 2","varcov 3","stderr","bic.select","icl.select","ARI","MCR","RI","JI","FMI","mean.pprob.misc","mean.pprob.correct","btr.est.hm1","btr.est.best"
"1",7.62257679106505,5.98557283689205,-1.4469470340533,-0.514560994733989,0.97248352175491,0.152024591614201,0.0237656246220355,1.4107629665244,2,2,0.594127477658216,0.092,0.832760760760761,0.789856056832647,0.883513911710064,0.743612505755806,0.977105705373493,0.479301841910771,0.480421223075632
