"","intercept class1","intercept class2","age.centered class1","age.centered class2","varcov 1","varcov 2","varcov 3","stderr","bic.select","icl.select","ARI","MCR","RI","JI","FMI","mean.pprob.misc","mean.pprob.correct","btr.est.hm1","btr.est.best"
"1",5.96116754205897,7.41328130073408,-0.468282910543139,-1.56843804584086,1.16630830867809,0.177525522732869,0.0270214239324146,1.41286163491609,2,2,0.519372372627349,0.113,0.799337337337337,0.750716282493857,0.858148404129385,0.721488929371011,0.966989242352051,0.502420710920268,0.50501329239632
