"","intercept class1","intercept class2","age.centered class1","age.centered class2","varcov 1","varcov 2","varcov 3","stderr","bic.select","icl.select","ARI","MCR","RI","JI","FMI","mean.pprob.misc","mean.pprob.correct","btr.est.hm1","btr.est.best"
"1",6.14340644188955,7.38556487036642,-0.504013783802333,-1.61361465331224,1.04444001776095,0.130684202406202,0.018698764971018,1.41123614274559,2,2,0.526624684693818,0.104,0.813445445445445,0.7753628079649,0.87614013987342,0.795323888828467,0.966192914087373,0.46284683057276,0.463862401731965
