"","intercept class1","intercept class2","age.centered class1","age.centered class2","varcov 1","varcov 2","varcov 3","stderr","bic.select","icl.select","ARI","MCR","RI","JI","FMI","mean.pprob.misc","mean.pprob.correct","btr.est.hm1","btr.est.best"
"1",5.84030617918397,7.70388463905521,-0.546697830116894,-1.37785787768918,0.868250086116884,0.170269016663219,0.0595542896684746,1.42010177354059,2,2,0.56714120502824,0.099,0.821423423423423,0.7770025,0.875385721911581,0.74708832781566,0.982612786450863,0.472077855205271,0.473898763985929
