"","intercept class1","intercept class2","age.centered class1","age.centered class2","varcov 1","varcov 2","varcov 3","stderr","bic.select","icl.select","ARI","MCR","RI","JI","FMI","mean.pprob.misc","mean.pprob.correct","btr.est.hm1","btr.est.best"
"1",6.02238414026938,7.49048633110285,-0.499151983143446,-1.53968908516579,0.921201576548061,0.166307781973403,0.0300241332456865,1.4304499943247,2,2,0.522582990189084,0.106,0.810282282282282,0.770727080934086,0.872801950893185,0.774165481351099,0.981797842213111,0.454907435464697,0.45346486984015
