"","intercept class1","intercept class2","age.centered class1","age.centered class2","varcov 1","varcov 2","varcov 3","stderr","bic.select","icl.select","ARI","MCR","RI","JI","FMI","mean.pprob.misc","mean.pprob.correct","btr.est.hm1","btr.est.best"
"1",6.02589563757987,7.3564730612994,-0.464212712134566,-1.54404864260364,0.925594125779591,0.124030863710614,0.0166203343733802,1.42796408953329,2,2,0.449725551527686,0.125,0.781031031031031,0.73973948963955,0.852572423245735,0.753991655907027,0.968950894132557,0.460233402470698,0.458521705954858
