"","intercept class1","intercept class2","age.centered class1","age.centered class2","varcov 1","varcov 2","varcov 3","stderr","bic.select","icl.select","ARI","MCR","RI","JI","FMI","mean.pprob.misc","mean.pprob.correct","btr.est.hm1","btr.est.best"
"1",6.80438453368737,6.02263698734867,-1.63242311857467,-0.477690348675723,4.33219922492693,0.64033967441003,0.0946482357380156,1.42789897989385,2,2,0.607273634505548,0.03,0.941741741741742,0.938591789447917,0.96844654292411,0.854496705181133,0.996575334400924,0.680076127218731,0.681244711977546
