"","intercept class1","intercept class2","age.centered class1","age.centered class2","varcov 1","varcov 2","varcov 3","stderr","bic.select","icl.select","ARI","MCR","RI","JI","FMI","mean.pprob.misc","mean.pprob.correct","btr.est.hm1","btr.est.best"
"1",5.96041240509237,7.9563223664176,-0.507592514528204,-1.41534090571573,4.28565677956519,0.650781299092439,0.0988217958255299,1.37885226396192,2,2,0.662547088475204,0.027,0.947405405405405,0.944121613286086,0.971316150545371,0.881824035638314,0.99733116847204,0.69783484086964,0.70076013187585
