"","intercept class1","intercept class2","age.centered class1","age.centered class2","varcov 1","varcov 2","varcov 3","stderr","bic.select","icl.select","ARI","MCR","RI","JI","FMI","mean.pprob.misc","mean.pprob.correct","btr.est.hm1","btr.est.best"
"1",5.98203860518179,7.19135739402159,-0.50847923725956,-1.34623361594496,4.5677367963628,0.680790983766266,0.1048514618155,1.40118217156241,2,2,0.393257842295012,0.038,0.926814814814815,0.924806029340376,0.961488076447766,0.87076003391046,0.993254143300265,0.700756780598235,0.699283648662335
