"","intercept class1","intercept class2","age.centered class1","age.centered class2","varcov 1","varcov 2","varcov 3","stderr","bic.select","icl.select","ARI","MCR","RI","JI","FMI","mean.pprob.misc","mean.pprob.correct","btr.est.hm1","btr.est.best"
"1",6.2986057006513,6.00735275351213,-2.09190760060077,-0.545459241527484,4.73939681185572,0.633390112400484,0.0921033007014979,1.45080456504591,2,2,0.490191119985366,0.033,0.936114114114114,0.933847582641287,0.966254876918052,0.946375661829672,0.99953322141869,0.686294537533795,0.688119248306071
