"","intercept class1","intercept class2","age.centered class1","age.centered class2","varcov 1","varcov 2","varcov 3","stderr","bic.select","icl.select","ARI","MCR","RI","JI","FMI","mean.pprob.misc","mean.pprob.correct","btr.est.hm1","btr.est.best"
"1",6.07504536942918,6.32597306450064,-0.48849274176382,-1.81813811145388,4.11631538910886,0.525708071834102,0.0704100993998231,1.42576554517614,2,2,0.536005441990806,0.033,0.936114114114114,0.933320099462983,0.965764409022532,0.885595576161227,0.998440820953318,0.660653590694919,0.664173585615733
