"","intercept class1","intercept class2","age.centered class1","age.centered class2","varcov 1","varcov 2","varcov 3","stderr","bic.select","icl.select","ARI","MCR","RI","JI","FMI","mean.pprob.misc","mean.pprob.correct","btr.est.hm1","btr.est.best"
"1",6.89910427322636,4.72884769502946,-0.383740587231334,-0.809190511156302,3.15450046637174,0.279511724086398,0.0759136570707386,1.40840593608106,3,2,0.00767638287219464,0.31,0.561513513513514,0.542089682048537,0.721662434173795,0.674703940992888,0.771724209253356,0.679449207329483,0.679481129011729
