"","intercept class1","intercept class2","age.centered class1","age.centered class2","varcov 1","varcov 2","varcov 3","stderr","bic.select","icl.select","ARI","MCR","RI","JI","FMI","mean.pprob.misc","mean.pprob.correct","btr.est.hm1","btr.est.best"
"1",7.28803585520075,5.99126741629953,-1.42027712335237,-0.499670017962562,4.59206900130586,0.683538748157584,0.105984565473785,1.38722920759007,2,2,0.582066942282254,0.033,0.936114114114114,0.932661588132267,0.96523873672698,0.760466521174744,0.993469984161161,0.704692944477551,0.706335921325913
