"","intercept class1","intercept class2","age.centered class1","age.centered class2","varcov 1","varcov 2","varcov 3","stderr","bic.select","icl.select","ARI","MCR","RI","JI","FMI","mean.pprob.misc","mean.pprob.correct","btr.est.hm1","btr.est.best"
"1",8.89188563462256,6.02314256339299,-1.17144192832199,-0.489643498468726,4.56609786279834,0.700825016586625,0.11088076475822,1.39450590336828,2,2,0.572106795540322,0.03,0.941741741741742,0.939075199209443,0.968858247176377,0.794313232643318,0.997895090299384,0.710655435811759,0.711810551431528
