"","intercept class1","intercept class2","age.centered class1","age.centered class2","varcov 1","varcov 2","varcov 3","stderr","bic.select","icl.select","ARI","MCR","RI","JI","FMI","mean.pprob.misc","mean.pprob.correct","btr.est.hm1","btr.est.best"
"1",6.00240835085635,7.46594017471818,-0.505208491896322,-1.47708453358632,4.42753813021195,0.693557428723549,0.108643322526857,1.42681349754068,2,2,0.599088891170195,0.03,0.941741741741742,0.938712585191613,0.9685436279417,0.873202106061637,0.996031771908667,0.690044155434032,0.688685082037151
