"","intercept class1","intercept class2","age.centered class1","age.centered class2","varcov 1","varcov 2","varcov 3","stderr","bic.select","icl.select","ARI","MCR","RI","JI","FMI","mean.pprob.misc","mean.pprob.correct","btr.est.hm1","btr.est.best"
"1",4.72986466545354,7.39778818724061,-0.894670557770142,-0.238204305822239,3.12671847965188,0.210748066626796,0.0415837104889384,1.41866662482814,3,2,-9.344750492691e-05,0.495,0.49954954954955,0.474553220470091,0.672275686344004,0.793751352135754,0.807799493965884,0.706022787608224,0.705743368152213
