"","intercept class1","intercept class2","age.centered class1","age.centered class2","varcov 1","varcov 2","varcov 3","stderr","bic.select","icl.select","ARI","MCR","RI","JI","FMI","mean.pprob.misc","mean.pprob.correct","btr.est.hm1","btr.est.best"
"1",5.96515295424846,7.40545278674871,-0.493642751156879,-1.61554406534729,4.24692324640137,0.520887250933771,0.0638870894600784,1.43296573902404,2,2,0.618012565151217,0.027,0.947405405405405,0.944779821334735,0.971861802410874,0.856219277774056,0.998098488164575,0.673633033769095,0.676200202251517
