"","intercept class1","intercept class2","age.centered class1","age.centered class2","varcov 1","varcov 2","varcov 3","stderr","bic.select","icl.select","ARI","MCR","RI","JI","FMI","mean.pprob.misc","mean.pprob.correct","btr.est.hm1","btr.est.best"
"1",5.8525858960264,7.56563280205138,-0.518918664126145,-1.40982177589211,4.15932546291496,0.579828170293824,0.0808341926923483,1.4198363061933,2,2,0.517054144079943,0.034,0.934246246246246,0.931505078100561,0.964814659701706,0.838650454814976,0.995337883573168,0.682652161284093,0.680301514817031
