"","intercept class1","intercept class2","age.centered class1","age.centered class2","varcov 1","varcov 2","varcov 3","stderr","bic.select","icl.select","ARI","MCR","RI","JI","FMI","mean.pprob.misc","mean.pprob.correct","btr.est.hm1","btr.est.best"
"1",6.00921171905463,8.05080300242729,-0.506172899736433,-1.3740955818028,4.40303537826083,0.616918043649268,0.0947561319490009,1.41616250533056,2,2,0.626319820484722,0.027,0.947405405405405,0.944670033655851,0.971761101245672,0.943233217180329,0.996424485660623,0.696884408796671,0.694841603432123
