"","intercept class1","intercept class2","age.centered class1","age.centered class2","varcov 1","varcov 2","varcov 3","stderr","bic.select","icl.select","ARI","MCR","RI","JI","FMI","mean.pprob.misc","mean.pprob.correct","btr.est.hm1","btr.est.best"
"1",5.9779478451979,6.66520576328509,-0.503873352065768,-1.69030522992532,4.8368767132971,0.666610715069327,0.106932386806749,1.4081191988276,2,2,0.522887329155405,0.032,0.937985985985986,0.935531135531136,0.967069449240053,0.844975403908234,0.997141865471631,0.710198779856473,0.709273017628468
