"","intercept class1","intercept class2","age.centered class1","age.centered class2","varcov 1","varcov 2","varcov 3","stderr","bic.select","icl.select","ARI","MCR","RI","JI","FMI","mean.pprob.misc","mean.pprob.correct","btr.est.hm1","btr.est.best"
"1",5.98241389850255,7.80826773430616,-0.490426828016629,-1.41079344444138,4.55506969136953,0.667152642209761,0.0977176894105587,1.40467537445081,2,2,0.66712569150865,0.03,0.941741741741742,0.937506979461057,0.967747571477677,0.812908827128245,0.994861973533038,0.704124018400362,0.706118918059099
