"","intercept class1","intercept class2","age.centered class1","age.centered class2","varcov 1","varcov 2","varcov 3","stderr","bic.select","icl.select","ARI","MCR","RI","JI","FMI","mean.pprob.misc","mean.pprob.correct","btr.est.hm1","btr.est.best"
"1",5.92181527928976,7.73960928703038,-0.521550943843976,-1.56096430796538,4.43925809534268,0.648441448680851,0.0947177495958903,1.47669604615107,2,2,0.643652513437679,0.026,0.949301301301301,0.946558280680873,0.972739089391957,0.867734893023774,0.996835067229185,0.677891738385351,0.677039936813062
