"","intercept class1","intercept class2","age.centered class1","age.centered class2","varcov 1","varcov 2","varcov 3","stderr","bic.select","icl.select","ARI","MCR","RI","JI","FMI","mean.pprob.misc","mean.pprob.correct","btr.est.hm1","btr.est.best"
"1",5.98859953313417,7.97950337976223,-0.522223486451017,-1.43317912090048,4.32357976035608,0.648149097440272,0.102230486756098,1.40474693915308,2,2,0.61509789556821,0.03,0.941741741741742,0.938471036985039,0.968353349088133,0.698169547683962,0.997258660185384,0.690875836869281,0.692161571241074
