"","intercept class1","intercept class2","age.centered class1","age.centered class2","varcov 1","varcov 2","varcov 3","stderr","bic.select","icl.select","ARI","MCR","RI","JI","FMI","mean.pprob.misc","mean.pprob.correct","btr.est.hm1","btr.est.best"
"1",6.30027213144947,6.0606404735715,-1.85121947145452,-0.497635438421947,4.1908868621601,0.558835487233345,0.0745181653395387,1.43350994549751,2,2,0.533978140225891,0.032,0.937985985985986,0.935402877007712,0.966948846029971,0.88612830597104,0.998180918764281,0.675464610029512,0.673290154943289
