"","intercept class1","intercept class2","age.centered class1","age.centered class2","varcov 1","varcov 2","varcov 3","stderr","bic.select","icl.select","ARI","MCR","RI","JI","FMI","mean.pprob.misc","mean.pprob.correct","btr.est.hm1","btr.est.best"
"1",5.98693883205505,7.89995033412085,-0.495388392661239,-1.51701156073554,4.3711566498863,0.602068108689825,0.0829269327920261,1.41148221557106,2,2,0.599809572076475,0.028,0.945513513513514,0.942907009918271,0.970893001129978,0.826793877140774,0.998532005237588,0.68332001808603,0.688331725307985
