"","intercept class1","intercept class2","age.centered class1","age.centered class2","varcov 1","varcov 2","varcov 3","stderr","bic.select","icl.select","ARI","MCR","RI","JI","FMI","mean.pprob.misc","mean.pprob.correct","btr.est.hm1","btr.est.best"
"1",4.19886743877849,6.73487809859872,-1.03113872070961,-0.370266105322651,3.18765356158465,0.195221114303519,0.0258656257294349,1.39480966839398,3,2,0.0466886860781773,0.216,0.647615615615616,0.632600409947275,0.784538271829658,0.763488167279711,0.860535652647863,0.694668982828833,0.693903901048299
