"","intercept class1","intercept class2","age.centered class1","age.centered class2","varcov 1","varcov 2","varcov 3","stderr","bic.select","icl.select","ARI","MCR","RI","JI","FMI","mean.pprob.misc","mean.pprob.correct","btr.est.hm1","btr.est.best"
"1",7.65332847877616,6.01303446572761,-1.48537849100361,-0.512436269557205,4.32213602787564,0.702125298245303,0.11405975068151,1.40900525097765,2,2,0.599088891170195,0.03,0.941741741741742,0.938712585191613,0.9685436279417,0.885501270497499,0.997750948454252,0.680350027253237,0.684270709364261
