"","intercept class1","intercept class2","age.centered class1","age.centered class2","varcov 1","varcov 2","varcov 3","stderr","bic.select","icl.select","ARI","MCR","RI","JI","FMI","mean.pprob.misc","mean.pprob.correct","btr.est.hm1","btr.est.best"
"1",5.90076690641192,8.08353030486516,-0.494966928013752,-1.58262981474811,4.39942809363074,0.6927155315628,0.109072183106864,1.41552684305484,2,2,0.623800921345918,0.029,0.943625625625626,0.940459929547386,0.969424936049942,0.885015025700081,0.999294825206469,0.687123912210072,0.694329091923571
