"","intercept class1","intercept class2","age.centered class1","age.centered class2","varcov 1","varcov 2","varcov 3","stderr","bic.select","icl.select","ARI","MCR","RI","JI","FMI","mean.pprob.misc","mean.pprob.correct","btr.est.hm1","btr.est.best"
"1",6.09935881155075,6.9889607821932,-0.47655534255502,-1.54059744919323,4.47522045504111,0.614404890030054,0.0843522847633238,1.39626746716479,2,2,0.660154745376898,0.028,0.945513513513514,0.941999829511551,0.970164615940596,0.778753074886163,0.994625986235266,0.697073341680164,0.69865609667637
