"","intercept class1","intercept class2","age.centered class1","age.centered class2","varcov 1","varcov 2","varcov 3","stderr","bic.select","icl.select","ARI","MCR","RI","JI","FMI","mean.pprob.misc","mean.pprob.correct","btr.est.hm1","btr.est.best"
"1",5.8586324907934,7.80352782622026,-0.510811328433248,-1.47741910886978,4.44250398828151,0.66857430712447,0.11635733159442,1.39837755467491,2,2,0.680764680459088,0.025,0.951201201201201,0.948151756352606,0.973467678735508,0.792093476688625,0.997039880495649,0.706837997964621,0.704820603023361
