"","intercept class1","intercept class2","age.centered class1","age.centered class2","varcov 1","varcov 2","varcov 3","stderr","bic.select","icl.select","ARI","MCR","RI","JI","FMI","mean.pprob.misc","mean.pprob.correct","btr.est.hm1","btr.est.best"
"1",7.10824417238812,6.04460244754814,-1.5251731216322,-0.485902911924345,4.64873210114417,0.631336128411908,0.0857406761396635,1.44507760815518,2,2,0.581780253772711,0.031,0.939861861861862,0.936859695218077,0.967574413320927,0.82744136436957,0.995313852575841,0.688568027523119,0.690324698034286
