"","intercept class1","intercept class2","age.centered class1","age.centered class2","varcov 1","varcov 2","varcov 3","stderr","bic.select","icl.select","ARI","MCR","RI","JI","FMI","mean.pprob.misc","mean.pprob.correct","btr.est.hm1","btr.est.best"
"1",5.93369589689732,8.31540396872729,-0.525681196625381,-1.42526507003164,4.22998522891734,0.619341419918689,0.0906820781517471,1.44253595229163,2,2,0.533978140225891,0.032,0.937985985985986,0.935402877007712,0.966948846029971,0.916954450379119,0.998828795890651,0.665254426048587,0.671883679179433
