"","intercept class1","intercept class2","age.centered class1","age.centered class2","varcov 1","varcov 2","varcov 3","stderr","bic.select","icl.select","ARI","MCR","RI","JI","FMI","mean.pprob.misc","mean.pprob.correct","btr.est.hm1","btr.est.best"
"1",5.96838472637565,7.87398934090689,-0.47742568695215,-1.24152624211782,4.54856736509643,0.644708247676541,0.091380144248559,1.37460155257264,2,2,0.589326411038903,0.036,0.930522522522523,0.926201584675516,0.961688983050235,0.743047699088576,0.991430483778463,0.711309171768738,0.714052876611424
