"","intercept class1","intercept class2","age.centered class1","age.centered class2","varcov 1","varcov 2","varcov 3","stderr","bic.select","icl.select","ARI","MCR","RI","JI","FMI","mean.pprob.misc","mean.pprob.correct","btr.est.hm1","btr.est.best"
"1",5.99478184436509,7.47118547958446,-0.503848372656395,-1.55457683770173,4.42503576246795,0.684288236409912,0.105818442070299,1.39542022100197,2,2,0.522887329155405,0.032,0.937985985985986,0.935531135531136,0.967069449240053,0.779948426248136,0.998476571212035,0.692814444334836,0.694139286593717
