"","intercept class1","intercept class2","age.centered class1","age.centered class2","varcov 1","varcov 2","varcov 3","stderr","bic.select","icl.select","ARI","MCR","RI","JI","FMI","mean.pprob.misc","mean.pprob.correct","btr.est.hm1","btr.est.best"
"1",6.09943102029324,7.54775759622361,-0.499386051488873,-1.49886872180229,4.39855219096002,0.706885888279528,0.113602758980788,1.40280110930406,2,2,0.655933083911413,0.027,0.947405405405405,0.944231218290275,0.971397339822535,0.790087363588492,0.996801433008224,0.691648609105398,0.693192529063538
