"","intercept class1","intercept class2","age.centered class1","age.centered class2","varcov 1","varcov 2","varcov 3","stderr","bic.select","icl.select","ARI","MCR","RI","JI","FMI","mean.pprob.misc","mean.pprob.correct","btr.est.hm1","btr.est.best"
"1",8.4616947843411,5.9687446092106,-1.33456259451919,-0.506190892686127,4.54908183886353,0.656994446204386,0.114316253015263,1.39921361194002,2,2,0.573674889061032,0.033,0.936114114114114,0.9327931965511,0.965336108059597,0.767001648251416,0.997184292969185,0.709371160662749,0.710079686820976
