"","intercept class1","intercept class2","age.centered class1","age.centered class2","varcov 1","varcov 2","varcov 3","stderr","bic.select","icl.select","ARI","MCR","RI","JI","FMI","mean.pprob.misc","mean.pprob.correct","btr.est.hm1","btr.est.best"
"1",7.55476861010727,5.96386304965772,-1.65118411917699,-0.51197559629982,4.12368174287889,0.613573997846793,0.0912953700863724,1.42050754979041,2,2,0.608626910825302,0.028,0.945513513513514,0.942793483972675,0.970788304174308,0.946885290400646,0.998891454748824,0.669749307627418,0.674108359588368
