"","intercept class1","intercept class2","age.centered class1","age.centered class2","varcov 1","varcov 2","varcov 3","stderr","bic.select","icl.select","ARI","MCR","RI","JI","FMI","mean.pprob.misc","mean.pprob.correct","btr.est.hm1","btr.est.best"
"1",6.02069306988113,6.91246659179002,-0.505951612079808,-1.65113218962825,3.98801326040642,0.559353305682876,0.0784541408434,1.41221754561025,2,2,0.599464802444874,0.029,0.943625625625626,0.940811350499212,0.969715904149401,0.881554048244741,0.997348317541028,0.660388026980339,0.66392526994188
