"","intercept class1","intercept class2","age.centered class1","age.centered class2","varcov 1","varcov 2","varcov 3","stderr","bic.select","icl.select","ARI","MCR","RI","JI","FMI","mean.pprob.misc","mean.pprob.correct","btr.est.hm1","btr.est.best"
"1",5.87450057595635,8.21552849247743,-0.557628282292465,-1.53614724264322,4.32238443816356,0.605799515264626,0.0849052318427525,1.40922046012575,2,2,0.502547822194963,0.033,0.936114114114114,0.933715669697939,0.966126429027507,0.894318589605519,0.999312276011921,0.683229255390493,0.686651261642759
