"","intercept class1","intercept class2","age.centered class1","age.centered class2","varcov 1","varcov 2","varcov 3","stderr","bic.select","icl.select","ARI","MCR","RI","JI","FMI","mean.pprob.misc","mean.pprob.correct","btr.est.hm1","btr.est.best"
"1",7.98537143058476,6.00616190329297,-1.45821753866278,-0.521530393809839,4.35054779405392,0.62210543835009,0.102884268272902,1.39463591642348,2,2,0.564120212298435,0.032,0.937985985985986,0.935018292887591,0.966610376403043,0.899266960067008,0.997396614237861,0.700611926011622,0.699105566679768
