"","intercept class1","intercept class2","age.centered class1","age.centered class2","varcov 1","varcov 2","varcov 3","stderr","bic.select","icl.select","ARI","MCR","RI","JI","FMI","mean.pprob.misc","mean.pprob.correct","btr.est.hm1","btr.est.best"
"1",6.94691095670286,6.06088617657946,-1.78125708473731,-0.499642594313552,4.51669518943899,0.630475400623898,0.0880066540069992,1.4393782284357,2,2,0.536005441990806,0.033,0.936114114114114,0.933320099462983,0.965764409022532,0.813984721815566,0.998421913935927,0.684195176654299,0.688929195382668
