"","intercept class1","intercept class2","age.centered class1","age.centered class2","varcov 1","varcov 2","varcov 3","stderr","bic.select","icl.select","ARI","MCR","RI","JI","FMI","mean.pprob.misc","mean.pprob.correct","btr.est.hm1","btr.est.best"
"1",7.50298495885288,6.02848758716317,-1.32176452589355,-0.462367985592139,4.31217074755391,0.686595458327346,0.109321581079732,1.40780758162718,2,2,0.559155858913949,0.037,0.928666666666667,0.92466859764477,0.96088343479151,0.690997279055821,0.993206383434969,0.681739644269286,0.687253145449346
