"","intercept class1","intercept class2","age.centered class1","age.centered class2","varcov 1","varcov 2","varcov 3","stderr","bic.select","icl.select","ARI","MCR","RI","JI","FMI","mean.pprob.misc","mean.pprob.correct","btr.est.hm1","btr.est.best"
"1",8.04707425008243,5.95463973378986,-1.30185190788657,-0.480693146093638,4.24804334942681,0.650199554348036,0.0995204406214845,1.42700705980485,2,2,0.581955604894978,0.032,0.937985985985986,0.934762097317698,0.966404169296676,0.843458568706577,0.995736079282816,0.681733562351524,0.684170681162653
