"","intercept class1","intercept class2","age.centered class1","age.centered class2","varcov 1","varcov 2","varcov 3","stderr","bic.select","icl.select","ARI","MCR","RI","JI","FMI","mean.pprob.misc","mean.pprob.correct","btr.est.hm1","btr.est.best"
"1",5.98603435794621,7.78675685602745,-0.510522924629681,-1.47273612248062,4.20984237446031,0.637613872290897,0.096571656132795,1.41318612283437,2,2,0.581211020237264,0.029,0.943625625625626,0.941045804179699,0.969929374262536,0.912228044746643,0.997470385862134,0.686146501127351,0.68559537095041
