"","intercept class1","intercept class2","age.centered class1","age.centered class2","varcov 1","varcov 2","varcov 3","stderr","bic.select","icl.select","ARI","MCR","RI","JI","FMI","mean.pprob.misc","mean.pprob.correct","btr.est.hm1","btr.est.best"
"1",6.60288964148179,3.64266400720513,-0.443135991214554,-1.11483561845945,3.3147720462476,0.27898883804741,0.0542948264226096,1.39030982927803,3,2,0.017929241584285,0.124,0.733661661661662,0.727360663666396,0.844387416836769,0.675308184430439,0.933977284490511,0.695259058773997,0.695635509640167
