"","intercept class1","intercept class2","age.centered class1","age.centered class2","varcov 1","varcov 2","varcov 3","stderr","bic.select","icl.select","ARI","MCR","RI","JI","FMI","mean.pprob.misc","mean.pprob.correct","btr.est.hm1","btr.est.best"
"1",5.97729965613399,7.16807247131825,-0.509181637946766,-1.49292253127532,4.38991546816945,0.685034896824636,0.106898986108042,1.40334939144006,2,2,0.508902378591692,0.035,0.932382382382382,0.929562337591918,0.963749242129648,0.800941319076148,0.99568809514029,0.686919351117786,0.688138406614999
