"","intercept class1","intercept class2","age.centered class1","age.centered class2","varcov 1","varcov 2","varcov 3","stderr","bic.select","icl.select","ARI","MCR","RI","JI","FMI","mean.pprob.misc","mean.pprob.correct","btr.est.hm1","btr.est.best"
"1",7.66703401682692,6.1068491448677,-1.44986537839633,-0.483629549307165,3.97719103409538,0.570365165751595,0.0817955234289702,1.41192097924164,2,2,0.617029174132044,0.028,0.945513513513514,0.942679988542737,0.970687510309327,0.834844916122578,0.996371952076324,0.665013413738479,0.668660538837714
