"","intercept class1","intercept class2","age.centered class1","age.centered class2","varcov 1","varcov 2","varcov 3","stderr","bic.select","icl.select","ARI","MCR","RI","JI","FMI","mean.pprob.misc","mean.pprob.correct","btr.est.hm1","btr.est.best"
"1",6.76911908391146,6.13410976074243,-1.59408002405091,-0.467591817626874,4.39245149153035,0.68062442303816,0.115605515887752,1.39133395619225,2,2,0.500947542375121,0.036,0.930522522522523,0.927623703320584,0.962684946545168,0.859448492469094,0.996899375285618,0.693915773575885,0.692791727952877
