"","intercept class1","intercept class2","age.centered class1","age.centered class2","varcov 1","varcov 2","varcov 3","stderr","bic.select","icl.select","ARI","MCR","RI","JI","FMI","mean.pprob.misc","mean.pprob.correct","btr.est.hm1","btr.est.best"
"1",6.02453536806799,6.73332207452652,-0.476807953886372,-1.51872840019245,4.5241299401896,0.616163578540936,0.0839184815560009,1.42826602053148,2,2,0.715410526496413,0.022,0.956924924924925,0.954138921808524,0.976626442353715,0.761795760766289,0.990858068322396,0.687088064691335,0.689226852210422
