"","intercept class1","intercept class2","age.centered class1","age.centered class2","varcov 1","varcov 2","varcov 3","stderr","bic.select","icl.select","ARI","MCR","RI","JI","FMI","mean.pprob.misc","mean.pprob.correct","btr.est.hm1","btr.est.best"
"1",7.77329661839289,6.06389519015929,-1.33561218050594,-0.522496993687617,4.41062649322192,0.625778207174043,0.103240843052517,1.41357533723675,2,2,0.473490416929424,0.035,0.932382382382382,0.92997939289905,0.964123314933754,0.814294702113166,0.994817948192948,0.689308985012553,0.68853534250927
