"","intercept class1","intercept class2","age.centered class1","age.centered class2","varcov 1","varcov 2","varcov 3","stderr","bic.select","icl.select","ARI","MCR","RI","JI","FMI","mean.pprob.misc","mean.pprob.correct","btr.est.hm1","btr.est.best"
"1",4.28894838131848,6.96277416788486,-0.907830203992336,-0.300342010129842,2.75914366698527,0.178695990795332,0.0115750926640707,1.40782757505931,1,2,0.0049093221993247,0.34,0.543351351351351,0.522410060343636,0.707553882969974,0.78006063089973,0.852550327978303,0.682226993446339,0.683346191990729
