"","intercept class1","intercept class2","age.centered class1","age.centered class2","varcov 1","varcov 2","varcov 3","stderr","bic.select","icl.select","ARI","MCR","RI","JI","FMI","mean.pprob.misc","mean.pprob.correct","btr.est.hm1","btr.est.best"
"1",5.9148750257002,7.94861003830017,-0.470892502099896,-1.31348013130359,4.30683711305336,0.603450404061039,0.0845535608213693,1.39768543130895,2,2,0.674962352152012,0.027,0.947405405405405,0.943902543187205,0.971165455911058,0.853692087296798,0.995033295996243,0.694726100224351,0.696646735957543
