"","intercept class1","intercept class2","age.centered class1","age.centered class2","varcov 1","varcov 2","varcov 3","stderr","bic.select","icl.select","ARI","MCR","RI","JI","FMI","mean.pprob.misc","mean.pprob.correct","btr.est.hm1","btr.est.best"
"1",7.97465013577414,6.0974890799066,-1.39640914636011,-0.491724085250103,4.47945207612053,0.626303555849971,0.0875678944835129,1.41753827964166,2,2,0.581534505622292,0.03,0.941741741741742,0.938954293338256,0.968749478616976,0.846557600879099,0.996316667906191,0.688052244681648,0.69111223210044
