"","intercept class1","intercept class2","age.centered class1","age.centered class2","varcov 1","varcov 2","varcov 3","stderr","bic.select","icl.select","ARI","MCR","RI","JI","FMI","mean.pprob.misc","mean.pprob.correct","btr.est.hm1","btr.est.best"
"1",5.16091772842709,7.7903115295857,-0.59868205966926,-0.498186359174152,3.57676086767098,0.646296541405485,0.135786449667005,1.42667978366917,3,2,0.122135731945493,0.23,0.645445445445445,0.622442801470149,0.781198679618743,0.713714242870113,0.855710909479898,0.704618029016517,0.704494999407584
