"","intercept class1","intercept class2","age.centered class1","age.centered class2","varcov 1","varcov 2","varcov 3","stderr","bic.select","icl.select","ARI","MCR","RI","JI","FMI","mean.pprob.misc","mean.pprob.correct","btr.est.hm1","btr.est.best"
"1",7.79082570165813,6.05546783945952,-1.45980968142011,-0.463344120150356,4.41017766294909,0.640503578634615,0.0930222919813755,1.4440942690821,2,2,0.553251103977669,0.031,0.939861861861862,0.937233326786214,0.967900969157544,0.768738884368383,0.997895093528476,0.682276303502747,0.682600943007475
