"","intercept class1","intercept class2","age.centered class1","age.centered class2","varcov 1","varcov 2","varcov 3","stderr","bic.select","icl.select","ARI","MCR","RI","JI","FMI","mean.pprob.misc","mean.pprob.correct","btr.est.hm1","btr.est.best"
"1",8.68945116599831,5.94879408793142,-1.22740530315398,-0.518791000652636,4.68728366003486,0.665281707364332,0.107278986551773,1.39824114869445,2,2,0.619010279670728,0.026,0.949301301301301,0.946876442206839,0.973040914782353,0.916364689224591,0.997542015316436,0.71314079048569,0.713002277339096
