"","intercept class1","intercept class2","age.centered class1","age.centered class2","varcov 1","varcov 2","varcov 3","stderr","bic.select","icl.select","ARI","MCR","RI","JI","FMI","mean.pprob.misc","mean.pprob.correct","btr.est.hm1","btr.est.best"
"1",5.96053454402403,7.33352652875848,-0.488981158689265,-1.44727855535643,4.71879130191585,0.645024274345327,0.0881730201455861,1.34863504134124,2,2,0.567067831721941,0.037,0.928666666666667,0.924523066103483,0.960793403452649,0.790343953275379,0.995180595030494,0.715786578844427,0.720933785122173
