"","intercept class1","intercept class2","age.centered class1","age.centered class2","varcov 1","varcov 2","varcov 3","stderr","bic.select","icl.select","ARI","MCR","RI","JI","FMI","mean.pprob.misc","mean.pprob.correct","btr.est.hm1","btr.est.best"
"1",8.05309823648309,6.01383871962765,-1.33238180107921,-0.498266056650705,4.13046052829135,0.65602718729397,0.104194639906335,1.41587118843645,2,2,0.501967535661584,0.04,0.923123123123123,0.919441460794844,0.958098760587999,0.782322230744474,0.996051154982754,0.67688111840934,0.681087164247921
