"","intercept class1","intercept class2","age.centered class1","age.centered class2","varcov 1","varcov 2","varcov 3","stderr","bic.select","icl.select","ARI","MCR","RI","JI","FMI","mean.pprob.misc","mean.pprob.correct","btr.est.hm1","btr.est.best"
"1",4.89023965537806,7.35822482701143,-0.704323677751853,-0.399013372027474,2.73029489292633,0.351614020160246,0.107380710446374,1.4499541647947,3,2,0.00837858237745307,0.427,0.510168168168168,0.484979055718105,0.680689335797705,0.721375890224988,0.785585831880146,0.662085220936584,0.662120652149775
