"","intercept class1","intercept class2","age.centered class1","age.centered class2","varcov 1","varcov 2","varcov 3","stderr","bic.select","icl.select","ARI","MCR","RI","JI","FMI","mean.pprob.misc","mean.pprob.correct","btr.est.hm1","btr.est.best"
"1",5.96125172621266,7.32547458102195,-0.489372039307911,-1.59235321946154,4.24519479627827,0.617187537386783,0.0897303151821392,1.41541958656811,2,2,0.698420590525876,0.025,0.951201201201201,0.947845567247658,0.973248224291684,0.738533936665026,0.997091385643523,0.684224685252681,0.686272948307668
