"","intercept class1","intercept class2","age.centered class1","age.centered class2","varcov 1","varcov 2","varcov 3","stderr","bic.select","icl.select","ARI","MCR","RI","JI","FMI","mean.pprob.misc","mean.pprob.correct","btr.est.hm1","btr.est.best"
"1",7.30709098751453,5.93448440484467,-1.49632667254089,-0.47676238080123,4.59141409826548,0.672134626397162,0.0983934499297201,1.4072022347981,2,2,0.641800646141256,0.027,0.947405405405405,0.944450552935952,0.971571415382767,0.867175710358129,0.996753958766162,0.694240733485171,0.697357881157014
