"","intercept class1","intercept class2","age.centered class1","age.centered class2","varcov 1","varcov 2","varcov 3","stderr","bic.select","icl.select","ARI","MCR","RI","JI","FMI","mean.pprob.misc","mean.pprob.correct","btr.est.hm1","btr.est.best"
"1",6.03414641413864,7.28174399264802,-0.4927246725427,-1.48504366261172,4.04826996734786,0.59040962379344,0.0960136585971627,1.4000266845934,2,2,0.61509789556821,0.03,0.941741741741742,0.938471036985039,0.968353349088133,0.8300708741008,0.995351905119706,0.676518476031961,0.67694568058551
