"","intercept class1","intercept class2","age.centered class1","age.centered class2","varcov 1","varcov 2","varcov 3","stderr","bic.select","icl.select","ARI","MCR","RI","JI","FMI","mean.pprob.misc","mean.pprob.correct","btr.est.hm1","btr.est.best"
"1",6.11605995255528,7.56501882122143,-0.454159454159303,-1.48166906044156,4.37228795366957,0.65254600228194,0.106235571366765,1.3688765270848,2,2,0.607273634505548,0.03,0.941741741741742,0.938591789447917,0.96844654292411,0.770966315250415,0.996364324539368,0.702962421909801,0.703376691876751
