"","intercept class1","intercept class2","age.centered class1","age.centered class2","varcov 1","varcov 2","varcov 3","stderr","bic.select","icl.select","ARI","MCR","RI","JI","FMI","mean.pprob.misc","mean.pprob.correct","btr.est.hm1","btr.est.best"
"1",7.3624329921076,6.04423738478507,-1.7810460525159,-0.509669626053609,4.44727747748845,0.590967647560673,0.0891196085481873,1.40670963051015,2,2,0.352589973239917,0.039,0.924966966966967,0.923210414814147,0.96072769257587,0.930200350688599,0.999484668181961,0.691303088965484,0.690751842335598
