"","intercept class1","intercept class2","age.centered class1","age.centered class2","varcov 1","varcov 2","varcov 3","stderr","bic.select","icl.select","ARI","MCR","RI","JI","FMI","mean.pprob.misc","mean.pprob.correct","btr.est.hm1","btr.est.best"
"1",6.12114121990909,6.85318752030455,-0.498139239522555,-1.7232451355103,4.91520894643405,0.681591941860846,0.116367693276506,1.36098421234373,2,2,0.477891831689028,0.036,0.930522522522523,0.92790876420366,0.962930581290255,0.85219728282193,0.998290924936454,0.720465441628823,0.72224202640269
