"","intercept class1","intercept class2","age.centered class1","age.centered class2","varcov 1","varcov 2","varcov 3","stderr","bic.select","icl.select","ARI","MCR","RI","JI","FMI","mean.pprob.misc","mean.pprob.correct","btr.est.hm1","btr.est.best"
"1",5.88399436188112,7.84457557429271,-0.522138262452559,-1.43512857500658,4.50914197880528,0.628781777751003,0.0876811190601604,1.4238511584023,2,2,0.544521652874812,0.032,0.937985985985986,0.935274648122764,0.966832133366953,0.863563365170109,0.997052248746889,0.687555477888562,0.690179563144304
