"","intercept class1","intercept class2","age.centered class1","age.centered class2","varcov 1","varcov 2","varcov 3","stderr","bic.select","icl.select","ARI","MCR","RI","JI","FMI","mean.pprob.misc","mean.pprob.correct","btr.est.hm1","btr.est.best"
"1",7.02079959347493,6.18287552205022,-1.7388494991479,-0.472550168816929,4.25168666088036,0.59300345918056,0.0827091164845987,1.43317815124791,2,2,0.533978140225891,0.032,0.937985985985986,0.935402877007712,0.966948846029971,0.910546415840899,0.998586956983015,0.667176463955689,0.670568148358742
