"","intercept class1","intercept class2","age.centered class1","age.centered class2","varcov 1","varcov 2","varcov 3","stderr","bic.select","icl.select","ARI","MCR","RI","JI","FMI","mean.pprob.misc","mean.pprob.correct","btr.est.hm1","btr.est.best"
"1",6.01907401145631,8.34209636289831,-0.538598205512938,-1.61773936449326,4.36073212264371,0.608227696864417,0.0864920453943905,1.42774178643472,2,2,0.542766153937058,0.031,0.939861861861862,0.937357934995225,0.968017607427439,0.891624729441827,0.99933321244711,0.688862763088875,0.687794592107499
