"","intercept class1","intercept class2","age.centered class1","age.centered class2","varcov 1","varcov 2","varcov 3","stderr","bic.select","icl.select","ARI","MCR","RI","JI","FMI","mean.pprob.misc","mean.pprob.correct","btr.est.hm1","btr.est.best"
"1",7.402732670449,5.9526366458752,-1.48330873007421,-0.494221199292373,4.5949397095434,0.657245400699501,0.0940111444918259,1.38566057899606,2,2,0.531643443707235,0.036,0.930522522522523,0.927196442057565,0.962345550489068,0.839565781600091,0.997320265654054,0.70420082895999,0.705387198460315
