"","intercept class1","intercept class2","age.centered class1","age.centered class2","varcov 1","varcov 2","varcov 3","stderr","bic.select","icl.select","ARI","MCR","RI","JI","FMI","mean.pprob.misc","mean.pprob.correct","btr.est.hm1","btr.est.best"
"1",6.00777601258774,7.68290955565228,-0.489600517379466,-1.42066312973024,4.53704274566975,0.639615341402765,0.0905807347253436,1.41540300441299,2,2,0.632699630127251,0.028,0.945513513513514,0.942453101476733,0.970497626033964,0.860771032663191,0.996784226436246,0.697113650652308,0.697751844488881
