"","intercept class1","intercept class2","age.centered class1","age.centered class2","varcov 1","varcov 2","varcov 3","stderr","bic.select","icl.select","ARI","MCR","RI","JI","FMI","mean.pprob.misc","mean.pprob.correct","btr.est.hm1","btr.est.best"
"1",5.94940147015218,7.20155308495408,-0.505211851114138,-1.39219433962521,4.39782333681472,0.597669117693172,0.0812239025733261,1.38027692521961,2,2,0.696200196753566,0.024,0.953105105105105,0.950075023871232,0.974468146538465,0.823855192030774,0.988326389446006,0.702644301160049,0.70217379623379
