"","intercept class1","intercept class2","age.centered class1","age.centered class2","varcov 1","varcov 2","varcov 3","stderr","bic.select","icl.select","ARI","MCR","RI","JI","FMI","mean.pprob.misc","mean.pprob.correct","btr.est.hm1","btr.est.best"
"1",6.1987837156032,3.59828763751517,-0.549149949149727,-1.02765297314966,4.14269700226458,0.45802555929586,0.110195899026596,1.43512024404207,3,2,-0.0159028949759826,0.05,0.887087087087087,0.886973947895792,0.940852379500402,0.964829649292161,0.962994450132417,0.684435945516372,0.684386877019307
