"","intercept class1","intercept class2","age.centered class1","age.centered class2","varcov 1","varcov 2","varcov 3","stderr","bic.select","icl.select","ARI","MCR","RI","JI","FMI","mean.pprob.misc","mean.pprob.correct","btr.est.hm1","btr.est.best"
"1",7.77765084560814,6.14345084636911,-1.29960820518746,-0.503697015824877,4.71925365579501,0.663792050782923,0.0998987241838226,1.41859031727219,2,2,0.599464802444874,0.029,0.943625625625626,0.940811350499212,0.969715904149401,0.692969222534671,0.992614501786869,0.705986730885433,0.705257854514639
