"","intercept class1","intercept class2","age.centered class1","age.centered class2","varcov 1","varcov 2","varcov 3","stderr","bic.select","icl.select","ARI","MCR","RI","JI","FMI","mean.pprob.misc","mean.pprob.correct","btr.est.hm1","btr.est.best"
"1",6.05745237808506,-0.0771000442653171,-0.565272297317933,-1.56025184310509,4.6548044228998,0.592320415062443,0.160218823003586,1.43892413783993,3,2,-0.0018630068931255,0.05,0.903105105105105,0.90309540494544,0.950218355906702,0.999975678373243,0.999910592293059,0.695109558180995,0.695134975136217
