"","intercept class1","intercept class2","age.centered class1","age.centered class2","varcov 1","varcov 2","varcov 3","stderr","bic.select","icl.select","ARI","MCR","RI","JI","FMI","mean.pprob.misc","mean.pprob.correct","btr.est.hm1","btr.est.best"
"1",8.51671022537579,5.87679415932149,-1.24384105431628,-0.523612338098318,4.51337812544458,0.699493726759989,0.108411043131276,1.41810612530513,2,2,0.606584214822997,0.031,0.939861861861862,0.936486423626822,0.967282868818271,0.773361181837706,0.996767571118759,0.701550669140033,0.703043080963137
