"","intercept class1","intercept class2","age.centered class1","age.centered class2","varcov 1","varcov 2","varcov 3","stderr","bic.select","icl.select","ARI","MCR","RI","JI","FMI","mean.pprob.misc","mean.pprob.correct","btr.est.hm1","btr.est.best"
"1",2.36603242539206,6.20760460063765,-1.09253967293769,-0.551618491615927,4.47693926049871,0.55814302349685,0.164554167860515,1.36494435467264,3,2,-0.00365702069713826,0.05,0.901309309309309,0.901289547456948,0.949172979787412,0.998214468030207,0.995796158605312,0.716076222444418,0.716037050861099
