"","intercept class1","intercept class2","age.centered class1","age.centered class2","varcov 1","varcov 2","varcov 3","stderr","bic.select","icl.select","ARI","MCR","RI","JI","FMI","mean.pprob.misc","mean.pprob.correct","btr.est.hm1","btr.est.best"
"1",6.04075316376768,7.91130512861303,-0.488413686035109,-1.32083747697924,4.61702061416149,0.658003482701522,0.0937766194699943,1.43331179569524,2,2,0.599809572076475,0.028,0.945513513513514,0.942907009918271,0.970893001129978,0.90014457885354,0.99504988280416,0.694489325179973,0.696236832815578
