"","intercept class1","intercept class2","age.centered class1","age.centered class2","varcov 1","varcov 2","varcov 3","stderr","bic.select","icl.select","ARI","MCR","RI","JI","FMI","mean.pprob.misc","mean.pprob.correct","btr.est.hm1","btr.est.best"
"1",6.00760883297531,8.08201326970747,-0.506440336170078,-1.33373041789329,4.45788040757366,0.609825385201239,0.08342238172474,1.45386064080949,2,2,0.359802232676374,0.038,0.926814814814815,0.925105511165745,0.961788136797242,0.92102685353195,0.998172725400097,0.671431125937538,0.674147736212435
