"","intercept class1","intercept class2","age.centered class1","age.centered class2","varcov 1","varcov 2","varcov 3","stderr","bic.select","icl.select","ARI","MCR","RI","JI","FMI","mean.pprob.misc","mean.pprob.correct","btr.est.hm1","btr.est.best"
"1",6.11440355488972,8.23010067114021,-0.487806426650066,-1.3756711567084,4.36387046171834,0.56180044767429,0.0723284594063332,1.41568482459436,2,2,0.573243212814019,0.032,0.937985985985986,0.934890173410405,0.966505329841112,0.836821098589158,0.997064271752501,0.692443740563768,0.691999410491032
