"","intercept class1","intercept class2","age.centered class1","age.centered class2","varcov 1","varcov 2","varcov 3","stderr","bic.select","icl.select","ARI","MCR","RI","JI","FMI","mean.pprob.misc","mean.pprob.correct","btr.est.hm1","btr.est.best"
"1",7.80506166954345,5.99908109957867,-1.50105261705673,-0.494751106214336,4.54609332264719,0.613041601193193,0.0826699092217362,1.40223649247987,2,2,0.573243212814019,0.032,0.937985985985986,0.934890173410405,0.966505329841112,0.848029020110565,0.997670130269799,0.696099547535541,0.69942438014802
