"","intercept class1","intercept class2","age.centered class1","age.centered class2","varcov 1","varcov 2","varcov 3","stderr","bic.select","icl.select","ARI","MCR","RI","JI","FMI","mean.pprob.misc","mean.pprob.correct","btr.est.hm1","btr.est.best"
"1",7.32299385015165,4.37971042451813,-0.345231821117241,-0.770975504306527,2.46396168639184,0.294862684311025,0.0739652666710546,1.43844864031987,3,2,-0.00870056457558548,0.393,0.513963963963964,0.491955836622288,0.684512806957806,0.773906905288123,0.860847293145908,0.679420748759821,0.679665177754424
