"","intercept class1","intercept class2","age.centered class1","age.centered class2","varcov 1","varcov 2","varcov 3","stderr","bic.select","icl.select","ARI","MCR","RI","JI","FMI","mean.pprob.misc","mean.pprob.correct","btr.est.hm1","btr.est.best"
"1",7.19531335572667,6.11579438350994,-1.56069689447902,-0.471565697195668,4.26639141646271,0.622287592188394,0.090765701757764,1.42012507372385,2,2,0.699791558775671,0.023,0.955013013013013,0.952199328650622,0.975623564410572,0.7884175341969,0.997222033286562,0.677705191371852,0.679932363337628
