"","intercept class1","intercept class2","age.centered class1","age.centered class2","varcov 1","varcov 2","varcov 3","stderr","bic.select","icl.select","ARI","MCR","RI","JI","FMI","mean.pprob.misc","mean.pprob.correct","btr.est.hm1","btr.est.best"
"1",6.13382417807272,7.66364427703643,-0.482682243018457,-1.40879095961685,4.26030209437082,0.58840410821603,0.0812663954097506,1.40727963895681,2,2,0.581780253772711,0.031,0.939861861861862,0.936859695218077,0.967574413320927,0.880482973355797,0.996233571525603,0.676319688193326,0.682390609343465
