"","intercept class1","intercept class2","age.centered class1","age.centered class2","varcov 1","varcov 2","varcov 3","stderr","bic.select","icl.select","ARI","MCR","RI","JI","FMI","mean.pprob.misc","mean.pprob.correct","btr.est.hm1","btr.est.best"
"1",7.14024902867234,4.8253479326393,-0.570157041026039,-0.930742825566507,3.54999241524416,0.179758338777644,0.241394287568235,1.40418092002068,3,2,-0.0454485241943659,0.224,0.534382382382382,0.481870271522648,0.650494685063888,0.654620464744449,0.793641747678146,0.724888609887141,0.724915519648899
