"","intercept class1","intercept class2","age.centered class1","age.centered class2","varcov 1","varcov 2","varcov 3","stderr","bic.select","icl.select","ARI","MCR","RI","JI","FMI","mean.pprob.misc","mean.pprob.correct","btr.est.hm1","btr.est.best"
"1",6.14639021202108,7.51905254329549,-0.49976410464786,-1.53810912922972,4.09957866029756,0.544591997517261,0.0723445152193733,1.43651630669051,2,2,0.646920110501796,0.079,0.854336336336336,0.814286078921844,0.898537740837238,0.756689735603382,0.98658292076266,0.695341072423456,0.698095181319072
