"","intercept class1","intercept class2","age.centered class1","age.centered class2","varcov 1","varcov 2","varcov 3","stderr","bic.select","icl.select","ARI","MCR","RI","JI","FMI","mean.pprob.misc","mean.pprob.correct","btr.est.hm1","btr.est.best"
"1",7.51523428277959,5.85298597848274,-1.43737262815854,-0.476157957757274,4.49260156331462,0.615093649898644,0.0842150985004095,1.41683664347864,2,2,0.65672993808287,0.08,0.852652652652653,0.806620108355798,0.893030188923587,0.71863077702919,0.978634588544938,0.724569940280811,0.726345883930822
