"","intercept class1","intercept class2","age.centered class1","age.centered class2","varcov 1","varcov 2","varcov 3","stderr","bic.select","icl.select","ARI","MCR","RI","JI","FMI","mean.pprob.misc","mean.pprob.correct","btr.est.hm1","btr.est.best"
"1",6.04955361958608,7.52557995416681,-0.464621509520018,-1.46201763093969,4.22861353037213,0.698412949829491,0.115352565166364,1.40686432469409,2,2,0.58660579851361,0.097,0.824642642642643,0.776043957167841,0.874122920880426,0.720463870026468,0.987488104350132,0.708973608390626,0.714054497341807
