"","intercept class1","intercept class2","age.centered class1","age.centered class2","varcov 1","varcov 2","varcov 3","stderr","bic.select","icl.select","ARI","MCR","RI","JI","FMI","mean.pprob.misc","mean.pprob.correct","btr.est.hm1","btr.est.best"
"1",5.96003316211532,7.6209853653193,-0.508342025065966,-1.45337799950656,4.34742548524885,0.708483332878544,0.115458841773202,1.40576357220119,2,2,0.618818652904585,0.09,0.836036036036036,0.786786489708999,0.880722502843538,0.677166950270176,0.98680235404073,0.718614297222476,0.722479964709421
