"","intercept class1","intercept class2","age.centered class1","age.centered class2","varcov 1","varcov 2","varcov 3","stderr","bic.select","icl.select","ARI","MCR","RI","JI","FMI","mean.pprob.misc","mean.pprob.correct","btr.est.hm1","btr.est.best"
"1",5.81722547956274,7.52897351679526,-0.520220637269051,-1.46575941557494,4.19407423466131,0.586878347905157,0.0836685804543496,1.41573435736999,2,2,0.619961352881231,0.088,0.839327327327327,0.793378301838216,0.885068364607299,0.711376623089221,0.982018114008497,0.720865344280281,0.71854798589227
