"","intercept class1","intercept class2","age.centered class1","age.centered class2","varcov 1","varcov 2","varcov 3","stderr","bic.select","icl.select","ARI","MCR","RI","JI","FMI","mean.pprob.misc","mean.pprob.correct","btr.est.hm1","btr.est.best"
"1",5.96870836338327,7.42517162131392,-0.498113626773398,-1.50983852692328,4.26843741389707,0.609867758230533,0.0871369652495325,1.42711023172788,2,2,0.664584106347387,0.078,0.856024024024024,0.810625770231412,0.895479492889976,0.670741889148257,0.983277572015229,0.713649358716926,0.713580551382906
