"","intercept class1","intercept class2","age.centered class1","age.centered class2","varcov 1","varcov 2","varcov 3","stderr","bic.select","icl.select","ARI","MCR","RI","JI","FMI","mean.pprob.misc","mean.pprob.correct","btr.est.hm1","btr.est.best"
"1",7.53023386521882,5.11955850137982,-0.318542260720283,-1.10254209902353,3.69640935984099,0.00177452468323375,0.117362422907806,1.4187505649799,3,2,0.00597144774922514,0.459,0.502864864864865,0.406928588488178,0.585322896865883,0.769206280152386,0.827115252460235,0.734159287032935,0.733852107391475
