"","intercept class1","intercept class2","age.centered class1","age.centered class2","varcov 1","varcov 2","varcov 3","stderr","bic.select","icl.select","ARI","MCR","RI","JI","FMI","mean.pprob.misc","mean.pprob.correct","btr.est.hm1","btr.est.best"
"1",6.04206517253757,7.43303794268771,-0.482335781879198,-1.53164469108893,4.55440263032771,0.600120014950273,0.0790760428274096,1.41759922221784,2,2,0.604267867179672,0.091,0.834396396396396,0.789328246452257,0.882758963467332,0.728323546354792,0.988449550216674,0.72134412835843,0.722956670402379
