"","intercept class1","intercept class2","age.centered class1","age.centered class2","varcov 1","varcov 2","varcov 3","stderr","bic.select","icl.select","ARI","MCR","RI","JI","FMI","mean.pprob.misc","mean.pprob.correct","btr.est.hm1","btr.est.best"
"1",7.29574470133302,5.95865055520406,-1.58302503770408,-0.487973418918051,4.4876127600333,0.673194778736993,0.100987147143184,1.41551599461383,2,2,0.643272558582045,0.08,0.852652652652653,0.812173984055204,0.897214329359806,0.791742297173394,0.988826665960431,0.718685139920442,0.721557838490108
