"","intercept class1","intercept class2","age.centered class1","age.centered class2","varcov 1","varcov 2","varcov 3","stderr","bic.select","icl.select","ARI","MCR","RI","JI","FMI","mean.pprob.misc","mean.pprob.correct","btr.est.hm1","btr.est.best"
"1",4.89691597088194,7.32194216820899,-1.12885801186908,-0.342492241580067,3.29577053828393,-0.0860539403270449,0.110448656436261,1.40812880416635,3,2,0.026763685024882,0.408,0.516444444444444,0.421581493366541,0.599347222731386,0.764638787548154,0.862546519093266,0.722185717510608,0.722041415857411
