"","intercept class1","intercept class2","age.centered class1","age.centered class2","varcov 1","varcov 2","varcov 3","stderr","bic.select","icl.select","ARI","MCR","RI","JI","FMI","mean.pprob.misc","mean.pprob.correct","btr.est.hm1","btr.est.best"
"1",7.43781588885275,4.66223572343582,-0.639594053832218,-0.783530585181184,2.66252157263574,0.210540594876489,0.228123087619915,1.4034735417306,3,2,-0.0174152403566433,0.382,0.501301301301301,0.415274687098016,0.591574891715729,0.770573965412182,0.819920279755238,0.714329237115378,0.714384831708176
