"","intercept class1","intercept class2","age.centered class1","age.centered class2","varcov 1","varcov 2","varcov 3","stderr","bic.select","icl.select","ARI","MCR","RI","JI","FMI","mean.pprob.misc","mean.pprob.correct","btr.est.hm1","btr.est.best"
"1",5.8934061153308,7.5935029106932,-0.505892115390219,-1.45927809040064,4.42717263288661,0.590596489929785,0.0787895117406296,1.38509628429874,2,2,0.67451152353702,0.076,0.859411411411411,0.813751180233607,0.897335613519684,0.669605577124009,0.977667993262905,0.73900482529111,0.738101446143955
