"","intercept class1","intercept class2","age.centered class1","age.centered class2","varcov 1","varcov 2","varcov 3","stderr","bic.select","icl.select","ARI","MCR","RI","JI","FMI","mean.pprob.misc","mean.pprob.correct","btr.est.hm1","btr.est.best"
"1",6.00060138592031,7.32144555887316,-0.527172896501815,-1.58198289581876,5.04880242431132,0.730921738533248,0.105816497263758,1.41827498767505,2,2,0.605169296712951,0.088,0.839327327327327,0.799072673923711,0.889668068706859,0.767740639029371,0.987756679959696,0.731211581058547,0.734465002574644
