"","intercept class1","intercept class2","age.centered class1","age.centered class2","varcov 1","varcov 2","varcov 3","stderr","bic.select","icl.select","ARI","MCR","RI","JI","FMI","mean.pprob.misc","mean.pprob.correct","btr.est.hm1","btr.est.best"
"1",6.14166109743712,6.92094901807867,-0.452252927835968,-1.54152407526498,4.09141719662104,0.504825690581927,0.0622886860092373,1.42993909531993,2,2,0.586764295515987,0.095,0.827877877877878,0.782687271881667,0.878708507480759,0.739708688028463,0.982993285968199,0.689142936633318,0.690774691906532
