"","intercept class1","intercept class2","age.centered class1","age.centered class2","varcov 1","varcov 2","varcov 3","stderr","bic.select","icl.select","ARI","MCR","RI","JI","FMI","mean.pprob.misc","mean.pprob.correct","btr.est.hm1","btr.est.best"
"1",6.04669437680906,7.63052449183201,-0.498537512556693,-1.50106372502741,4.24276776982018,0.63218061349323,0.0941967379258996,1.42121823816768,2,2,0.621746508924541,0.086,0.842634634634635,0.799624761652272,0.889306120222296,0.730129586977237,0.984584131557059,0.712884522215147,0.71428072844307
