"","intercept class1","intercept class2","age.centered class1","age.centered class2","varcov 1","varcov 2","varcov 3","stderr","bic.select","icl.select","ARI","MCR","RI","JI","FMI","mean.pprob.misc","mean.pprob.correct","btr.est.hm1","btr.est.best"
"1",5.99916381067574,7.62407747087805,-0.496729792382411,-1.51949228889569,4.49782675841292,0.626051647895077,0.0871403600960809,1.40527995173508,2,2,0.609537296391783,0.09,0.836036036036036,0.790659155275185,0.883511203588881,0.756634346658039,0.98940031249518,0.723967026816987,0.727087028469522
