"","intercept class1","intercept class2","age.centered class1","age.centered class2","varcov 1","varcov 2","varcov 3","stderr","bic.select","icl.select","ARI","MCR","RI","JI","FMI","mean.pprob.misc","mean.pprob.correct","btr.est.hm1","btr.est.best"
"1",7.97118677589242,5.90297736563001,-1.43647775576546,-0.509876271804616,4.0559253358911,0.592839132880909,0.0866530350956583,1.39852289304115,2,2,0.614733320423633,0.09,0.836036036036036,0.788531650537579,0.881936377432813,0.733243984090003,0.989959944797139,0.727986014577318,0.727846733834162
