"","intercept class1","intercept class2","age.centered class1","age.centered class2","varcov 1","varcov 2","varcov 3","stderr","bic.select","icl.select","ARI","MCR","RI","JI","FMI","mean.pprob.misc","mean.pprob.correct","btr.est.hm1","btr.est.best"
"1",6.05094711647916,7.28091186306368,-0.487965635163845,-1.58721496677952,4.23017316451443,0.569386348169148,0.0766488751787176,1.4296668260123,2,2,0.635880893614672,0.083,0.847625625625626,0.804512765192377,0.892169742253477,0.760155553656566,0.98278588503089,0.705179817101617,0.70594779080875
