"","intercept class1","intercept class2","age.centered class1","age.centered class2","varcov 1","varcov 2","varcov 3","stderr","bic.select","icl.select","ARI","MCR","RI","JI","FMI","mean.pprob.misc","mean.pprob.correct","btr.est.hm1","btr.est.best"
"1",5.95697610043792,7.71309104411202,-0.51148057020109,-1.49138205754774,4.33940610893655,0.696048605328645,0.111648450026408,1.4332784540859,2,2,0.610296741100793,0.089,0.83767967967968,0.793786560862709,0.885655246011673,0.755873342891473,0.98836922439878,0.719791250590612,0.71847356491862
