"","intercept class1","intercept class2","age.centered class1","age.centered class2","varcov 1","varcov 2","varcov 3","stderr","bic.select","icl.select","ARI","MCR","RI","JI","FMI","mean.pprob.misc","mean.pprob.correct","btr.est.hm1","btr.est.best"
"1",7.71503307209417,5.86996843756489,-1.39871715981704,-0.525328712194176,4.43149347735061,0.654295680511624,0.096604641575682,1.37963175841907,2,2,0.615407581989693,0.091,0.834396396396396,0.784709281141013,0.879411548274598,0.779290803011396,0.982230350433084,0.736677362215039,0.737224210887206
