"","intercept class1","intercept class2","age.centered class1","age.centered class2","varcov 1","varcov 2","varcov 3","stderr","bic.select","icl.select","ARI","MCR","RI","JI","FMI","mean.pprob.misc","mean.pprob.correct","btr.est.hm1","btr.est.best"
"1",7.39863226369104,5.92786114115287,-1.51951826286186,-0.490421165701774,4.79865660984582,0.671330050598935,0.106923272307629,1.40959540680922,2,2,0.652253724699617,0.08,0.852652652652653,0.808551704045906,0.894387853735519,0.664005183398981,0.980900843028063,0.741225013726312,0.73990455848145
