"","intercept class1","intercept class2","age.centered class1","age.centered class2","varcov 1","varcov 2","varcov 3","stderr","bic.select","icl.select","ARI","MCR","RI","JI","FMI","mean.pprob.misc","mean.pprob.correct","btr.est.hm1","btr.est.best"
"1",5.96187879395696,7.57697316180982,-0.513958932215005,-1.50016492877824,4.76782318980794,0.679545789323412,0.113977932465424,1.40118089217328,2,2,0.647775126965607,0.079,0.854336336336336,0.813955569647441,0.898262789578725,0.694483777654235,0.982581157657449,0.740575272695022,0.739388207970463
