"","intercept class1","intercept class2","age.centered class1","age.centered class2","varcov 1","varcov 2","varcov 3","stderr","bic.select","icl.select","ARI","MCR","RI","JI","FMI","mean.pprob.misc","mean.pprob.correct","btr.est.hm1","btr.est.best"
"1",7.14910743986456,6.03215015379071,-1.64235839926822,-0.480629228454803,4.11735871369042,0.580495029728607,0.0818425261231622,1.42599561876398,2,2,0.62617729669969,0.085,0.844294294294294,0.801355203203858,0.890343159432044,0.740251851680742,0.990363636792814,0.699171330647129,0.70303711708538
