"","intercept class1","intercept class2","age.centered class1","age.centered class2","varcov 1","varcov 2","varcov 3","stderr","bic.select","icl.select","ARI","MCR","RI","JI","FMI","mean.pprob.misc","mean.pprob.correct","btr.est.hm1","btr.est.best"
"1",6.08870265968402,7.24491536826218,-0.477646785214419,-1.55731556734176,4.49714336587675,0.678107646850547,0.102249698636571,1.37954935040344,2,2,0.563311089136774,0.102,0.816624624624625,0.76874135266969,0.869664211674153,0.746863793373335,0.987609047361106,0.722286462250281,0.726452529375023
