"","intercept class1","intercept class2","age.centered class1","age.centered class2","varcov 1","varcov 2","varcov 3","stderr","bic.select","icl.select","ARI","MCR","RI","JI","FMI","mean.pprob.misc","mean.pprob.correct","btr.est.hm1","btr.est.best"
"1",5.92394229449758,7.62578485329105,-0.523894057500139,-1.45031695306195,4.25524702371712,0.699630506129887,0.121930768073656,1.40755324407086,2,2,0.606813122808636,0.09,0.836036036036036,0.791735537190083,0.884347727744853,0.70756864230095,0.982715583979398,0.72025047261267,0.719214288692756
