"","intercept class1","intercept class2","age.centered class1","age.centered class2","varcov 1","varcov 2","varcov 3","stderr","bic.select","icl.select","ARI","MCR","RI","JI","FMI","mean.pprob.misc","mean.pprob.correct","btr.est.hm1","btr.est.best"
"1",7.67624168193106,6.13028760527595,-1.54154952861074,-0.490108160397962,4.35886332349921,0.610215257895345,0.085429989988875,1.41001363571965,2,2,0.661268577899418,0.076,0.859411411411411,0.819373424558877,0.90144406658192,0.744913141311372,0.989325358961715,0.721218953890855,0.721053270143423
