"","intercept class1","intercept class2","age.centered class1","age.centered class2","varcov 1","varcov 2","varcov 3","stderr","bic.select","icl.select","ARI","MCR","RI","JI","FMI","mean.pprob.misc","mean.pprob.correct","btr.est.hm1","btr.est.best"
"1",7.56334701927527,6.02267230674733,-1.4918833534307,-0.479074546065737,4.2862346831877,0.664435502490642,0.106051719290792,1.42744470504319,2,2,0.591658485337565,0.093,0.831129129129129,0.78746472485386,0.88190739453153,0.772643968968459,0.988452103294884,0.711766046298058,0.711567507747111
