"","intercept class1","intercept class2","age.centered class1","age.centered class2","varcov 1","varcov 2","varcov 3","stderr","bic.select","icl.select","ARI","MCR","RI","JI","FMI","mean.pprob.misc","mean.pprob.correct","btr.est.hm1","btr.est.best"
"1",6.00132063050964,7.64346229685315,-0.513059317913176,-1.52494049525974,4.19122762164634,0.582956050593663,0.0887287015179608,1.41809633685865,2,2,0.549371139843513,0.105,0.811861861861862,0.764442985050683,0.867041339934572,0.70344793968531,0.986005300991656,0.715437679808,0.716129348317526
