"","intercept class1","intercept class2","age.centered class1","age.centered class2","varcov 1","varcov 2","varcov 3","stderr","bic.select","icl.select","ARI","MCR","RI","JI","FMI","mean.pprob.misc","mean.pprob.correct","btr.est.hm1","btr.est.best"
"1",7.75884050025929,5.88992385795948,-1.44492671214617,-0.528907205598384,4.57578793722283,0.708193487308829,0.109607527833808,1.41792378648833,2,2,0.642211659132475,0.081,0.850972972972973,0.80906222746627,0.895076476372225,0.749658054721172,0.986017713593037,0.727477336178248,0.729386071096506
