"","intercept class1","intercept class2","age.centered class1","age.centered class2","varcov 1","varcov 2","varcov 3","stderr","bic.select","icl.select","ARI","MCR","RI","JI","FMI","mean.pprob.misc","mean.pprob.correct","btr.est.hm1","btr.est.best"
"1",4.6664790055256,7.53901729356039,-0.9002698625652,-0.496968473853085,2.73187717941452,0.151693085392189,0.207344272712733,1.44385589164013,3,2,-0.0140356962431897,0.401,0.49994994994995,0.411307885210046,0.58817396817386,0.754696219047269,0.829032909717718,0.708210992575718,0.70839805923467
