"","intercept class1","intercept class2","age.centered class1","age.centered class2","varcov 1","varcov 2","varcov 3","stderr","bic.select","icl.select","ARI","MCR","RI","JI","FMI","mean.pprob.misc","mean.pprob.correct","btr.est.hm1","btr.est.best"
"1",7.31310867768556,6.08069093556999,-1.5330310827935,-0.493028072274963,4.54545660687352,0.63280042110381,0.0880969965054725,1.44745064768108,2,2,0.631468111800412,0.084,0.845957957957958,0.802755233354012,0.891116751129526,0.713632184361279,0.979548092637593,0.709184149425822,0.712753913520351
