"","intercept class1","intercept class2","age.centered class1","age.centered class2","varcov 1","varcov 2","varcov 3","stderr","bic.select","icl.select","ARI","MCR","RI","JI","FMI","mean.pprob.misc","mean.pprob.correct","btr.est.hm1","btr.est.best"
"1",6.08143414913172,7.39531521597864,-0.463895042997499,-1.60831762678521,4.45811173561638,0.622904676767818,0.0870363176909213,1.41986141376424,2,2,0.587629675548249,0.093,0.831129129129129,0.788957887151979,0.883152321506243,0.751903082269878,0.992127011211597,0.714776297521656,0.71749194227214
