"","intercept class1","intercept class2","age.centered class1","age.centered class2","varcov 1","varcov 2","varcov 3","stderr","bic.select","icl.select","ARI","MCR","RI","JI","FMI","mean.pprob.misc","mean.pprob.correct","btr.est.hm1","btr.est.best"
"1",7.33492090679015,6.08201461136234,-1.54103633055562,-0.483926557502687,4.06001587713423,0.605553170817043,0.106738678074339,1.39330637841184,2,2,0.601472470204326,0.091,0.834396396396396,0.790417143841656,0.883618516792591,0.755555922316396,0.985358300310968,0.709066208481911,0.709245224456633
