"","intercept class1","intercept class2","age.centered class1","age.centered class2","varcov 1","varcov 2","varcov 3","stderr","bic.select","icl.select","ARI","MCR","RI","JI","FMI","mean.pprob.misc","mean.pprob.correct","btr.est.hm1","btr.est.best"
"1",7.43918962705799,6.02445561427131,-1.53337907521448,-0.481088637738963,4.19908224379365,0.656335280458379,0.102588157120657,1.43277074605273,2,2,0.623517356258573,0.086,0.842634634634635,0.79892766880519,0.888754857776699,0.770710772878234,0.988726399620867,0.709862328637709,0.708605735752406
