"","intercept class1","intercept class2","age.centered class1","age.centered class2","varcov 1","varcov 2","varcov 3","stderr","bic.select","icl.select","ARI","MCR","RI","JI","FMI","mean.pprob.misc","mean.pprob.correct","btr.est.hm1","btr.est.best"
"1",6.04382013988039,7.6762200229065,-0.540587885577659,-1.56987958267243,4.42899511660839,0.60775594636513,0.0903998962759621,1.42396304304715,2,2,0.602631542527447,0.089,0.83767967967968,0.796674223350152,0.888046122503203,0.741232220825255,0.987242781303989,0.72122774325547,0.720200291438517
