"","intercept class1","intercept class2","age.centered class1","age.centered class2","varcov 1","varcov 2","varcov 3","stderr","bic.select","icl.select","ARI","MCR","RI","JI","FMI","mean.pprob.misc","mean.pprob.correct","btr.est.hm1","btr.est.best"
"1",6.04768291813145,7.65775231509274,-0.463412225256796,-1.45356826246154,4.23803810079405,0.656024713841844,0.101550040746528,1.44810167303764,2,2,0.643050154602939,0.081,0.850972972972973,0.808728608869932,0.894811863254606,0.756352158241622,0.987112615500854,0.706060356757703,0.706749210792573
