"","intercept class1","intercept class2","age.centered class1","age.centered class2","varcov 1","varcov 2","varcov 3","stderr","bic.select","icl.select","ARI","MCR","RI","JI","FMI","mean.pprob.misc","mean.pprob.correct","btr.est.hm1","btr.est.best"
"1",7.63645784782276,6.08432062339287,-1.49890125731821,-0.477929452648143,4.31000135061253,0.69790692674031,0.121278472031233,1.39594625384283,2,2,0.615604917610911,0.088,0.839327327327327,0.795134652201659,0.886404347042441,0.799063139549782,0.990471113919096,0.724209850555437,0.723376676097532
