"","intercept class1","intercept class2","age.centered class1","age.centered class2","varcov 1","varcov 2","varcov 3","stderr","bic.select","icl.select","ARI","MCR","RI","JI","FMI","mean.pprob.misc","mean.pprob.correct","btr.est.hm1","btr.est.best"
"1",5.84564607986018,7.93803023265735,-0.538049733217001,-1.38678989881095,4.19232188562044,0.65856732110719,0.103454683642546,1.38155592149814,2,2,0.659454005355445,0.078,0.856024024024024,0.81284059856864,0.897044893599694,0.773857418498838,0.986718223076755,0.731177227335482,0.733274541904689
