"","intercept class1","intercept class2","age.centered class1","age.centered class2","varcov 1","varcov 2","varcov 3","stderr","bic.select","icl.select","ARI","MCR","RI","JI","FMI","mean.pprob.misc","mean.pprob.correct","btr.est.hm1","btr.est.best"
"1",6.07819107453387,7.20271387499706,-0.494409390107237,-1.5055161876768,4.67453462047144,0.581464067459796,0.0723286443516061,1.44959490462484,2,2,0.544692558968581,0.102,0.816624624624625,0.77550550231612,0.875282623143228,0.702029113428823,0.980114994378356,0.705832153261573,0.708467848448803
