"","intercept class1","intercept class2","age.centered class1","age.centered class2","varcov 1","varcov 2","varcov 3","stderr","bic.select","icl.select","ARI","MCR","RI","JI","FMI","mean.pprob.misc","mean.pprob.correct","btr.est.hm1","btr.est.best"
"1",5.86291906457019,7.48228953558729,-0.505287608161676,-1.52080290016489,4.40548422979213,0.682452244465619,0.124082238172609,1.39315064823425,2,2,0.613892681881557,0.089,0.83767967967968,0.79236281128036,0.884548550112216,0.686409075594898,0.98752663851245,0.731474042549349,0.731304398574641
