"","intercept class1","intercept class2","age.centered class1","age.centered class2","varcov 1","varcov 2","varcov 3","stderr","bic.select","icl.select","ARI","MCR","RI","JI","FMI","mean.pprob.misc","mean.pprob.correct","btr.est.hm1","btr.est.best"
"1",6.0331801401375,7.22253157572797,-0.485318935574419,-1.56869894304562,4.4015523220415,0.496429324882205,0.0559898091791169,1.42739905385045,2,2,0.609724093374165,0.087,0.840978978978979,0.80075303018141,0.890660815500011,0.797129790075934,0.984378255025955,0.705889328008393,0.709526067194859
