"","intercept class1","intercept class2","age.centered class1","age.centered class2","varcov 1","varcov 2","varcov 3","stderr","bic.select","icl.select","ARI","MCR","RI","JI","FMI","mean.pprob.misc","mean.pprob.correct","btr.est.hm1","btr.est.best"
"1",5.96009264939058,7.48447303550907,-0.53103671695199,-1.55632526556589,4.58375316520299,0.603347738960236,0.0794171242148384,1.42314500702122,2,2,0.657590758228359,0.077,0.857715715715716,0.817232422979993,0.900114579625922,0.741339080233309,0.986465339466723,0.720590763712515,0.724017821281353
