"","intercept class1","intercept class2","age.centered class1","age.centered class2","varcov 1","varcov 2","varcov 3","stderr","bic.select","icl.select","ARI","MCR","RI","JI","FMI","mean.pprob.misc","mean.pprob.correct","btr.est.hm1","btr.est.best"
"1",7.35685746266372,6.14967281820145,-1.50443174062806,-0.483541381037091,4.48499792372472,0.597390426832657,0.0795709001766708,1.40426929950462,2,2,0.612878374742192,0.088,0.839327327327327,0.79619904722242,0.887249879569354,0.738299700029744,0.982796082362875,0.719146732419509,0.720024044768317
