"","intercept class1","intercept class2","age.centered class1","age.centered class2","varcov 1","varcov 2","varcov 3","stderr","bic.select","icl.select","ARI","MCR","RI","JI","FMI","mean.pprob.misc","mean.pprob.correct","btr.est.hm1","btr.est.best"
"1",7.47505106036584,6.02394403008437,-1.47776521897751,-0.500875477616829,4.41978145946141,0.60063833760536,0.0816269119287491,1.41657778736525,2,2,0.644984155465327,0.08,0.852652652652653,0.81150824139238,0.896667394397468,0.734066508455728,0.982008664600375,0.711940998177758,0.716066338814304
