"","intercept class1","intercept class2","age.centered class1","age.centered class2","varcov 1","varcov 2","varcov 3","stderr","bic.select","icl.select","ARI","MCR","RI","JI","FMI","mean.pprob.misc","mean.pprob.correct","btr.est.hm1","btr.est.best"
"1",7.91059873382383,6.00745906168518,-1.41191187808625,-0.494769524553888,4.57644492337529,0.729428471577251,0.12410776214059,1.39402109563977,2,2,0.654744475456726,0.078,0.856024024024024,0.814772651175249,0.89852683118761,0.744340493152342,0.986555444549932,0.738742788099188,0.739228788522292
