"","intercept class1","intercept class2","age.centered class1","age.centered class2","varcov 1","varcov 2","varcov 3","stderr","bic.select","icl.select","ARI","MCR","RI","JI","FMI","mean.pprob.misc","mean.pprob.correct","btr.est.hm1","btr.est.best"
"1",4.830325023872,7.52094998051289,-0.974449714261419,-0.413611577325434,2.94545064446887,0.0571647993181964,0.184381574451189,1.39144583491251,3,2,-0.00270765510467429,0.462,0.499507507507507,0.405083051734806,0.583193257213193,0.79822527700713,0.797695320241466,0.726608205619418,0.726647204290482
