"","intercept class1","intercept class2","age.centered class1","age.centered class2","varcov 1","varcov 2","varcov 3","stderr","bic.select","icl.select","ARI","MCR","RI","JI","FMI","mean.pprob.misc","mean.pprob.correct","btr.est.hm1","btr.est.best"
"1",5.96774110572718,7.75067404099058,-0.492319606249503,-1.46937004260159,4.55546766043967,0.653220861692412,0.0967310320928312,1.41103168158223,2,2,0.671028845266654,0.074,0.862814814814815,0.822734774757995,0.903344090690598,0.794252321118463,0.989163158092613,0.733817979765581,0.733804310105328
