"","intercept class1","intercept class2","age.centered class1","age.centered class2","varcov 1","varcov 2","varcov 3","stderr","bic.select","icl.select","ARI","MCR","RI","JI","FMI","mean.pprob.misc","mean.pprob.correct","btr.est.hm1","btr.est.best"
"1",7.22157246446709,5.96173256905063,-1.47878363204446,-0.513232331252028,4.05554662314564,0.59424166930616,0.0917021567500527,1.45317144181379,2,2,0.625117708231834,0.087,0.840978978978979,0.794766786899139,0.885873239700103,0.727968146864891,0.972675403029461,0.687894822204456,0.688535523122201
