"","intercept class1","intercept class2","age.centered class1","age.centered class2","varcov 1","varcov 2","varcov 3","stderr","bic.select","icl.select","ARI","MCR","RI","JI","FMI","mean.pprob.misc","mean.pprob.correct","btr.est.hm1","btr.est.best"
"1",7.15299864396791,5.99089776226247,-1.50475062581473,-0.470005372280103,4.61780411756746,0.66677420704357,0.0962769304975728,1.40074395941712,2,2,0.597604486826191,0.091,0.834396396396396,0.791880943994364,0.884816376300365,0.708868885406161,0.984515520140163,0.717639362254662,0.72262420699484
