"","intercept class1","intercept class2","age.centered class1","age.centered class2","varcov 1","varcov 2","varcov 3","stderr","bic.select","icl.select","ARI","MCR","RI","JI","FMI","mean.pprob.misc","mean.pprob.correct","btr.est.hm1","btr.est.best"
"1",7.49284190795102,5.95598808765793,-1.46326864125812,-0.499434464680122,4.42606418680052,0.685860640548687,0.10628119087606,1.38590065458542,2,2,0.661008598724417,0.079,0.854336336336336,0.808460396352379,0.894147086513828,0.7072489235532,0.984943708745985,0.726865827449472,0.729710590287198
