"","intercept class1","intercept class2","age.centered class1","age.centered class2","varcov 1","varcov 2","varcov 3","stderr","bic.select","icl.select","ARI","MCR","RI","JI","FMI","mean.pprob.misc","mean.pprob.correct","btr.est.hm1","btr.est.best"
"1",6.18304219484492,7.36262812739997,-0.479605583790256,-1.52965746724913,4.04504964241347,0.541310380300403,0.0724388151090477,1.40712245718269,2,2,0.602414140864052,0.091,0.834396396396396,0.790053299492386,0.883328315621416,0.74635214327977,0.983862964633317,0.696224345961328,0.700903882159837
