"","intercept class1","intercept class2","age.centered class1","age.centered class2","varcov 1","varcov 2","varcov 3","stderr","bic.select","icl.select","ARI","MCR","RI","JI","FMI","mean.pprob.misc","mean.pprob.correct","btr.est.hm1","btr.est.best"
"1",5.93758719666581,7.7794274178946,-0.48505002774416,-1.42748874570931,4.43594499398934,0.657180670298921,0.0973606393251605,1.3803170523591,2,2,0.626470205219907,0.088,0.839327327327327,0.790618314636055,0.883117940294609,0.760343573988104,0.986418410117975,0.737916909660637,0.739775209644181
