"","intercept class1","intercept class2","age.centered class1","age.centered class2","varcov 1","varcov 2","varcov 3","stderr","bic.select","icl.select","ARI","MCR","RI","JI","FMI","mean.pprob.misc","mean.pprob.correct","btr.est.hm1","btr.est.best"
"1",5.89688448464627,7.95640634423123,-0.511474966453423,-1.42177279534156,4.44009744125459,0.676809291806878,0.123389770655782,1.39712592285387,2,2,0.615634452832418,0.089,0.83767967967968,0.791656388117998,0.884017103632109,0.743137342104771,0.985394075498062,0.73773533649666,0.738853540455916
