"","intercept class1","intercept class2","age.centered class1","age.centered class2","varcov 1","varcov 2","varcov 3","stderr","bic.select","icl.select","ARI","MCR","RI","JI","FMI","mean.pprob.misc","mean.pprob.correct","btr.est.hm1","btr.est.best"
"1",6.20774954753359,7.33864192396342,-0.452298403525982,-1.53178479605914,4.4356303946105,0.626678195572324,0.10689118289349,1.36733502821805,2,2,0.578997050404662,0.097,0.824642642642643,0.779053869981535,0.87641562973036,0.706325611072499,0.984610851158755,0.730750087083336,0.730032891795402
