"","intercept class1","intercept class2","age.centered class1","age.centered class2","varcov 1","varcov 2","varcov 3","stderr","bic.select","icl.select","ARI","MCR","RI","JI","FMI","mean.pprob.misc","mean.pprob.correct","btr.est.hm1","btr.est.best"
"1",7.39410800687403,5.96771069437506,-1.56609619855227,-0.505228713943536,4.6946760226367,0.671151252183822,0.102602449016276,1.44800784624883,2,2,0.671118787420281,0.075,0.861111111111111,0.819009778037505,0.900809012547151,0.712888776574376,0.986112540528366,0.72611251847889,0.725133898227843
