"","intercept class1","intercept class2","age.centered class1","age.centered class2","varcov 1","varcov 2","varcov 3","stderr","bic.select","icl.select","ARI","MCR","RI","JI","FMI","mean.pprob.misc","mean.pprob.correct","btr.est.hm1","btr.est.best"
"1",7.65406061617341,6.1597676708985,-1.4693564843817,-0.486337762324242,4.26983632358171,0.601510316574986,0.0847373820957383,1.40692037177811,2,2,0.569458996094866,0.098,0.823031031031031,0.779368526145014,0.876998071102797,0.783899561912021,0.987779235912993,0.704740712164321,0.710323595263534
