"","intercept class1","intercept class2","age.centered class1","age.centered class2","varcov 1","varcov 2","varcov 3","stderr","bic.select","icl.select","ARI","MCR","RI","JI","FMI","mean.pprob.misc","mean.pprob.correct","btr.est.hm1","btr.est.best"
"1",7.41021886470935,5.9659003907436,-1.62445314204508,-0.499644784080791,4.24128463748881,0.599154816096651,0.0897069987901745,1.40685234401553,2,2,0.603043784617792,0.09,0.836036036036036,0.793182862712815,0.885514671645658,0.775932504327501,0.994538827620392,0.719873373281683,0.718832589261784
