"","intercept class1","intercept class2","age.centered class1","age.centered class2","varcov 1","varcov 2","varcov 3","stderr","bic.select","icl.select","ARI","MCR","RI","JI","FMI","mean.pprob.misc","mean.pprob.correct","btr.est.hm1","btr.est.best"
"1",7.36284405849605,5.97458845083837,-1.55488155882787,-0.531118872482183,4.24946492888282,0.603378343994032,0.0882064984686892,1.43184677788896,2,2,0.619112519381857,0.087,0.840978978978979,0.797202279435043,0.887715709875531,0.759927519947115,0.984487838088846,0.707660573265387,0.707661924304789
