"","intercept class1","intercept class2","age.centered class1","age.centered class2","varcov 1","varcov 2","varcov 3","stderr","bic.select","icl.select","ARI","MCR","RI","JI","FMI","mean.pprob.misc","mean.pprob.correct","btr.est.hm1","btr.est.best"
"1",7.67955593228079,6.0925366843651,-1.56693868926938,-0.490445286262034,4.10381923509737,0.558663359323369,0.0760526399973084,1.41040146021735,2,2,0.663654302909547,0.076,0.859411411411411,0.818417827240429,0.900678150726509,0.728381461042955,0.98999360517683,0.710977201385709,0.713679695809923
