"","intercept class1","intercept class2","age.centered class1","age.centered class2","varcov 1","varcov 2","varcov 3","stderr","bic.select","icl.select","ARI","MCR","RI","JI","FMI","mean.pprob.misc","mean.pprob.correct","btr.est.hm1","btr.est.best"
"1",7.25901759284642,6.01128706349308,-1.55995734910607,-0.546975982640952,4.76120796552484,0.653965323393009,0.10576722471386,1.45726530059609,2,2,0.622578809415704,0.085,0.844294294294294,0.802745708720529,0.89147384017233,0.714854514260956,0.976179103549681,0.71308043448211,0.71491403974031
