"","intercept class1","intercept class2","age.centered class1","age.centered class2","varcov 1","varcov 2","varcov 3","stderr","bic.select","icl.select","ARI","MCR","RI","JI","FMI","mean.pprob.misc","mean.pprob.correct","btr.est.hm1","btr.est.best"
"1",5.95334437782751,7.5224699013111,-0.479763154745153,-1.43479056911474,4.27128544399846,0.599364134421987,0.0841070756543967,1.40126715610602,2,2,0.588690988536761,0.095,0.827877877877878,0.781939879068257,0.878121933242197,0.713126993953802,0.981913160481066,0.716922686565784,0.719133223023541
