"","intercept class1","intercept class2","age.centered class1","age.centered class2","varcov 1","varcov 2","varcov 3","stderr","bic.select","icl.select","ARI","MCR","RI","JI","FMI","mean.pprob.misc","mean.pprob.correct","btr.est.hm1","btr.est.best"
"1",7.8145671601467,6.14841622467486,-1.53996247542237,-0.494168901304056,4.32099352167184,0.581385597929353,0.0844768670310248,1.41283590760385,2,2,0.63243314410312,0.083,0.847625625625626,0.80587296081292,0.893253270186147,0.755822403934479,0.990834079981598,0.721723161561257,0.721563723703339
