"","intercept class1","intercept class2","age.centered class1","age.centered class2","varcov 1","varcov 2","varcov 3","stderr","bic.select","icl.select","ARI","MCR","RI","JI","FMI","mean.pprob.misc","mean.pprob.correct","btr.est.hm1","btr.est.best"
"1",6.03472541819357,7.33924805746447,-0.500323732719948,-1.51076898085134,4.62426188780179,0.608158380402425,0.0799817841120258,1.4108607582589,2,2,0.634826991057741,0.084,0.845957957957958,0.801394861417266,0.89007569558935,0.711346810402203,0.978163667318405,0.724107457636701,0.726487790686668
