"","intercept class1","intercept class2","age.centered class1","age.centered class2","varcov 1","varcov 2","varcov 3","stderr","bic.select","icl.select","ARI","MCR","RI","JI","FMI","mean.pprob.misc","mean.pprob.correct","btr.est.hm1","btr.est.best"
"1",6.02135712361796,7.27419032775908,-0.489864873976006,-1.48435935191262,4.5936556697817,0.603728206984301,0.079345966429769,1.428260435418,2,2,0.654527309325259,0.08,0.852652652652653,0.807581699346405,0.893693060317913,0.711874761011253,0.972501184260105,0.719686743513562,0.720613516488217
