"","intercept class1","intercept class2","age.centered class1","age.centered class2","varcov 1","varcov 2","varcov 3","stderr","bic.select","icl.select","ARI","MCR","RI","JI","FMI","mean.pprob.misc","mean.pprob.correct","btr.est.hm1","btr.est.best"
"1",5.90064145972885,7.42433983550868,-0.50819511812766,-1.55984566121381,4.59367910507404,0.637104020069341,0.0883608809207129,1.41482856284353,2,2,0.606545384617369,0.089,0.83767967967968,0.795224023841996,0.886820904008682,0.733614525317157,0.985712459835919,0.721522881827962,0.7249996475804
