"","intercept class1","intercept class2","age.centered class1","age.centered class2","varcov 1","varcov 2","varcov 3","stderr","bic.select","icl.select","ARI","MCR","RI","JI","FMI","mean.pprob.misc","mean.pprob.correct","btr.est.hm1","btr.est.best"
"1",7.23575580363828,6.04353989828854,-1.59827155526927,-0.515126732209747,4.51695164058482,0.550614889969665,0.0671197718931017,1.41087006443159,2,2,0.671028845266654,0.074,0.862814814814815,0.822734774757995,0.903344090690598,0.705897860014713,0.985102291283275,0.713436020729288,0.719057344281106
