"","intercept class1","intercept class2","age.centered class1","age.centered class2","varcov 1","varcov 2","varcov 3","stderr","bic.select","icl.select","ARI","MCR","RI","JI","FMI","mean.pprob.misc","mean.pprob.correct","btr.est.hm1","btr.est.best"
"1",5.93396322849173,7.3624548867142,-0.520868761626465,-1.56015000473318,4.48915351714064,0.654083241954461,0.0953028631850095,1.46632978040403,2,2,0.588126762216092,0.096,0.826258258258258,0.77880522605278,0.875971081341965,0.707991051869167,0.978042544673425,0.710093428141896,0.709601160664935
