"","intercept class1","intercept class2","age.centered class1","age.centered class2","varcov 1","varcov 2","varcov 3","stderr","bic.select","icl.select","ARI","MCR","RI","JI","FMI","mean.pprob.misc","mean.pprob.correct","btr.est.hm1","btr.est.best"
"1",7.23139200842794,6.11012219165242,-1.52398321029777,-0.509859169891304,4.28296663583703,0.575587152824456,0.0987727374092367,1.41184267076858,2,2,0.639642280352847,0.081,0.850972972972973,0.810067768240781,0.895892442470436,0.728938027138586,0.974768519363738,0.708445316591767,0.709171549301358
