"","intercept class1","intercept class2","age.centered class1","age.centered class2","varcov 1","varcov 2","varcov 3","stderr","bic.select","icl.select","ARI","MCR","RI","JI","FMI","mean.pprob.misc","mean.pprob.correct","btr.est.hm1","btr.est.best"
"1",6.17698321356598,7.15140286762014,-0.472138533628932,-1.59881381706872,4.93941384637262,0.684833474339864,0.107234882194743,1.3614502058446,2,2,0.627053369527313,0.085,0.844294294294294,0.801009599639758,0.890069722294551,0.724756989124061,0.986496094476163,0.747551705729331,0.747762757424257
