"","intercept class1","intercept class2","age.centered class1","age.centered class2","varcov 1","varcov 2","varcov 3","stderr","bic.select","icl.select","ARI","MCR","RI","JI","FMI","mean.pprob.misc","mean.pprob.correct","btr.est.hm1","btr.est.best"
"1",5.97529448198944,7.60591425415983,-0.53077027912971,-1.46679770560758,4.30062961753804,0.631981557839276,0.100679836664869,1.40591787412093,2,2,0.688010111471745,0.071,0.86794994994995,0.826853815783947,0.905489601330568,0.725426188333899,0.978075351764748,0.719228204014711,0.720184157747609
