"","intercept class1","intercept class2","age.centered class1","age.centered class2","varcov 1","varcov 2","varcov 3","stderr","bic.select","icl.select","ARI","MCR","RI","JI","FMI","mean.pprob.misc","mean.pprob.correct","btr.est.hm1","btr.est.best"
"1",5.89613016973268,7.55582759335951,-0.50992214807827,-1.51308933641411,4.01538790643985,0.575588925072221,0.0825092315269155,1.44358486649174,2,2,0.608440920375989,0.089,0.83767967967968,0.794503639570956,0.886230665454673,0.715209690148097,0.987105596327078,0.696347583540373,0.697230193074573
