"","intercept class1","intercept class2","age.centered class1","age.centered class2","varcov 1","varcov 2","varcov 3","stderr","bic.select","icl.select","ARI","MCR","RI","JI","FMI","mean.pprob.misc","mean.pprob.correct","btr.est.hm1","btr.est.best"
"1",7.34720412391423,5.90845721291292,-1.59072989131615,-0.548835772909288,4.33147023908275,0.592404306513365,0.0810216495250549,1.40865618771916,2,2,0.636029175388088,0.082,0.849297297297297,0.807967428239064,0.894572087094672,0.779475562277166,0.988693181315861,0.712343378521139,0.715856084722377
