"","intercept class1","intercept class2","age.centered class1","age.centered class2","varcov 1","varcov 2","varcov 3","stderr","bic.select","icl.select","ARI","MCR","RI","JI","FMI","mean.pprob.misc","mean.pprob.correct","btr.est.hm1","btr.est.best"
"1",7.2933265512596,6.08318071762053,-1.5483074946052,-0.508918303192176,4.54190730097656,0.583468319867989,0.085383269869131,1.40592466427129,2,2,0.604158763492618,0.088,0.839327327327327,0.799435211795577,0.889987210531266,0.720682783429135,0.983465764386924,0.720567941802615,0.721281384084158
