"","intercept class1","intercept class2","age.centered class1","age.centered class2","varcov 1","varcov 2","varcov 3","stderr","bic.select","icl.select","ARI","MCR","RI","JI","FMI","mean.pprob.misc","mean.pprob.correct","btr.est.hm1","btr.est.best"
"1",7.5970398836078,6.10080500063916,-1.48098295961672,-0.473872058950124,4.33057673567458,0.610813206517039,0.086153150901974,1.4175123461418,2,2,0.674006653891995,0.075,0.861111111111111,0.817773726845772,0.899912845774111,0.719111851418528,0.986992554448448,0.711153605390534,0.714920830608831
