"","intercept class1","intercept class2","age.centered class1","age.centered class2","varcov 1","varcov 2","varcov 3","stderr","bic.select","icl.select","ARI","MCR","RI","JI","FMI","mean.pprob.misc","mean.pprob.correct","btr.est.hm1","btr.est.best"
"1",5.99743518107887,7.31505610820063,-0.486425174413303,-1.48985580257752,4.74663268751944,0.641257873566151,0.086633274226028,1.35084574423277,2,2,0.579940002514143,0.099,0.821423423423423,0.772023493089065,0.871532937864006,0.737691038584704,0.984724425774914,0.742326502197586,0.745770072788769
