"","intercept class1","intercept class2","age.centered class1","age.centered class2","varcov 1","varcov 2","varcov 3","stderr","bic.select","icl.select","ARI","MCR","RI","JI","FMI","mean.pprob.misc","mean.pprob.correct","btr.est.hm1","btr.est.best"
"1",6.11421510561856,7.90958318407502,-0.529054327005898,-1.38838563329206,4.68166115843463,0.681408725068453,0.105225248740696,1.41582854620276,2,2,0.627920228362275,0.085,0.844294294294294,0.800664834995848,0.889799957764956,0.749553650619578,0.979145553605808,0.733357816131474,0.732840920807476
