"","intercept class1","intercept class2","age.centered class1","age.centered class2","varcov 1","varcov 2","varcov 3","stderr","bic.select","icl.select","ARI","MCR","RI","JI","FMI","mean.pprob.misc","mean.pprob.correct","btr.est.hm1","btr.est.best"
"1",4.27223585524081,7.17871482611669,-0.945598667228993,-0.562661906604292,2.91970713701669,0.0739419100721898,0.167817771323815,1.3969219234029,3,2,-0.0383777768343586,0.293,0.512634634634635,0.443751085357048,0.616438438168121,0.751898242192267,0.862287490942642,0.724464116469966,0.72449516717355
