"","intercept class1","intercept class2","age.centered class1","age.centered class2","varcov 1","varcov 2","varcov 3","stderr","bic.select","icl.select","ARI","MCR","RI","JI","FMI","mean.pprob.misc","mean.pprob.correct","btr.est.hm1","btr.est.best"
"1",6.07197226296005,7.36980720908142,-0.492675307645545,-1.48156880588756,4.6625762487436,0.63429538654712,0.086289342261849,1.44685570012127,2,2,0.622636614227717,0.086,0.842634634634635,0.799275795322802,0.889028649714738,0.739982281240248,0.978232485895174,0.71816149900519,0.718080297744968
