"","intercept class1","intercept class2","age.centered class1","age.centered class2","varcov 1","varcov 2","varcov 3","stderr","bic.select","icl.select","ARI","MCR","RI","JI","FMI","mean.pprob.misc","mean.pprob.correct","btr.est.hm1","btr.est.best"
"1",7.47858928593416,5.40055874857829,-0.34683268564933,-1.01552810455183,3.48293468221553,0.0137865932129003,0.128114676284548,1.44670316418955,3,2,0.0089676798725793,0.451,0.504306306306306,0.408082715754243,0.586516225045172,0.723937250865319,0.756600661456523,0.701709716284336,0.701778215476795
