"","intercept class1","intercept class2","age.centered class1","age.centered class2","varcov 1","varcov 2","varcov 3","stderr","bic.select","icl.select","ARI","MCR","RI","JI","FMI","mean.pprob.misc","mean.pprob.correct","btr.est.hm1","btr.est.best"
"1",6.06618673729787,7.71521164314062,-0.521778312048174,-1.48550633052511,4.3702487756938,0.60593662298125,0.0968405527831857,1.41607463035169,2,2,0.59042739045924,0.091,0.834396396396396,0.79447265896758,0.887056581857283,0.770959906033866,0.985199956415866,0.719804174166108,0.718784259795155
