"","intercept class1","intercept class2","age.centered class1","age.centered class2","varcov 1","varcov 2","varcov 3","stderr","bic.select","icl.select","ARI","MCR","RI","JI","FMI","mean.pprob.misc","mean.pprob.correct","btr.est.hm1","btr.est.best"
"1",7.24174855878239,5.99708307351128,-1.57089667095686,-0.502883156599725,4.33945730739456,0.606759586265592,0.0848394555979205,1.4400461417375,2,2,0.608440920375989,0.089,0.83767967967968,0.794503639570956,0.886230665454673,0.726423793640373,0.986175875951729,0.701536501196773,0.70591297825944
