"","intercept class1","intercept class2","age.centered class1","age.centered class2","varcov 1","varcov 2","varcov 3","stderr","bic.select","icl.select","ARI","MCR","RI","JI","FMI","mean.pprob.misc","mean.pprob.correct","btr.est.hm1","btr.est.best"
"1",2.37786729236006,6.45978914267964,-1.14342455687836,-0.7047895161532,4.44287054157223,0.426542170263516,0.298864674499811,1.36935393402549,3,2,-0.00589916593175121,0.2,0.674906906906907,0.674385402045318,0.81997157722241,0.997884423179201,0.995038263347119,0.736373631153319,0.73631518527964
