"","intercept class1","intercept class2","age.centered class1","age.centered class2","varcov 1","varcov 2","varcov 3","stderr","bic.select","icl.select","ARI","MCR","RI","JI","FMI","mean.pprob.misc","mean.pprob.correct","btr.est.hm1","btr.est.best"
"1",7.58514705857547,6.09979694160565,-1.52757922302304,-0.47882993916402,4.40157061681654,0.694058949030682,0.10944249819513,1.40225285171893,2,2,0.649906934393318,0.08,0.852652652652653,0.809529724749749,0.895114945914153,0.74241632135291,0.988653852130901,0.723375786788282,0.725127124517272
