"","intercept class1","intercept class2","age.centered class1","age.centered class2","varcov 1","varcov 2","varcov 3","stderr","bic.select","icl.select","ARI","MCR","RI","JI","FMI","mean.pprob.misc","mean.pprob.correct","btr.est.hm1","btr.est.best"
"1",7.32421717072343,6.08005631024417,-1.50189597694246,-0.503045376968821,4.14868498112359,0.55842255737843,0.0812734362733538,1.42984147522703,2,2,0.638767521621287,0.081,0.850972972972973,0.810404462329988,0.89617184109301,0.786138157341139,0.983297132741517,0.695327423996953,0.696751934332347
