"","intercept class1","intercept class2","age.centered class1","age.centered class2","varcov 1","varcov 2","varcov 3","stderr","bic.select","icl.select","ARI","MCR","RI","JI","FMI","mean.pprob.misc","mean.pprob.correct","btr.est.hm1","btr.est.best"
"1",7.77869992593045,5.87540193555073,-1.38427343143461,-0.515506496454489,4.0869415915233,0.635025502706183,0.0986697219729844,1.41424985484656,2,2,0.568634039002754,0.103,0.815033033033033,0.763286942619675,0.865832443611198,0.684522620537595,0.982460418100742,0.715149684763262,0.71688976031647
