"","intercept class1","intercept class2","age.centered class1","age.centered class2","varcov 1","varcov 2","varcov 3","stderr","bic.select","icl.select","ARI","MCR","RI","JI","FMI","mean.pprob.misc","mean.pprob.correct","btr.est.hm1","btr.est.best"
"1",5.99475680136785,7.63743729398725,-0.510177251104417,-1.40223223698774,4.45049740922931,0.616803881702425,0.0885573862436376,1.41177108619709,2,2,0.565011151843426,0.099,0.821423423423423,0.777782483482975,0.876033847955885,0.765041651557234,0.979157992192971,0.722334027179703,0.721959022312401
