"","intercept class1","intercept class2","age.centered class1","age.centered class2","varcov 1","varcov 2","varcov 3","stderr","bic.select","icl.select","ARI","MCR","RI","JI","FMI","mean.pprob.misc","mean.pprob.correct","btr.est.hm1","btr.est.best"
"1",-0.201910989940225,6.25132921419999,-1.94289363154725,-0.442196606750148,17.9215487550856,2.49474395445809,0.347277374810033,3.19403610263276,1,2,0.00890638979885648,0.05,0.883571571571572,0.883203528235119,0.938586101112338,0.981324212658723,0.979423422093965,0.650865806797192,0.651843139030984
