"","intercept class1","intercept class2","age.centered class1","age.centered class2","varcov 1","varcov 2","varcov 3","stderr","bic.select","icl.select","ARI","MCR","RI","JI","FMI","mean.pprob.misc","mean.pprob.correct","btr.est.hm1","btr.est.best"
"1",8.37370591393078,2.62806495390713,-0.00661571141247738,-1.24720023077956,11.3511514751636,1.0107491551451,0.111283608400567,3.1502172437207,1,2,0.00898126845635992,0.4,0.519519519519519,0.495323329520221,0.688304358870506,0.777986331896751,0.836656765885434,0.650911407627784,0.650982758644734
