"","intercept class1","intercept class2","age.centered class1","age.centered class2","varcov 1","varcov 2","varcov 3","stderr","bic.select","icl.select","ARI","MCR","RI","JI","FMI","mean.pprob.misc","mean.pprob.correct","btr.est.hm1","btr.est.best"
"1",7.95660890889525,3.23860545732448,-0.188326395996543,-1.05320251561131,14.5286049530304,1.64509952389775,0.353343563410919,3.14172947043274,1,2,-0.00109169538988403,0.285,0.574072072072072,0.556988409913418,0.731626524900528,0.663332613407382,0.773480948866655,0.659994650484627,0.660020015784134
