"","intercept class1","intercept class2","age.centered class1","age.centered class2","varcov 1","varcov 2","varcov 3","stderr","bic.select","icl.select","ARI","MCR","RI","JI","FMI","mean.pprob.misc","mean.pprob.correct","btr.est.hm1","btr.est.best"
"1",6.09039782236705,14.1564556025341,-0.604818773798567,-2.82430676576998,19.1935274163014,2.66433605596708,0.403935163072316,3.18184881893289,1,2,0.0991652069885522,0.048,0.908516516516517,0.907983391259872,0.952778192696943,0.998636656307142,0.99998259669386,0.648242469588602,0.648688929493043
