"","intercept class1","intercept class2","age.centered class1","age.centered class2","varcov 1","varcov 2","varcov 3","stderr","bic.select","icl.select","ARI","MCR","RI","JI","FMI","mean.pprob.misc","mean.pprob.correct","btr.est.hm1","btr.est.best"
"1",13.3153943209163,5.96684241882659,1.83908592219922,-0.595984279238731,19.8724333442697,2.40313361595141,0.390784367295938,3.12958472460164,1,2,0.0238049438441588,0.05,0.89772972972973,0.897485500993358,0.946887553546893,0.998631973616493,0.996438636294016,0.674159099093008,0.67402994472456
