"","intercept class1","intercept class2","age.centered class1","age.centered class2","varcov 1","varcov 2","varcov 3","stderr","bic.select","icl.select","ARI","MCR","RI","JI","FMI","mean.pprob.misc","mean.pprob.correct","btr.est.hm1","btr.est.best"
"1",3.0638464178373,6.75439048120808,-0.427692856935932,-0.542268919608757,16.0435724519442,2.56162428036325,0.409012469063379,3.19348901484786,1,2,-0.0103469117859836,0.051,0.824642642642643,0.823172085774388,0.903011295592034,0.613603010452307,0.878118845860138,0.623994513269265,0.625293475489113
