"","intercept class1","intercept class2","age.centered class1","age.centered class2","varcov 1","varcov 2","varcov 3","stderr","bic.select","icl.select","ARI","MCR","RI","JI","FMI","mean.pprob.misc","mean.pprob.correct","btr.est.hm1","btr.est.best"
"1",8.7167297389482,3.44739773952613,0.0900726057293068,-1.10574767943434,12.5193679338266,1.15175901351283,0.106035148969836,3.16687718601208,1,2,-0.00102047574457052,0.484,0.4994994994995,0.474655268787378,0.672274674576677,0.770177297329599,0.780407139806706,0.647575492016713,0.648070992908586
