"","intercept class1","intercept class2","age.centered class1","age.centered class2","varcov 1","varcov 2","varcov 3","stderr","bic.select","icl.select","ARI","MCR","RI","JI","FMI","mean.pprob.misc","mean.pprob.correct","btr.est.hm1","btr.est.best"
"1",1.27718145346716,6.6043237860191,-0.711033338280017,-0.581605950245229,17.6733937242585,2.86444512354126,0.532826045605348,3.23262397241571,1,2,-0.0129914616249326,0.05,0.854336336336336,0.853636016173483,0.921204928456217,0.986966312412265,0.937826348169167,0.652865010826046,0.652832933479948
