"","intercept class1","intercept class2","age.centered class1","age.centered class2","varcov 1","varcov 2","varcov 3","stderr","bic.select","icl.select","ARI","MCR","RI","JI","FMI","mean.pprob.misc","mean.pprob.correct","btr.est.hm1","btr.est.best"
"1",4.28370242132282,8.94666237455075,-0.861726114427959,-0.151722760416974,14.2553754360951,2.19802809342256,0.37923769165725,3.17219917734678,1,2,0.0147090868413901,0.332,0.55204004004004,0.530654025254856,0.71403110605818,0.665817243330261,0.748397415184396,0.644727471667876,0.644689819925063
