"","intercept class1","intercept class2","age.centered class1","age.centered class2","varcov 1","varcov 2","varcov 3","stderr","bic.select","icl.select","ARI","MCR","RI","JI","FMI","mean.pprob.misc","mean.pprob.correct","btr.est.hm1","btr.est.best"
"1",0.569032020920353,6.41445021237506,-2.30376850070584,-0.462886382924012,17.8245521555333,2.41292725589527,0.333704754442419,3.20427646871842,1,2,0.0347495096976888,0.05,0.883571571571572,0.882975555179935,0.938391832618504,0.961801368263749,0.97904796135391,0.646278583207077,0.645845211439309
