"","intercept class1","intercept class2","age.centered class1","age.centered class2","varcov 1","varcov 2","varcov 3","stderr","bic.select","icl.select","ARI","MCR","RI","JI","FMI","mean.pprob.misc","mean.pprob.correct","btr.est.hm1","btr.est.best"
"1",11.6110794339981,5.67036255956835,-0.57725073437441,-0.54429233871767,15.9884463793357,2.7452210158292,0.471355272067638,3.17272396168351,1,2,0.0959278436165923,0.05,0.864522522522522,0.862652172324629,0.926365828492768,0.887562939537925,0.972847439056078,0.637657158402537,0.640693607507245
