"","intercept class1","intercept class2","age.centered class1","age.centered class2","varcov 1","varcov 2","varcov 3","stderr","bic.select","icl.select","ARI","MCR","RI","JI","FMI","mean.pprob.misc","mean.pprob.correct","btr.est.hm1","btr.est.best"
"1",2.22236770277402,6.13974344784461,-1.87557365755988,-0.473939182637311,19.2593344619529,2.36512487445888,0.290446987937287,3.16931485472429,1,2,-0.00865916076560105,0.05,0.895945945945946,0.895893840761142,0.946043881264565,0.928085593932558,0.955472207635697,0.650740056910699,0.654278577140445
