"","intercept class1","intercept class2","age.centered class1","age.centered class2","varcov 1","varcov 2","varcov 3","stderr","bic.select","icl.select","ARI","MCR","RI","JI","FMI","mean.pprob.misc","mean.pprob.correct","btr.est.hm1","btr.est.best"
"1",3.06864163925458,8.18992775134018,-0.831153376329074,-0.411277265241709,12.6331011888131,1.9791084201539,0.365232948443525,3.20841268221058,1,2,-0.00948540255188191,0.406,0.509309309309309,0.486935807317288,0.680740571042506,0.726610551383172,0.773649487524039,0.638957709317298,0.639133262691671
