"","intercept class1","intercept class2","age.centered class1","age.centered class2","varcov 1","varcov 2","varcov 3","stderr","bic.select","icl.select","ARI","MCR","RI","JI","FMI","mean.pprob.misc","mean.pprob.correct","btr.est.hm1","btr.est.best"
"1",5.7618225434827,10.2287243034438,-0.535961640794354,-1.02052895406392,18.1248380363287,2.91243543260122,0.467992077068984,3.08831633169215,1,2,0.177637989061121,0.05,0.899517517517518,0.898087270807529,0.946821381624933,0.879887342300197,0.975465342374547,0.657085533924063,0.659758282833189
