"","intercept class1","intercept class2","age.centered class1","age.centered class2","varcov 1","varcov 2","varcov 3","stderr","bic.select","icl.select","ARI","MCR","RI","JI","FMI","mean.pprob.misc","mean.pprob.correct","btr.est.hm1","btr.est.best"
"1",5.21735752384986,10.7479887901364,-0.590636978035937,-0.179742865459559,15.6981398885664,2.36597024136133,0.356591397431023,3.174215440441,1,2,0.0859610593456602,0.06,0.829501501501501,0.826242726449201,0.904900055420993,0.642691791030823,0.924678673230208,0.64567323641565,0.646972985645506
