"","intercept class1","intercept class2","age.centered class1","age.centered class2","varcov 1","varcov 2","varcov 3","stderr","bic.select","icl.select","ARI","MCR","RI","JI","FMI","mean.pprob.misc","mean.pprob.correct","btr.est.hm1","btr.est.best"
"1",-2.58388972203439,6.15307476047497,-2.03534577061889,-0.497617966852367,18.9251714475309,2.56369601506701,0.347291571558548,3.23105962222276,1,2,-0.0018630068931255,0.05,0.903105105105105,0.90309540494544,0.950218355906702,0.998368672821365,0.997825256195704,0.641044106026803,0.641131533944919
