"","intercept class1","intercept class2","age.centered class1","age.centered class2","varcov 1","varcov 2","varcov 3","stderr","bic.select","icl.select","ARI","MCR","RI","JI","FMI","mean.pprob.misc","mean.pprob.correct","btr.est.hm1","btr.est.best"
"1",-2.55876905171303,6.34361256543047,-1.50359854196602,-0.56301942806009,19.249348078653,2.72678039210787,0.575444199408359,3.05619616525113,1,2,-0.00705192065381648,0.05,0.89772972972973,0.897688764269978,0.947085738657055,0.998955184347869,0.997384495326104,0.678303340699287,0.678275526551555
