"","intercept class1","intercept class2","age.centered class1","age.centered class2","varcov 1","varcov 2","varcov 3","stderr","bic.select","icl.select","ARI","MCR","RI","JI","FMI","mean.pprob.misc","mean.pprob.correct","btr.est.hm1","btr.est.best"
"1",9.2041107778396,4.35292056025097,-0.245758517630252,-0.627769294434434,13.5854267273178,2.54837929263061,0.47802979659742,3.17632755780344,1,2,0.0370238895373241,0.326,0.560112112112112,0.536505927519723,0.719569492826579,0.676266322517968,0.795970402110687,0.641475962016219,0.643033547845555
