"","intercept class1","intercept class2","age.centered class1","age.centered class2","varcov 1","varcov 2","varcov 3","stderr","bic.select","icl.select","ARI","MCR","RI","JI","FMI","mean.pprob.misc","mean.pprob.correct","btr.est.hm1","btr.est.best"
"1",3.5809755006142,8.53052107290777,-0.942146790384952,-0.118873219214151,13.8677894212332,1.6646646380868,0.254383611347998,3.18380204883119,1,2,-0.00018338356730812,0.497,0.499517517517517,0.474532842879664,0.672252997694785,0.732059735945414,0.722393183149516,0.652553304031398,0.652553576710726
