"","intercept class1","intercept class2","age.centered class1","age.centered class2","varcov 1","varcov 2","varcov 3","stderr","bic.select","icl.select","ARI","MCR","RI","JI","FMI","mean.pprob.misc","mean.pprob.correct","btr.est.hm1","btr.est.best"
"1",6.98862143527482,1.39964052263782,-0.482428288602436,-1.20595616166042,15.3155679546184,1.99965590964669,0.268368244196211,3.17806815511558,1,2,-0.00920936761538432,0.072,0.794706706706707,0.792258728480148,0.884300490667862,0.627515835902476,0.909294838786957,0.647292626510354,0.647276442197624
