"","intercept class1","intercept class2","age.centered class1","age.centered class2","varcov 1","varcov 2","varcov 3","stderr","bic.select","icl.select","ARI","MCR","RI","JI","FMI","mean.pprob.misc","mean.pprob.correct","btr.est.hm1","btr.est.best"
"1",2.64594438748772,8.19399412731662,-1.00327011655545,-0.284602848464228,13.387877066802,2.06617091126644,0.318875219456922,3.19953707430397,1,2,-0.0030883594575505,0.344,0.537625625625626,0.517228404919774,0.703323969298748,0.712085281049596,0.810859897818696,0.657916261782019,0.658085530482125
