"","intercept class1","intercept class2","age.centered class1","age.centered class2","varcov 1","varcov 2","varcov 3","stderr","bic.select","icl.select","ARI","MCR","RI","JI","FMI","mean.pprob.misc","mean.pprob.correct","btr.est.hm1","btr.est.best"
"1",2.68265801518561,6.43175213257668,-1.53991246861838,-0.391648170327341,17.2697987808166,1.80915290058563,0.189523587359079,3.2017342378011,1,2,0.0849129504447296,0.05,0.885327327327327,0.884301209929909,0.939048091061282,0.89508953320951,0.917833079527837,0.634119732407705,0.635644838038204
