"","intercept class1","intercept class2","age.centered class1","age.centered class2","varcov 1","varcov 2","varcov 3","stderr","bic.select","icl.select","ARI","MCR","RI","JI","FMI","mean.pprob.misc","mean.pprob.correct","btr.est.hm1","btr.est.best"
"1",9.03656467609353,3.22547726102144,0.0738723891171031,-1.20626882461664,12.8889351700568,1.24690572832489,0.120635884962621,3.16839515434031,1,2,0.000819331547296072,0.476,0.500652652652653,0.47562765156771,0.673152103744946,0.799221460244047,0.801897506952505,0.668403642012299,0.6696753418278
