"","intercept class1","intercept class2","age.centered class1","age.centered class2","varcov 1","varcov 2","varcov 3","stderr","bic.select","icl.select","ARI","MCR","RI","JI","FMI","mean.pprob.misc","mean.pprob.correct","btr.est.hm1","btr.est.best"
"1",1.14513795791565,6.51804634782353,-2.1504431352998,-0.416982951420114,16.4561950728096,1.86614781600289,0.233657958152518,3.18600876510481,1,2,0.119157576633933,0.05,0.880072072072072,0.878500730163881,0.935589372024192,0.923027968605272,0.968406065210461,0.63910874626746,0.639149438241785
