"","intercept class1","intercept class2","age.centered class1","age.centered class2","varcov 1","varcov 2","varcov 3","stderr","bic.select","icl.select","ARI","MCR","RI","JI","FMI","mean.pprob.misc","mean.pprob.correct","btr.est.hm1","btr.est.best"
"1",9.36737491443711,3.89652840865092,-0.428026751846541,-0.63803288655533,13.131040988721,2.22533349130287,0.38583745006064,3.14777336442229,1,2,0.032468265281701,0.353,0.542760760760761,0.517680127384769,0.70608397407984,0.754248585999033,0.818657028605098,0.660907410438186,0.661145795090881
