"","intercept class1","intercept class2","age.centered class1","age.centered class2","varcov 1","varcov 2","varcov 3","stderr","bic.select","icl.select","ARI","MCR","RI","JI","FMI","mean.pprob.misc","mean.pprob.correct","btr.est.hm1","btr.est.best"
"1",6.29458872717978,0.661998604956614,-0.469460277443826,-2.67187112679043,17.5655864244029,2.23378034583069,0.284066561969521,3.14908708468907,1,2,0.0715084087520683,0.05,0.89239039039039,0.891676910985268,0.943380672509519,0.98306043346529,0.990082420443698,0.644691899363666,0.647355139934542
