"","intercept class1","intercept class2","age.centered class1","age.centered class2","varcov 1","varcov 2","varcov 3","stderr","bic.select","icl.select","ARI","MCR","RI","JI","FMI","mean.pprob.misc","mean.pprob.correct","btr.est.hm1","btr.est.best"
"1",8.13488273030982,3.55649595909926,-0.544000675652967,-0.570866579118137,16.1068707302413,2.98724709260506,0.554027290634098,3.14251579665463,1,2,-0.00218355065648403,0.475,0.499517517517517,0.474872809615635,0.672340701368217,0.732408070447477,0.760667835224868,0.674627267200751,0.675280551187697
