"","intercept class1","intercept class2","age.centered class1","age.centered class2","varcov 1","varcov 2","varcov 3","stderr","bic.select","icl.select","ARI","MCR","RI","JI","FMI","mean.pprob.misc","mean.pprob.correct","btr.est.hm1","btr.est.best"
"1",3.02610316221795,8.86535307817808,-0.923344261991125,-0.243572314772127,10.7552173126051,1.69760482598115,0.311273255488799,3.15566060310986,1,2,-0.00918563640987221,0.411,0.507957957957958,0.485393573674932,0.67961869623137,0.764377108892186,0.83251958933541,0.645041832259048,0.64501613156653
