"","intercept class1","intercept class2","age.centered class1","age.centered class2","varcov 1","varcov 2","varcov 3","stderr","bic.select","icl.select","ARI","MCR","RI","JI","FMI","mean.pprob.misc","mean.pprob.correct","btr.est.hm1","btr.est.best"
"1",12.0895778987467,6.03752870690047,1.0322388124267,-0.561649822389918,19.7671689489461,2.50720505315671,0.318014574889758,3.21740985276109,1,2,-0.00365702069713826,0.05,0.901309309309309,0.901289547456948,0.949172979787412,0.990812102860721,0.988218275685938,0.656014186221989,0.656416690428816
