"","intercept class1","intercept class2","age.centered class1","age.centered class2","varcov 1","varcov 2","varcov 3","stderr","bic.select","icl.select","ARI","MCR","RI","JI","FMI","mean.pprob.misc","mean.pprob.correct","btr.est.hm1","btr.est.best"
"1",3.6981183793618,8.70979587236571,-0.632172424152161,-0.382134957810481,12.6481717355778,2.42564421273297,0.46518582691501,3.17318413909811,1,2,-0.00204419484021343,0.476,0.499507507507507,0.474838037459352,0.672326259556406,0.760952294074237,0.785520518054621,0.638017027782367,0.640188554205106
