"","intercept class1","intercept class2","age.centered class1","age.centered class2","varcov 1","varcov 2","varcov 3","stderr","bic.select","icl.select","ARI","MCR","RI","JI","FMI","mean.pprob.misc","mean.pprob.correct","btr.est.hm1","btr.est.best"
"1",9.95298438802587,5.04164630908839,0.473802652511221,-0.796229764159185,16.3316041738234,2.06536011345077,0.262095537811399,3.12357437570463,1,2,-0.0153491459738773,0.082,0.779531531531532,0.776703556959613,0.874759428082545,0.647945987606619,0.88505878098843,0.664609671216682,0.664592614401732
