"","intercept class1","intercept class2","age.centered class1","age.centered class2","varcov 1","varcov 2","varcov 3","stderr","bic.select","icl.select","ARI","MCR","RI","JI","FMI","mean.pprob.misc","mean.pprob.correct","btr.est.hm1","btr.est.best"
"1",6.89403576008975,2.26406428021095,-0.353392775284258,-1.47838175051737,15.9128926196722,2.2017647076776,0.3186498991485,3.1438995352577,1,2,0.0157207233407156,0.078,0.79163963963964,0.788390297460505,0.882015762218523,0.631868301437066,0.869999489421357,0.649508702010064,0.649587079412663
