"","intercept class1","intercept class2","age.centered class1","age.centered class2","varcov 1","varcov 2","varcov 3","stderr","bic.select","icl.select","ARI","MCR","RI","JI","FMI","mean.pprob.misc","mean.pprob.correct","btr.est.hm1","btr.est.best"
"1",3.67402688184931,8.35802302695367,-1.19016059764199,-0.0187858192856931,14.3688917534622,1.33738202036339,0.124476674280752,3.13660684577007,1,2,0.00554068307372162,0.422,0.51167967967968,0.487136140758122,0.682047048731879,0.712418790914751,0.759520303887273,0.657789480166977,0.658450254870381
