"","intercept class1","intercept class2","age.centered class1","age.centered class2","varcov 1","varcov 2","varcov 3","stderr","bic.select","icl.select","ARI","MCR","RI","JI","FMI","mean.pprob.misc","mean.pprob.correct","btr.est.hm1","btr.est.best"
"1",8.66904953122782,3.05613403899705,0.0613862929273207,-1.18924024087138,12.2845949492661,1.06929622948669,0.0930756166132764,3.10747863316967,1,2,-0.00287400012210216,0.463,0.500382382382382,0.475951987971794,0.673089145925787,0.794673270885177,0.792295228960995,0.66524485272158,0.665841918721328
