"","intercept class1","intercept class2","age.centered class1","age.centered class2","varcov 1","varcov 2","varcov 3","stderr","bic.select","icl.select","ARI","MCR","RI","JI","FMI","mean.pprob.misc","mean.pprob.correct","btr.est.hm1","btr.est.best"
"1",6.10278589697118,7.32392327191478,-0.457056693508274,-3.05739506167017,20.0652303657,2.79142910073104,0.388338436628495,3.16021924612049,2,2,0.0956708372772248,0.049,0.906708708708709,0.906156733700928,0.951729345359002,0.991159738894847,0.99921186019877,0.650732768332594,0.654824276812789
