"","intercept class1","intercept class2","age.centered class1","age.centered class2","varcov 1","varcov 2","varcov 3","stderr","bic.select","icl.select","ARI","MCR","RI","JI","FMI","mean.pprob.misc","mean.pprob.correct","btr.est.hm1","btr.est.best"
"1",5.72713482342746,10.500797664487,-0.60040378322679,-0.392887766443461,17.5380239509001,2.66217310702057,0.480668225431304,3.15311913784334,1,2,0.0903405693188893,0.05,0.888850850850851,0.88787528728436,0.941118605537605,0.87057613562146,0.940906649717705,0.650854719302107,0.650827444312714
