"","intercept class1","intercept class2","age.centered class1","age.centered class2","varcov 1","varcov 2","varcov 3","stderr","bic.select","icl.select","ARI","MCR","RI","JI","FMI","mean.pprob.misc","mean.pprob.correct","btr.est.hm1","btr.est.best"
"1",3.37914630502428,8.77023843193341,-0.914625101915127,-0.223266518627551,11.2891400146032,1.69813487636915,0.323132471391535,3.23106794341235,1,2,0.000597389531226908,0.475,0.500750750750751,0.475774749738282,0.673243171919022,0.755858910687096,0.799394855271848,0.624862895090046,0.624924918606863
