"","intercept class1","intercept class2","age.centered class1","age.centered class2","varcov 1","varcov 2","varcov 3","stderr","bic.select","icl.select","ARI","MCR","RI","JI","FMI","mean.pprob.misc","mean.pprob.correct","btr.est.hm1","btr.est.best"
"1",3.68224621493005,8.80943654361662,-0.71539900142137,-0.40376916086335,11.5006933635755,1.99052014322173,0.344515800761577,3.22366133316752,1,2,0.000936862151133128,0.483,0.500078078078078,0.474966884632367,0.672669882158648,0.784323167558844,0.770408615781477,0.619701440351212,0.621185731226247
