"","intercept class1","intercept class2","age.centered class1","age.centered class2","varcov 1","varcov 2","varcov 3","stderr","bic.select","icl.select","ARI","MCR","RI","JI","FMI","mean.pprob.misc","mean.pprob.correct","btr.est.hm1","btr.est.best"
"1",5.51997048537055,11.528443408385,-0.588128865029,-0.177902591726094,16.916372208907,2.51095202945046,0.429930420007872,3.2086492868141,1,2,-0.00522070579373851,0.05,0.866234234234234,0.865681903161348,0.928318318060164,0.919458044580319,0.959538440128068,0.649855546755062,0.649716110460743
