"","intercept class1","intercept class2","age.centered class1","age.centered class2","varcov 1","varcov 2","varcov 3","stderr","bic.select","icl.select","ARI","MCR","RI","JI","FMI","mean.pprob.misc","mean.pprob.correct","btr.est.hm1","btr.est.best"
"1",3.90584796780586,9.41836684055312,-0.820354447170166,-0.180584700399359,15.216759709525,2.49317509135639,0.408491831036233,3.16541684124551,1,2,0.010873489498163,0.296,0.571771771771772,0.552985530022487,0.729458711510361,0.703302465733734,0.803305652298467,0.673774500079975,0.674472295543553
