"","intercept class1","intercept class2","age.centered class1","age.centered class2","varcov 1","varcov 2","varcov 3","stderr","bic.select","icl.select","ARI","MCR","RI","JI","FMI","mean.pprob.misc","mean.pprob.correct","btr.est.hm1","btr.est.best"
"1",2.63805970737575,7.76185677210284,-1.55573663162293,-0.181385350372367,14.3261507462386,1.6500480884146,0.190053890848908,3.14719372746201,1,2,0.0313953089121973,0.199,0.65757957957958,0.644830450401811,0.792012051520649,0.687582658479524,0.855767897227889,0.650523744075403,0.651996466576609
