"","intercept class1","intercept class2","age.centered class1","age.centered class2","varcov 1","varcov 2","varcov 3","stderr","bic.select","icl.select","ARI","MCR","RI","JI","FMI","mean.pprob.misc","mean.pprob.correct","btr.est.hm1","btr.est.best"
"1",4.10334150387303,8.47865024334285,-0.556230320099947,-0.440478827625441,14.6512409269902,2.61995277633051,0.468513713202501,3.18910447650013,1,2,0.0163266874353833,0.411,0.515357357357357,0.48946791235211,0.684619408589888,0.694200876723076,0.759474956132958,0.645289450946053,0.646029143882995
