"","intercept class1","intercept class2","age.centered class1","age.centered class2","varcov 1","varcov 2","varcov 3","stderr","bic.select","icl.select","ARI","MCR","RI","JI","FMI","mean.pprob.misc","mean.pprob.correct","btr.est.hm1","btr.est.best"
"1",9.07842946198007,4.92580103421165,-0.464506465902454,-0.593204074241018,16.3110878388789,2.51058426665105,0.438727252064323,3.16262030708015,1,2,0.0894629360841591,0.168,0.707075075075075,0.694551375725439,0.825095270853174,0.621944418595312,0.787827739634225,0.656115881829954,0.655943029923129
