"","intercept class1","intercept class2","age.centered class1","age.centered class2","varcov 1","varcov 2","varcov 3","stderr","bic.select","icl.select","ARI","MCR","RI","JI","FMI","mean.pprob.misc","mean.pprob.correct","btr.est.hm1","btr.est.best"
"1",6.50862257391246,0.00558876195080968,-0.496181238776549,-1.47187605291475,18.1779494167112,2.34203709539143,0.301748975506844,3.17641199362172,1,2,-0.0018630068931255,0.05,0.903105105105105,0.90309540494544,0.950218355906702,0.993875040467519,0.99152507108397,0.639054359863148,0.639061167801487
