"","intercept class1","intercept class2","age.centered class1","age.centered class2","varcov 1","varcov 2","varcov 3","stderr","bic.select","icl.select","ARI","MCR","RI","JI","FMI","mean.pprob.misc","mean.pprob.correct","btr.est.hm1","btr.est.best"
"1",9.59344103792317,5.2347944612606,-0.903551422738119,-0.592181159892974,18.191225030349,3.13929368654488,0.541753988131235,3.23148997252492,1,2,0.139674748827863,0.075,0.821423423423423,0.816335229027595,0.899158186435743,0.675654456388467,0.917203005949438,0.653518308075817,0.655261818827843
