"","intercept class1","intercept class2","age.centered class1","age.centered class2","varcov 1","varcov 2","varcov 3","stderr","bic.select","icl.select","ARI","MCR","RI","JI","FMI","mean.pprob.misc","mean.pprob.correct","btr.est.hm1","btr.est.best"
"1",1.55899015603136,7.3250056329965,-0.970460735175459,-0.351170082220703,13.0728222488879,1.9485541245382,0.290439440279946,3.11647250325229,1,2,-0.0284545367996905,0.187,0.648706706706707,0.640037335630911,0.787274078854131,0.706018719339327,0.882129725524402,0.654527130382586,0.655017489998715
