"","intercept class1","intercept class2","age.centered class1","age.centered class2","varcov 1","varcov 2","varcov 3","stderr","bic.select","icl.select","ARI","MCR","RI","JI","FMI","mean.pprob.misc","mean.pprob.correct","btr.est.hm1","btr.est.best"
"1",-1.47176546172772,6.29860716780886,-2.09063019952371,-0.48704996470222,16.6283182217123,2.10793376500752,0.429879195976029,3.12194073843443,1,2,-0.00140485882666806,0.05,0.871393393393393,0.870899736731044,0.931385724937987,0.987707710814815,0.985582549534353,0.664781437618996,0.664727894526042
