"","intercept class1","intercept class2","age.centered class1","age.centered class2","varcov 1","varcov 2","varcov 3","stderr","bic.select","icl.select","ARI","MCR","RI","JI","FMI","mean.pprob.misc","mean.pprob.correct","btr.est.hm1","btr.est.best"
"1",5.60149260901787,6.16169836591275,-2.07179819701638,-0.497088443087881,19.7815370302795,2.80148440441265,0.396749501018465,3.22629615506443,1,2,0.126767494986741,0.048,0.908516516516517,0.907799586776859,0.952591414836835,0.921400794182714,0.978089264108268,0.644285796720916,0.648054145278778
