"","intercept class1","intercept class2","age.centered class1","age.centered class2","varcov 1","varcov 2","varcov 3","stderr","bic.select","icl.select","ARI","MCR","RI","JI","FMI","mean.pprob.misc","mean.pprob.correct","btr.est.hm1","btr.est.best"
"1",3.96116619367325,9.85448040638364,-0.776988736680136,-0.225139165825648,12.3824100478543,2.02841325898448,0.443178653207474,3.15621467110693,1,2,0.020199295414329,0.333,0.554004004004004,0.532065904613071,0.715374337273419,0.757065586710126,0.842045727271355,0.665826893810928,0.665676649121625
