"","intercept class1","intercept class2","age.centered class1","age.centered class2","varcov 1","varcov 2","varcov 3","stderr","bic.select","icl.select","ARI","MCR","RI","JI","FMI","mean.pprob.misc","mean.pprob.correct","btr.est.hm1","btr.est.best"
"1",6.35489222890458,0.61662403156328,-0.562870348493363,-1.52676822940293,17.8505649418244,2.29755418256302,0.312524856960095,3.20796312649359,1,2,-0.0131539663745245,0.05,0.890618618618619,0.890530955720297,0.942925407745778,0.968674655161779,0.965606728559102,0.645128496368956,0.645087149972667
