"","intercept class1","intercept class2","age.centered class1","age.centered class2","varcov 1","varcov 2","varcov 3","stderr","bic.select","icl.select","ARI","MCR","RI","JI","FMI","mean.pprob.misc","mean.pprob.correct","btr.est.hm1","btr.est.best"
"1",8.67888781829151,2.26489480833927,-0.161162099672883,-1.01351783666906,9.84488669270466,1.53842582097588,0.240404398872251,3.21274622614909,1,2,-0.00691309255078998,0.37,0.523723723723724,0.502457387849001,0.692352187471222,0.806638931392693,0.888807681853735,0.640952926284337,0.641229926905122
