"","intercept class1","intercept class2","age.centered class1","age.centered class2","varcov 1","varcov 2","varcov 3","stderr","bic.select","icl.select","ARI","MCR","RI","JI","FMI","mean.pprob.misc","mean.pprob.correct","btr.est.hm1","btr.est.best"
"1",7.20950447938354,0.705283349324913,-0.342653341639902,-1.71892739619123,13.992171162913,1.46574790099465,0.153556164421919,3.10370289397805,1,2,-0.0202368309597667,0.119,0.729571571571572,0.724817161366553,0.842390837910408,0.674513452605613,0.936974176526219,0.658901201674615,0.659728043260443
