"","intercept class1","intercept class2","age.centered class1","age.centered class2","varcov 1","varcov 2","varcov 3","stderr","bic.select","icl.select","ARI","MCR","RI","JI","FMI","mean.pprob.misc","mean.pprob.correct","btr.est.hm1","btr.est.best"
"1",6.90489904023959,2.05336875817651,-0.49074458527119,-0.73014832341184,17.4063292830397,2.59584139875756,0.408886139030616,3.24402629627666,1,2,-0.0464904201873349,0.05,0.821423423423423,0.820543204908963,0.901427232749676,0.943810800435148,0.890991161515074,0.651250892363223,0.651273633871109
