"","intercept class1","intercept class2","age.centered class1","age.centered class2","varcov 1","varcov 2","varcov 3","stderr","bic.select","icl.select","ARI","MCR","RI","JI","FMI","mean.pprob.misc","mean.pprob.correct","btr.est.hm1","btr.est.best"
"1",6.28841077242706,-10.1656550830605,-0.486332092227265,-4.96690805370933,19.000010044002,2.9186029620199,0.59484299692704,3.10665199347047,1,2,-0.0018630068931255,0.05,0.903105105105105,0.90309540494544,0.950218355906702,0.999994392264391,0.999999263245914,0.659023469619352,0.659053356725707
