"","intercept class1","intercept class2","age.centered class1","age.centered class2","varcov 1","varcov 2","varcov 3","stderr","bic.select","icl.select","ARI","MCR","RI","JI","FMI","mean.pprob.misc","mean.pprob.correct","btr.est.hm1","btr.est.best"
"1",9.15965812980448,4.10555835384657,-0.337589660721943,-0.802536156131728,13.7070958529742,2.11945281233665,0.327719377693001,3.15662591576511,1,2,0.0566707000040376,0.261,0.613855855855856,0.59417304544326,0.759734918181902,0.678725344377465,0.813786479447187,0.645213416368084,0.646336047443168
