"","intercept class1","intercept class2","age.centered class1","age.centered class2","varcov 1","varcov 2","varcov 3","stderr","bic.select","icl.select","ARI","MCR","RI","JI","FMI","mean.pprob.misc","mean.pprob.correct","btr.est.hm1","btr.est.best"
"1",9.86583719353897,5.65183475470108,-0.737869067351101,-0.498860283262274,17.738125387694,2.46050162678539,0.341302939375358,3.23171058971712,1,2,0.157058922957303,0.05,0.880072072072072,0.878033684073362,0.935242469583631,0.797372564094547,0.925123339176842,0.637507978633928,0.639798462453459
