"","intercept class1","intercept class2","age.centered class1","age.centered class2","varcov 1","varcov 2","varcov 3","stderr","bic.select","icl.select","ARI","MCR","RI","JI","FMI","mean.pprob.misc","mean.pprob.correct","btr.est.hm1","btr.est.best"
"1",7.55590975366846,6.28172821897651,-1.82677295428341,-0.482513069452586,20.2053458689246,2.72760579608409,0.368211143335247,3.15839153787243,1,2,0.0579729173859066,0.05,0.901309309309309,0.900895829647619,0.9487803716587,0.953806691327529,0.985411198204262,0.652636581320472,0.655835889963652
