"","intercept class1","intercept class2","age.centered class1","age.centered class2","varcov 1","varcov 2","varcov 3","stderr","bic.select","icl.select","ARI","MCR","RI","JI","FMI","mean.pprob.misc","mean.pprob.correct","btr.est.hm1","btr.est.best"
"1",4.52989087837655,9.13102155753421,-0.930316479650801,0.129606306674417,13.5998362305201,1.4597165671108,0.165042094399735,3.22237983263412,1,2,-0.0121008117542364,0.333,0.539301301301301,0.520339590706904,0.705004096551812,0.698211879185683,0.760233617903902,0.63016342774823,0.630165742283305
