"","intercept class1","intercept class2","age.centered class1","age.centered class2","varcov 1","varcov 2","varcov 3","stderr","bic.select","icl.select","ARI","MCR","RI","JI","FMI","mean.pprob.misc","mean.pprob.correct","btr.est.hm1","btr.est.best"
"1",7.90767126268372,3.30113765173942,-0.191685568355019,-1.09141753516842,13.591875184103,1.42546739426388,0.198552994783153,3.13906840021761,1,2,0.00630736772634234,0.332,0.54822022022022,0.527597164712138,0.711338502276203,0.671796176417397,0.758541225713305,0.644746073007079,0.644759121695202
