"","intercept class1","intercept class2","age.centered class1","age.centered class2","varcov 1","varcov 2","varcov 3","stderr","bic.select","icl.select","ARI","MCR","RI","JI","FMI","mean.pprob.misc","mean.pprob.correct","btr.est.hm1","btr.est.best"
"1",5.88245008780665,8.77723597482724,-0.549010495521906,-1.54071109074367,17.961237832686,2.71587103448714,0.410659762505387,3.19631882140622,1,2,0.152626772687417,0.048,0.908516516516517,0.907615793623517,0.95240846277976,0.938718707787322,0.986211629600635,0.626740722977395,0.628988863763373
