"","intercept class1","intercept class2","age.centered class1","age.centered class2","varcov 1","varcov 2","varcov 3","stderr","bic.select","icl.select","ARI","MCR","RI","JI","FMI","mean.pprob.misc","mean.pprob.correct","btr.est.hm1","btr.est.best"
"1",2.61628193862286,6.38356155579539,-1.0916712277676,-0.510945588911321,17.8025445957605,2.40121012198659,0.323876271058919,3.24079275289701,1,2,-0.00865916076560105,0.05,0.895945945945946,0.895893840761142,0.946043881264565,0.932442467661251,0.913479709610543,0.632250346752603,0.632311458751882
