"","intercept class1","intercept class2","age.centered class1","age.centered class2","varcov 1","varcov 2","varcov 3","stderr","bic.select","icl.select","ARI","MCR","RI","JI","FMI","mean.pprob.misc","mean.pprob.correct","btr.est.hm1","btr.est.best"
"1",5.1735371619453,8.57084320932228,-0.505750425025153,-0.746887226389472,18.0770681939814,3.11944652491122,0.538305697991636,3.10321831314993,1,2,0.143240276081998,0.131,0.760402402402402,0.749975975097666,0.859827798571962,0.642425016845897,0.809886037203297,0.669481804060661,0.670477271965505
