"","intercept class1","intercept class2","age.centered class1","age.centered class2","varcov 1","varcov 2","varcov 3","stderr","bic.select","icl.select","ARI","MCR","RI","JI","FMI","mean.pprob.misc","mean.pprob.correct","btr.est.hm1","btr.est.best"
"1",6.23828976456656,4.37826460795998,-0.54076686648424,-7.53759381423466,21.5581276912508,3.0903220300624,0.600499974730472,3.04366366104017,1,2,-0.0018630068931255,0.05,0.903105105105105,0.90309540494544,0.950218355906702,0.999999952984858,0.999999999958176,0.687428865019689,0.688632303622678
