"","intercept class1","intercept class2","age.centered class1","age.centered class2","varcov 1","varcov 2","varcov 3","stderr","bic.select","icl.select","ARI","MCR","RI","JI","FMI","mean.pprob.misc","mean.pprob.correct","btr.est.hm1","btr.est.best"
"1",6.21404463068405,2.89764745843287,-0.438403323473456,-2.61241756481418,18.6578303528449,2.60094164061354,0.362581097720745,3.19509605596125,1,2,0.136689212769847,0.05,0.901309309309309,0.900305377474872,0.948220045024572,0.94392245405109,0.985908283003068,0.639922156257695,0.641797713215147
