"","intercept class1","intercept class2","age.centered class1","age.centered class2","varcov 1","varcov 2","varcov 3","stderr","bic.select","icl.select","ARI","MCR","RI","JI","FMI","mean.pprob.misc","mean.pprob.correct","btr.est.hm1","btr.est.best"
"1",3.47380194113222,8.41335268406334,-0.755623265628224,-0.361489002374943,14.0069217878678,2.2147694726644,0.350201645323077,3.17156471237612,1,2,-0.00171042278677655,0.472,0.500012012012012,0.475343162175902,0.672730651565074,0.710626987347629,0.760906881623595,0.653978602566627,0.654555037453613
