"","intercept class1","intercept class2","age.centered class1","age.centered class2","varcov 1","varcov 2","varcov 3","stderr","bic.select","icl.select","ARI","MCR","RI","JI","FMI","mean.pprob.misc","mean.pprob.correct","btr.est.hm1","btr.est.best"
"1",3.41462799290862,7.59360233305886,-1.40918506182991,-0.0672117094269544,15.8429294416309,1.6122545405446,0.164079624274602,3.06337469384876,1,2,0.0506950287844325,0.199,0.664402402402402,0.650671229051443,0.79635811853422,0.673433870627489,0.812077628436708,0.664177646255066,0.665160445503202
