"","intercept class1","intercept class2","age.centered class1","age.centered class2","varcov 1","varcov 2","varcov 3","stderr","bic.select","icl.select","ARI","MCR","RI","JI","FMI","mean.pprob.misc","mean.pprob.correct","btr.est.hm1","btr.est.best"
"1",19.8265397361561,5.97866152162767,3.81141761137628,-0.566220618742687,20.281511404454,2.59874372097765,0.402965895282707,3.04669575473417,1,2,0.0329091917576666,0.05,0.904904904904905,0.904714524716049,0.951066669547665,0.999998829451045,0.999995854467331,0.680200328706008,0.680696026762443
