"","intercept class1","intercept class2","age.centered class1","age.centered class2","varcov 1","varcov 2","varcov 3","stderr","bic.select","icl.select","ARI","MCR","RI","JI","FMI","mean.pprob.misc","mean.pprob.correct","btr.est.hm1","btr.est.best"
"1",3.8310313959737,9.42431700174994,-0.847028174109039,-0.23508392364993,11.8931318869459,1.91777770345361,0.384569625040068,3.14371491525039,1,2,0.0302578978589452,0.359,0.539301301301301,0.514129411218229,0.703411975739472,0.74852338156893,0.815032473665062,0.649587379857002,0.64975229236255
