"","intercept class1","intercept class2","age.centered class1","age.centered class2","varcov 1","varcov 2","varcov 3","stderr","bic.select","icl.select","ARI","MCR","RI","JI","FMI","mean.pprob.misc","mean.pprob.correct","btr.est.hm1","btr.est.best"
"1",6.75848207274082,3.57793996582583,-0.603287838478056,-0.308448439320758,17.2913709741004,2.73681063259494,0.433189079407511,3.15760386810535,1,2,-0.05169901758538,0.063,0.799337337337337,0.798063866223431,0.887766560458214,0.615711044868632,0.86217218638882,0.644436359732343,0.644380881405813
