"","intercept class1","intercept class2","age.centered class1","age.centered class2","varcov 1","varcov 2","varcov 3","stderr","bic.select","icl.select","ARI","MCR","RI","JI","FMI","mean.pprob.misc","mean.pprob.correct","btr.est.hm1","btr.est.best"
"1",4.50473915929852,9.42407220192991,-0.589312318972449,-0.398748276732081,14.9549156170347,2.54959782886516,0.434670391882275,3.16093802256212,1,2,0.0656470746967682,0.252,0.622630630630631,0.602970726631646,0.765952933247676,0.674311511806372,0.824891874871402,0.659692929712782,0.660253009227305
