"","intercept class1","intercept class2","age.centered class1","age.centered class2","varcov 1","varcov 2","varcov 3","stderr","bic.select","icl.select","ARI","MCR","RI","JI","FMI","mean.pprob.misc","mean.pprob.correct","btr.est.hm1","btr.est.best"
"1",9.50663730100547,3.64142503246491,-0.00308035146382202,-0.960678988449425,12.640363216507,1.60699404060749,0.210379968913536,3.18894062319625,1,2,0.0292721920591069,0.352,0.543351351351351,0.518831505803234,0.706664791031841,0.733458160549364,0.82152138264343,0.660841466094508,0.66068143956974
