"","intercept class1","intercept class2","age.centered class1","age.centered class2","varcov 1","varcov 2","varcov 3","stderr","bic.select","icl.select","ARI","MCR","RI","JI","FMI","mean.pprob.misc","mean.pprob.correct","btr.est.hm1","btr.est.best"
"1",7.50775677567757,6.11163325157079,-1.50244176348221,-0.48917876695799,0.900979801732458,0.122671227073393,0.0167021624258663,1.40860195706097,2,2,0.659200386058189,0.077,0.857715715715716,0.816589074467865,0.899599492377348,0.719640763492013,0.991928489371774,0.463907431126456,0.467626313881546
