"","intercept class1","intercept class2","age.centered class1","age.centered class2","varcov 1","varcov 2","varcov 3","stderr","bic.select","icl.select","ARI","MCR","RI","JI","FMI","mean.pprob.misc","mean.pprob.correct","btr.est.hm1","btr.est.best"
"1",5.96892795226902,7.55294189484545,-0.484479454832813,-1.43643523371124,0.927815006475223,0.122982806496638,0.0163015991560701,1.40117525393212,2,2,0.677743086071694,0.073,0.864522522522522,0.823672416488613,0.903714411943642,0.756229677646615,0.991749564531945,0.486968295978401,0.489422565642337
