"","intercept class1","intercept class2","age.centered class1","age.centered class2","varcov 1","varcov 2","varcov 3","stderr","bic.select","icl.select","ARI","MCR","RI","JI","FMI","mean.pprob.misc","mean.pprob.correct","btr.est.hm1","btr.est.best"
"1",7.69420865853004,5.93262584260134,-1.45094108102615,-0.50212158207761,0.975026087682327,0.162321503352876,0.0495613419703543,1.39367244876946,2,2,0.648170079084616,0.082,0.849297297297297,0.802976449095183,0.890814355121845,0.702071771849757,0.993169203618406,0.518211719756712,0.519417734191684
