"","intercept class1","intercept class2","age.centered class1","age.centered class2","varcov 1","varcov 2","varcov 3","stderr","bic.select","icl.select","ARI","MCR","RI","JI","FMI","mean.pprob.misc","mean.pprob.correct","btr.est.hm1","btr.est.best"
"1",6.05538643570648,7.36546723278424,-0.52169314258697,-1.51345900000981,1.05565418224062,0.151389687571895,0.0564151102330608,1.37123343908148,2,2,0.70431935108492,0.067,0.874852852852853,0.835159010600707,0.910445596291261,0.68282372981153,0.985680567109124,0.516190224809961,0.516159435176271
