"","intercept class1","intercept class2","age.centered class1","age.centered class2","varcov 1","varcov 2","varcov 3","stderr","bic.select","icl.select","ARI","MCR","RI","JI","FMI","mean.pprob.misc","mean.pprob.correct","btr.est.hm1","btr.est.best"
"1",5.96706362536145,7.41577709909748,-0.533624188944163,-1.47509352610719,1.02400412716936,0.150061650566125,0.0324531980312454,1.45673222580442,2,2,0.690726926257913,0.071,0.86794994994995,0.825671318321176,0.904643692314225,0.71941441630682,0.986386111519507,0.475324863332919,0.476814693245652
