"","intercept class1","intercept class2","age.centered class1","age.centered class2","varcov 1","varcov 2","varcov 3","stderr","bic.select","icl.select","ARI","MCR","RI","JI","FMI","mean.pprob.misc","mean.pprob.correct","btr.est.hm1","btr.est.best"
"1",5.99056989998932,7.76242099678122,-0.494803704380419,-1.43389457097173,0.96031505649286,0.190156523194594,0.0424468179635842,1.39573467901499,2,2,0.684306859640348,0.072,0.866234234234234,0.824651091994142,0.904147804577665,0.716433260568171,0.995965738258001,0.506365243685416,0.507687947857309
