"","intercept class1","intercept class2","age.centered class1","age.centered class2","varcov 1","varcov 2","varcov 3","stderr","bic.select","icl.select","ARI","MCR","RI","JI","FMI","mean.pprob.misc","mean.pprob.correct","btr.est.hm1","btr.est.best"
"1",7.53985223040781,5.99877860545857,-1.52008366782307,-0.49506248456335,1.02065158782889,0.121938787853474,0.0145686258570368,1.40502983865814,2,2,0.679196821095753,0.073,0.864522522522522,0.823061999288807,0.903253767570325,0.794533927978368,0.99291743246583,0.496737807030497,0.500725549107569
