"","intercept class1","intercept class2","age.centered class1","age.centered class2","varcov 1","varcov 2","varcov 3","stderr","bic.select","icl.select","ARI","MCR","RI","JI","FMI","mean.pprob.misc","mean.pprob.correct","btr.est.hm1","btr.est.best"
"1",7.58670644148139,5.99638827425486,-1.50500142652728,-0.502512720820196,0.999245835043965,0.170784869923659,0.0291909643845626,1.43279119955038,2,2,0.68660804324501,0.071,0.86794994994995,0.827449903207241,0.905933996732464,0.729212288769082,0.994014522098845,0.493150191139848,0.49232976384951
