"","intercept class1","intercept class2","age.centered class1","age.centered class2","varcov 1","varcov 2","varcov 3","stderr","bic.select","icl.select","ARI","MCR","RI","JI","FMI","mean.pprob.misc","mean.pprob.correct","btr.est.hm1","btr.est.best"
"1",6.03990303086694,7.38648757447335,-0.495961636951765,-1.48122179826898,1.07456548527849,0.128615411264412,0.0153940891579795,1.44251039961434,2,2,0.662319323238164,0.077,0.857715715715716,0.815311733399859,0.898613225392354,0.707354145659077,0.986897144676905,0.48460412697152,0.484376502355908
