"","intercept class1","intercept class2","age.centered class1","age.centered class2","varcov 1","varcov 2","varcov 3","stderr","bic.select","icl.select","ARI","MCR","RI","JI","FMI","mean.pprob.misc","mean.pprob.correct","btr.est.hm1","btr.est.best"
"1",6.05467591798255,7.61329126095013,-0.486600796407232,-1.55884428413254,0.886020294667935,0.112822965164182,0.0143665858522626,1.40594368202213,2,2,0.724612146607866,0.062,0.883571571571572,0.84589130031534,0.916804730402494,0.757996907477581,0.995186965871835,0.484647769074056,0.489392207928756
