"","intercept class1","intercept class2","age.centered class1","age.centered class2","varcov 1","varcov 2","varcov 3","stderr","bic.select","icl.select","ARI","MCR","RI","JI","FMI","mean.pprob.misc","mean.pprob.correct","btr.est.hm1","btr.est.best"
"1",7.42478527832034,6.04961468746614,-1.54836166036195,-0.477254869745132,0.96478341713085,0.134112207363908,0.018642614120874,1.43036657760951,2,2,0.651106089533111,0.079,0.854336336336336,0.812640984704125,0.897199991795641,0.707307420039919,0.994563856640928,0.464133341579656,0.469145858093097
