"","intercept class1","intercept class2","age.centered class1","age.centered class2","varcov 1","varcov 2","varcov 3","stderr","bic.select","icl.select","ARI","MCR","RI","JI","FMI","mean.pprob.misc","mean.pprob.correct","btr.est.hm1","btr.est.best"
"1",6.01108055587117,7.35543133263686,-0.492601256384198,-1.6315138697797,0.945827047352976,0.139963073998913,0.0207117036047103,1.42755036513196,2,2,0.682970470112695,0.071,0.86794994994995,0.828953373787667,0.907108409121846,0.707971463669257,0.996132285734462,0.477737411107899,0.481067473984513
