"","intercept class1","intercept class2","age.centered class1","age.centered class2","varcov 1","varcov 2","varcov 3","stderr","bic.select","icl.select","ARI","MCR","RI","JI","FMI","mean.pprob.misc","mean.pprob.correct","btr.est.hm1","btr.est.best"
"1",6.10630305999074,7.48762278008534,-0.491740339014651,-1.48619988094588,0.960555860774605,0.121669678574083,0.015411400117225,1.4061848431356,2,2,0.636720286754174,0.083,0.847625625625626,0.804174771270081,0.891908037877037,0.750013394764509,0.992485332843367,0.458793219834184,0.46589152753154
