"","intercept class1","intercept class2","age.centered class1","age.centered class2","varcov 1","varcov 2","varcov 3","stderr","bic.select","icl.select","ARI","MCR","RI","JI","FMI","mean.pprob.misc","mean.pprob.correct","btr.est.hm1","btr.est.best"
"1",5.93526803895287,7.63354965733433,-0.528786877346151,-1.45578429744069,0.916090263015413,0.187005514867667,0.0487160288836577,1.40267263698408,2,2,0.717588132144003,0.064,0.880072072072072,0.841078155674643,0.913892835012009,0.750941486775557,0.993381769889958,0.493869195685479,0.494486740297721
