"","intercept class1","intercept class2","age.centered class1","age.centered class2","varcov 1","varcov 2","varcov 3","stderr","bic.select","icl.select","ARI","MCR","RI","JI","FMI","mean.pprob.misc","mean.pprob.correct","btr.est.hm1","btr.est.best"
"1",7.62504485064853,5.95651549695068,-1.45250861040856,-0.513165432041706,1.05604246447581,0.173975653985886,0.0286615658602148,1.41486272545723,2,2,0.689382870052695,0.071,0.86794994994995,0.826260918123294,0.905059538886898,0.75850469023569,0.992907863391718,0.501475762238024,0.503141104865038
