"","intercept class1","intercept class2","age.centered class1","age.centered class2","varcov 1","varcov 2","varcov 3","stderr","bic.select","icl.select","ARI","MCR","RI","JI","FMI","mean.pprob.misc","mean.pprob.correct","btr.est.hm1","btr.est.best"
"1",6.03196785120493,7.67917918369753,-0.500320049531255,-1.51147973579692,1.03703703686716,0.147657187135344,0.0210363601667668,1.44181023834374,2,2,0.619018970037814,0.086,0.842634634634635,0.800676549496138,0.890160704395758,0.708804577302054,0.994828107248849,0.490988240928823,0.491932569435968
