"","intercept class1","intercept class2","age.centered class1","age.centered class2","varcov 1","varcov 2","varcov 3","stderr","bic.select","icl.select","ARI","MCR","RI","JI","FMI","mean.pprob.misc","mean.pprob.correct","btr.est.hm1","btr.est.best"
"1",5.98135757595904,7.45354204724338,-0.460741353510961,-1.52868576139052,0.972193531461762,0.14493561383657,0.0216071740130811,1.4073992001633,2,2,0.723803380632099,0.063,0.88181981981982,0.842272751563084,0.914490245785077,0.741284081119654,0.994785332086472,0.498013607019629,0.501083837295273
