"","intercept class1","intercept class2","age.centered class1","age.centered class2","varcov 1","varcov 2","varcov 3","stderr","bic.select","icl.select","ARI","MCR","RI","JI","FMI","mean.pprob.misc","mean.pprob.correct","btr.est.hm1","btr.est.best"
"1",5.96046618800278,7.40980575759965,-0.537988570073246,-1.57889521666764,1.02400422471988,0.136546200882475,0.018207810933621,1.40472552354028,2,2,0.687466841206865,0.07,0.86966966966967,0.830843185656749,0.908206796037954,0.754404097310331,0.995177340177002,0.483919095084904,0.489158894190693
