"","intercept class1","intercept class2","age.centered class1","age.centered class2","varcov 1","varcov 2","varcov 3","stderr","bic.select","icl.select","ARI","MCR","RI","JI","FMI","mean.pprob.misc","mean.pprob.correct","btr.est.hm1","btr.est.best"
"1",6.03292757139237,7.31816915599475,-0.501529907795451,-1.54713391710754,1.04589132294353,0.163986548547903,0.0298475175283662,1.39962930289039,2,2,0.623492770650367,0.085,0.844294294294294,0.802396898310941,0.891185610355405,0.734971147467219,0.991001790424929,0.494198694611948,0.491784267352397
