"","intercept class1","intercept class2","age.centered class1","age.centered class2","varcov 1","varcov 2","varcov 3","stderr","bic.select","icl.select","ARI","MCR","RI","JI","FMI","mean.pprob.misc","mean.pprob.correct","btr.est.hm1","btr.est.best"
"1",6.02217492072926,7.40561091487803,-0.489212999580323,-1.54179376406769,1.00549474575362,0.0722341638373696,0.00519006258431159,1.42530444199673,2,2,0.645182641027095,0.079,0.854336336336336,0.814949234963783,0.899098815621994,0.761319422738922,0.990835685611025,0.471619682136266,0.475054639014783
