"","intercept class1","intercept class2","age.centered class1","age.centered class2","varcov 1","varcov 2","varcov 3","stderr","bic.select","icl.select","ARI","MCR","RI","JI","FMI","mean.pprob.misc","mean.pprob.correct","btr.est.hm1","btr.est.best"
"1",7.50736611607352,5.9158277904991,-1.47957651910402,-0.505992567613447,0.947986643124329,0.120960454847624,0.0177536285931268,1.41272253763181,2,2,0.691730014859551,0.07,0.86966966966967,0.829062970995846,0.906832905783407,0.739684455041524,0.992477062895258,0.500303637803232,0.497686080944889
