"","intercept class1","intercept class2","age.centered class1","age.centered class2","varcov 1","varcov 2","varcov 3","stderr","bic.select","icl.select","ARI","MCR","RI","JI","FMI","mean.pprob.misc","mean.pprob.correct","btr.est.hm1","btr.est.best"
"1",6.01805720456101,7.24740098483401,-0.502996521961616,-1.54942001242673,1.06082231393179,0.125138504968618,0.014761858594051,1.37738634551753,2,2,0.665761827638452,0.075,0.861111111111111,0.821203983381957,0.902516478884621,0.742612259940443,0.990045836827797,0.484318832203588,0.488898744469084
