"","intercept class1","intercept class2","age.centered class1","age.centered class2","varcov 1","varcov 2","varcov 3","stderr","bic.select","icl.select","ARI","MCR","RI","JI","FMI","mean.pprob.misc","mean.pprob.correct","btr.est.hm1","btr.est.best"
"1",5.91850617992092,7.56778984872532,-0.506751005136087,-1.41124214535524,0.851046066831257,0.146434455693359,0.0251980776043811,1.41630955305705,2,2,0.655328053733489,0.081,0.850972972972973,0.803510151935889,0.891068662818049,0.714257514678481,0.990987810155893,0.475364011839781,0.477351105759546
