"","intercept class1","intercept class2","age.centered class1","age.centered class2","varcov 1","varcov 2","varcov 3","stderr","bic.select","icl.select","ARI","MCR","RI","JI","FMI","mean.pprob.misc","mean.pprob.correct","btr.est.hm1","btr.est.best"
"1",6.0289712354722,7.62208463568477,-0.540513017250231,-1.56762178264865,0.99284637310334,0.131314753013135,0.0251172541378742,1.42474954769232,2,2,0.675364172898049,0.072,0.866234234234234,0.828306240652897,0.907038114695892,0.719868043432434,0.994308243726389,0.498064903975515,0.496527081469648
