"","intercept class1","intercept class2","age.centered class1","age.centered class2","varcov 1","varcov 2","varcov 3","stderr","bic.select","icl.select","ARI","MCR","RI","JI","FMI","mean.pprob.misc","mean.pprob.correct","btr.est.hm1","btr.est.best"
"1",5.97970104094637,7.44628517156334,-0.504520480315603,-1.56722954318947,1.06012019571508,0.163726032058531,0.0268653294771986,1.45030968149648,2,2,0.729666216084542,0.061,0.885327327327327,0.847642784185215,0.917771899319405,0.738712993296671,0.99316984592278,0.49973548847382,0.49818567651535
