"","intercept class1","intercept class2","age.centered class1","age.centered class2","varcov 1","varcov 2","varcov 3","stderr","bic.select","icl.select","ARI","MCR","RI","JI","FMI","mean.pprob.misc","mean.pprob.correct","btr.est.hm1","btr.est.best"
"1",7.53399761441149,5.90750646931027,-1.44793779220295,-0.474095231338441,1.10261325161849,0.138589220686839,0.0174202447093407,1.41594305711555,2,2,0.713094713548843,0.066,0.876588588588589,0.835173826318069,0.910237089831909,0.727763836910309,0.98968916122954,0.511662387888109,0.514355951697023
