"","intercept class1","intercept class2","age.centered class1","age.centered class2","varcov 1","varcov 2","varcov 3","stderr","bic.select","icl.select","ARI","MCR","RI","JI","FMI","mean.pprob.misc","mean.pprob.correct","btr.est.hm1","btr.est.best"
"1",7.51744472209595,6.02595365742563,-1.4593979248039,-0.46750074095545,0.915040859463227,0.171324494451601,0.032077359473233,1.40616492564185,2,2,0.678115842706465,0.075,0.861111111111111,0.815946281517956,0.898674647501428,0.769210475659768,0.994123178770358,0.47216454732839,0.478126123602535
