"","intercept class1","intercept class2","age.centered class1","age.centered class2","varcov 1","varcov 2","varcov 3","stderr","bic.select","icl.select","ARI","MCR","RI","JI","FMI","mean.pprob.misc","mean.pprob.correct","btr.est.hm1","btr.est.best"
"1",5.97851094367102,7.38249677549999,-0.501702130191878,-1.48037154823851,0.980740648932823,0.106687165357947,0.0116056689729611,1.43303206538051,2,2,0.691388375313185,0.071,0.86794994994995,0.825377789073503,0.904441061822309,0.666804983597919,0.986179172469529,0.480271452989987,0.480081794598671
