"","intercept class1","intercept class2","age.centered class1","age.centered class2","varcov 1","varcov 2","varcov 3","stderr","bic.select","icl.select","ARI","MCR","RI","JI","FMI","mean.pprob.misc","mean.pprob.correct","btr.est.hm1","btr.est.best"
"1",7.45455444129344,6.00880268846674,-1.49751648013353,-0.501930355201497,1.08859748844835,0.121046818465381,0.0134608479822198,1.41029088125544,2,2,0.685002147391388,0.072,0.866234234234234,0.824351465315093,0.903930516417902,0.711612436946859,0.988856125617358,0.495441891948742,0.498984312505579
