"","intercept class1","intercept class2","age.centered class1","age.centered class2","varcov 1","varcov 2","varcov 3","stderr","bic.select","icl.select","ARI","MCR","RI","JI","FMI","mean.pprob.misc","mean.pprob.correct","btr.est.hm1","btr.est.best"
"1",7.56448684294168,6.05516749708464,-1.54748038584097,-0.493334132424831,0.983578712106356,0.133951808431147,0.0182430758017777,1.40682595994285,2,2,0.741855088351743,0.058,0.890618618618619,0.854286902996618,0.921670829527154,0.708699498042683,0.994666430959915,0.500492118081339,0.501092641372889
