"","intercept class1","intercept class2","age.centered class1","age.centered class2","varcov 1","varcov 2","varcov 3","stderr","bic.select","icl.select","ARI","MCR","RI","JI","FMI","mean.pprob.misc","mean.pprob.correct","btr.est.hm1","btr.est.best"
"1",5.9567369130875,7.34582387646926,-0.477271313619434,-1.48296546465252,1.00087932841543,0.154238561650056,0.023769913609781,1.40708792103057,2,2,0.693965302617308,0.071,0.86794994994995,0.82421246202228,0.903665450055565,0.717500311430498,0.992720223447363,0.499200915627535,0.498494104552992
