"","intercept class1","intercept class2","age.centered class1","age.centered class2","varcov 1","varcov 2","varcov 3","stderr","bic.select","icl.select","ARI","MCR","RI","JI","FMI","mean.pprob.misc","mean.pprob.correct","btr.est.hm1","btr.est.best"
"1",5.96359524106833,7.39830528016501,-0.51923019196016,-1.54791065040158,0.995000094617747,0.158506784807978,0.0252509551676758,1.4699133417306,2,2,0.676236878142888,0.074,0.862814814814815,0.820570830060225,0.901690552803139,0.751533972075911,0.9883159979658,0.476913736799102,0.475154369077869
