"","intercept class1","intercept class2","age.centered class1","age.centered class2","varcov 1","varcov 2","varcov 3","stderr","bic.select","icl.select","ARI","MCR","RI","JI","FMI","mean.pprob.misc","mean.pprob.correct","btr.est.hm1","btr.est.best"
"1",5.99563806190814,7.47922235858383,-0.497046143495232,-1.45668382847433,1.00432620170944,0.139706394104119,0.0194338326924043,1.4126187395669,2,2,0.691038120163481,0.07,0.86966966966967,0.829357798165138,0.907052834933459,0.680107752174973,0.990744349488291,0.476460509445882,0.48138578947034
