"","intercept class1","intercept class2","age.centered class1","age.centered class2","varcov 1","varcov 2","varcov 3","stderr","bic.select","icl.select","ARI","MCR","RI","JI","FMI","mean.pprob.misc","mean.pprob.correct","btr.est.hm1","btr.est.best"
"1",6.04955322753216,7.53670989224454,-0.483346146563674,-1.49834835860676,0.938515966135012,0.139041808765024,0.0205994507001045,1.41541054241396,2,2,0.729666216084542,0.061,0.885327327327327,0.847642784185215,0.917771899319405,0.734282346465002,0.994702638210892,0.476135802417194,0.480077066385977
