"","intercept class1","intercept class2","age.centered class1","age.centered class2","varcov 1","varcov 2","varcov 3","stderr","bic.select","icl.select","ARI","MCR","RI","JI","FMI","mean.pprob.misc","mean.pprob.correct","btr.est.hm1","btr.est.best"
"1",5.99437019547697,7.26496499710388,-0.505302918791459,-1.48118591036711,0.84059272704683,0.117591650742486,0.0174260826294027,1.45096371759568,2,2,0.666757430768752,0.077,0.857715715715716,0.813420806687039,0.897242085797104,0.730808303441106,0.987360089355769,0.441047012389108,0.441938358307567
