"","intercept class1","intercept class2","age.centered class1","age.centered class2","varcov 1","varcov 2","varcov 3","stderr","bic.select","icl.select","ARI","MCR","RI","JI","FMI","mean.pprob.misc","mean.pprob.correct","btr.est.hm1","btr.est.best"
"1",6.01397255563159,7.60898445348259,-0.557123813740333,-1.51245280459131,1.09873610446368,0.14185895268971,0.0183155918300245,1.36254817224059,2,2,0.672406033849965,0.073,0.864522522522522,0.825832604107685,0.905441555106686,0.788432060865115,0.994549378203232,0.508456396769692,0.512830756118584
