"","intercept class1","intercept class2","age.centered class1","age.centered class2","varcov 1","varcov 2","varcov 3","stderr","bic.select","icl.select","ARI","MCR","RI","JI","FMI","mean.pprob.misc","mean.pprob.correct","btr.est.hm1","btr.est.best"
"1",7.65811870196966,5.94880891124447,-1.44200680246783,-0.522971077526842,1.05796898438491,0.160357123994292,0.0243060918757022,1.38231615129454,2,2,0.692690473525802,0.071,0.86794994994995,0.824793340133452,0.904046306956827,0.806391239943693,0.993434572563337,0.524272953586391,0.524772724064832
