"","intercept class1","intercept class2","age.centered class1","age.centered class2","varcov 1","varcov 2","varcov 3","stderr","bic.select","icl.select","ARI","MCR","RI","JI","FMI","mean.pprob.misc","mean.pprob.correct","btr.est.hm1","btr.est.best"
"1",7.69873957050319,5.91652169313736,-1.4303448036674,-0.528913683706059,0.937213004259852,0.158938977853058,0.0269555238807083,1.38003371354723,2,2,0.68471409563463,0.073,0.864522522522522,0.82065355666278,0.901554032633531,0.739784390685582,0.994212470277624,0.504934438851967,0.507860849525694
