"","intercept class1","intercept class2","age.centered class1","age.centered class2","varcov 1","varcov 2","varcov 3","stderr","bic.select","icl.select","ARI","MCR","RI","JI","FMI","mean.pprob.misc","mean.pprob.correct","btr.est.hm1","btr.est.best"
"1",6.09111422425635,7.68218121787428,-0.495009660340254,-1.54152674424264,0.951951376695785,0.114109267947883,0.016267161854223,1.41283913804548,2,2,0.701633428089109,0.067,0.874852852852853,0.836302072967622,0.911312417422412,0.76650952376185,0.995189529481782,0.498096084037431,0.498538739196657
