"","intercept class1","intercept class2","age.centered class1","age.centered class2","varcov 1","varcov 2","varcov 3","stderr","bic.select","icl.select","ARI","MCR","RI","JI","FMI","mean.pprob.misc","mean.pprob.correct","btr.est.hm1","btr.est.best"
"1",7.54676784291106,5.9869158930548,-1.47601362166483,-0.527215567824621,0.927960199681787,0.141978382001735,0.029214839266727,1.40316134615854,2,2,0.724968713029331,0.063,0.88181981981982,0.841739946380697,0.914131865666988,0.679727767384673,0.991375203418355,0.492235490572386,0.493073497603852
