"","intercept class1","intercept class2","age.centered class1","age.centered class2","varcov 1","varcov 2","varcov 3","stderr","bic.select","icl.select","ARI","MCR","RI","JI","FMI","mean.pprob.misc","mean.pprob.correct","btr.est.hm1","btr.est.best"
"1",7.46518245466189,6.01381021633872,-1.47107927455729,-0.502206385531112,1.08363575546021,0.120681115862662,0.0134405203745371,1.45246865208713,2,2,0.644299979410026,0.079,0.854336336336336,0.815281853909193,0.899384957877649,0.680941485500771,0.989789848991268,0.467237488556361,0.469007003758137
