"","intercept class1","intercept class2","age.centered class1","age.centered class2","varcov 1","varcov 2","varcov 3","stderr","bic.select","icl.select","ARI","MCR","RI","JI","FMI","mean.pprob.misc","mean.pprob.correct","btr.est.hm1","btr.est.best"
"1",7.64429178597955,5.98689334631706,-1.48853421641988,-0.492686002179931,0.980443080616305,0.148246636661526,0.0268611063806295,1.41085636823811,2,2,0.698539427637377,0.068,0.873121121121121,0.833789666928927,0.909742989606572,0.763285982246013,0.994946066079878,0.504652280191651,0.504686991633916
