"","intercept class1","intercept class2","age.centered class1","age.centered class2","varcov 1","varcov 2","varcov 3","stderr","bic.select","icl.select","ARI","MCR","RI","JI","FMI","mean.pprob.misc","mean.pprob.correct","btr.est.hm1","btr.est.best"
"1",7.41892172712353,6.04731005134029,-1.53182468261736,-0.499051601828595,1.06303460945797,0.145313782459715,0.0198641061700705,1.44446086644308,2,2,0.697156212357757,0.068,0.873121121121121,0.834370001777146,0.910191807732976,0.704487100840842,0.988662879593741,0.47291733880923,0.477304160299252
