"","intercept class1","intercept class2","age.centered class1","age.centered class2","varcov 1","varcov 2","varcov 3","stderr","bic.select","icl.select","ARI","MCR","RI","JI","FMI","mean.pprob.misc","mean.pprob.correct","btr.est.hm1","btr.est.best"
"1",7.43775639287305,5.98487004909475,-1.5544029652642,-0.523036332813508,1.2166236836586,0.176270076424265,0.0255388263284889,1.41563809312381,2,2,0.675364172898049,0.072,0.866234234234234,0.828306240652897,0.907038114695892,0.74488549792201,0.993970986085574,0.49803619030297,0.503444958326553
