"","intercept class1","intercept class2","age.centered class1","age.centered class2","varcov 1","varcov 2","varcov 3","stderr","bic.select","icl.select","ARI","MCR","RI","JI","FMI","mean.pprob.misc","mean.pprob.correct","btr.est.hm1","btr.est.best"
"1",5.96902630122057,7.49620298218644,-0.490967783078157,-1.52123072483646,1.07495987175698,0.138035789920687,0.030877521576169,1.41142879583279,2,2,0.727606536943054,0.062,0.883571571571572,0.844560859571283,0.915850070482605,0.692882349113098,0.991014074455667,0.520322568297163,0.518173127369313
