"","intercept class1","intercept class2","age.centered class1","age.centered class2","varcov 1","varcov 2","varcov 3","stderr","bic.select","icl.select","ARI","MCR","RI","JI","FMI","mean.pprob.misc","mean.pprob.correct","btr.est.hm1","btr.est.best"
"1",7.43146622316314,6.0174287961327,-1.51346855479412,-0.510868466022002,1.04292799687748,0.125409720719784,0.023024408851269,1.40578143532233,2,2,0.673971439828781,0.073,0.864522522522522,0.825211798739539,0.904929707856805,0.739851248050586,0.9909406958375,0.49322499144921,0.4931297672857
