"","intercept class1","intercept class2","age.centered class1","age.centered class2","varcov 1","varcov 2","varcov 3","stderr","bic.select","icl.select","ARI","MCR","RI","JI","FMI","mean.pprob.misc","mean.pprob.correct","btr.est.hm1","btr.est.best"
"1",5.96581205495131,7.48011294022111,-0.501727501673957,-1.46478768469802,1.05569093305042,0.174633344654317,0.0288880639052428,1.38821511784688,2,2,0.732569071879715,0.061,0.885327327327327,0.846334828518693,0.916855226399821,0.739628678805558,0.992315064591497,0.503111088598268,0.506943644756482
