"","intercept class1","intercept class2","age.centered class1","age.centered class2","varcov 1","varcov 2","varcov 3","stderr","bic.select","icl.select","ARI","MCR","RI","JI","FMI","mean.pprob.misc","mean.pprob.correct","btr.est.hm1","btr.est.best"
"1",7.65999697489098,5.94311434246656,-1.48901633921882,-0.520255894216561,0.842913496194443,0.115787756399499,0.0159056149094872,1.41873403675334,2,2,0.709385063065653,0.066,0.876588588588589,0.836838622588073,0.911384959671479,0.720408750148658,0.994449606862317,0.479599533319378,0.480786961114495
