"","intercept class1","intercept class2","age.centered class1","age.centered class2","varcov 1","varcov 2","varcov 3","stderr","bic.select","icl.select","ARI","MCR","RI","JI","FMI","mean.pprob.misc","mean.pprob.correct","btr.est.hm1","btr.est.best"
"1",7.40685981611459,6.00509264082939,-1.48208957410942,-0.499443863282189,1.11673882155102,0.163506420402727,0.0247141237753525,1.42142795530266,2,2,0.655269294982611,0.08,0.852652652652653,0.807260214423011,0.893468575709874,0.688278936355597,0.990066913789394,0.501895839532286,0.501549532248572
