"","intercept class1","intercept class2","age.centered class1","age.centered class2","varcov 1","varcov 2","varcov 3","stderr","bic.select","icl.select","ARI","MCR","RI","JI","FMI","mean.pprob.misc","mean.pprob.correct","btr.est.hm1","btr.est.best"
"1",6.00053797249296,7.38460475471186,-0.525992215056131,-1.5494301648666,0.986965379623578,0.122856046643041,0.017388385291183,1.43055193958736,2,2,0.645513108777627,0.081,0.850972972972973,0.807732640431445,0.894039997200571,0.767653709754431,0.991615321124571,0.475075496216671,0.475617408789313
