"","intercept class1","intercept class2","age.centered class1","age.centered class2","varcov 1","varcov 2","varcov 3","stderr","bic.select","icl.select","ARI","MCR","RI","JI","FMI","mean.pprob.misc","mean.pprob.correct","btr.est.hm1","btr.est.best"
"1",7.26176311115081,6.03740676292791,-1.50500438632054,-0.498998961041813,1.09625739576552,0.155831140965494,0.0221511474504604,1.38590435879467,2,2,0.627784118095548,0.086,0.842634634634635,0.79720016305722,0.887440693851356,0.757803876315585,0.989220829318633,0.484260237683415,0.487735881634944
