"","intercept class1","intercept class2","age.centered class1","age.centered class2","varcov 1","varcov 2","varcov 3","stderr","bic.select","icl.select","ARI","MCR","RI","JI","FMI","mean.pprob.misc","mean.pprob.correct","btr.est.hm1","btr.est.best"
"1",7.45424498932598,6.06236159611806,-1.5297080765108,-0.509290586322658,0.895498509842634,0.0971909355915781,0.0105484019548711,1.43361780069309,2,2,0.720779952550654,0.063,0.88181981981982,0.84361820493801,0.915447586564815,0.749511323635055,0.991129446978483,0.457252663196389,0.462525581499007
