"","intercept class1","intercept class2","age.centered class1","age.centered class2","varcov 1","varcov 2","varcov 3","stderr","bic.select","icl.select","ARI","MCR","RI","JI","FMI","mean.pprob.misc","mean.pprob.correct","btr.est.hm1","btr.est.best"
"1",6.03217930013523,7.40703550615803,-0.470448445561336,-1.43583633536972,0.909119754388703,0.111413510197207,0.039596783023943,1.40416786123876,2,2,0.647586258516498,0.083,0.847625625625626,0.799539085545723,0.888621484216791,0.692841292370489,0.981645248621068,0.486987581087359,0.487388864915001
