"","intercept class1","intercept class2","age.centered class1","age.centered class2","varcov 1","varcov 2","varcov 3","stderr","bic.select","icl.select","ARI","MCR","RI","JI","FMI","mean.pprob.misc","mean.pprob.correct","btr.est.hm1","btr.est.best"
"1",7.45174045621187,5.99375442874072,-1.55114459704005,-0.514810637514105,1.03724328907352,0.119271759631225,0.0137151099755848,1.41196776275504,2,2,0.737972706415923,0.059,0.888850850850851,0.851977753604641,0.920306281809924,0.66573032454437,0.993481499590068,0.490952418807587,0.496958379871761
