"","intercept class1","intercept class2","age.centered class1","age.centered class2","varcov 1","varcov 2","varcov 3","stderr","bic.select","icl.select","ARI","MCR","RI","JI","FMI","mean.pprob.misc","mean.pprob.correct","btr.est.hm1","btr.est.best"
"1",5.99312597689579,7.51333045705333,-0.517565661107374,-1.42297865461164,1.03443299087987,0.130615718398714,0.0194673617741848,1.41570646827279,2,2,0.634175252061847,0.083,0.847625625625626,0.805191248438684,0.892704142462158,0.70858821677041,0.987240644650549,0.486784614254918,0.485994048558973
