"","intercept class1","intercept class2","age.centered class1","age.centered class2","varcov 1","varcov 2","varcov 3","stderr","bic.select","icl.select","ARI","MCR","RI","JI","FMI","mean.pprob.misc","mean.pprob.correct","btr.est.hm1","btr.est.best"
"1",5.99227003104165,7.5277414696732,-0.505150040146487,-1.50075296857562,0.896246287109956,0.137974479674071,0.0212412744364906,1.42075367484228,2,2,0.705620348851014,0.067,0.874852852852853,0.834591977138019,0.910033709296834,0.754003957784603,0.99335240908882,0.476641901379755,0.478881714250476
