"","intercept class1","intercept class2","age.centered class1","age.centered class2","varcov 1","varcov 2","varcov 3","stderr","bic.select","icl.select","ARI","MCR","RI","JI","FMI","mean.pprob.misc","mean.pprob.correct","btr.est.hm1","btr.est.best"
"1",7.59894841857999,6.03010874031104,-1.50042683198714,-0.520776659981831,0.9632288474011,0.126266224089764,0.0264376069842542,1.41093097470638,2,2,0.664157003714166,0.075,0.861111111111111,0.821837634055142,0.90303734589685,0.746333747688451,0.993496693920105,0.493709818533079,0.492576488793708
