"","intercept class1","intercept class2","age.centered class1","age.centered class2","varcov 1","varcov 2","varcov 3","stderr","bic.select","icl.select","ARI","MCR","RI","JI","FMI","mean.pprob.misc","mean.pprob.correct","btr.est.hm1","btr.est.best"
"1",7.5901887283725,6.02685450416424,-1.55314673359573,-0.517307740386711,0.959093231600923,0.129552339269295,0.0294359683685865,1.41654435906524,2,2,0.614705665251891,0.088,0.839327327327327,0.795488599182525,0.88668250799925,0.7055277620252,0.993481167860356,0.493770671330893,0.493942635181917
