"","intercept class1","intercept class2","age.centered class1","age.centered class2","varcov 1","varcov 2","varcov 3","stderr","bic.select","icl.select","ARI","MCR","RI","JI","FMI","mean.pprob.misc","mean.pprob.correct","btr.est.hm1","btr.est.best"
"1",6.11367352526477,7.28756201183608,-0.482412308339398,-1.5847725409795,1.29205368898132,0.17147627873756,0.0346021557245369,1.36073355126617,2,2,0.715054687471431,0.064,0.880072072072072,0.842176813396423,0.914710572519334,0.761830004925401,0.992208741847967,0.539245266395412,0.53988474722367
