"","intercept class1","intercept class2","age.centered class1","age.centered class2","varcov 1","varcov 2","varcov 3","stderr","bic.select","icl.select","ARI","MCR","RI","JI","FMI","mean.pprob.misc","mean.pprob.correct","btr.est.hm1","btr.est.best"
"1",6.01368124837889,7.41199132955434,-0.492409941233704,-1.49564827196336,0.90556304436,0.10246691226286,0.0132413935444284,1.39781474996957,2,2,0.675405456986192,0.075,0.861111111111111,0.817160914208607,0.899486094672076,0.717622424887531,0.990813251158397,0.481265494378645,0.481914420506148
