"","intercept class1","intercept class2","age.centered class1","age.centered class2","varcov 1","varcov 2","varcov 3","stderr","bic.select","icl.select","ARI","MCR","RI","JI","FMI","mean.pprob.misc","mean.pprob.correct","btr.est.hm1","btr.est.best"
"1",5.97799539502882,7.64485373267958,-0.528029141941655,-1.47646512357184,0.998964106529321,0.145037636876881,0.0361768024463342,1.39213898987151,2,2,0.671796642922274,0.074,0.862814814814815,0.822423318924858,0.903096957172174,0.782537515840563,0.992522664398712,0.510175046209592,0.510152578101007
