"","intercept class1","intercept class2","age.centered class1","age.centered class2","varcov 1","varcov 2","varcov 3","stderr","bic.select","icl.select","ARI","MCR","RI","JI","FMI","mean.pprob.misc","mean.pprob.correct","btr.est.hm1","btr.est.best"
"1",6.09066725512098,7.18234808468716,-0.457079220463753,-1.50157935744448,0.883059222061092,0.0906632834562128,0.00931134632027663,1.43003836355729,2,2,0.636720286754174,0.083,0.847625625625626,0.804174771270081,0.891908037877037,0.723923354666451,0.988885970362151,0.448196934147692,0.449568400085007
