"","intercept class1","intercept class2","age.centered class1","age.centered class2","varcov 1","varcov 2","varcov 3","stderr","bic.select","icl.select","ARI","MCR","RI","JI","FMI","mean.pprob.misc","mean.pprob.correct","btr.est.hm1","btr.est.best"
"1",7.61593277546582,6.06672704101292,-1.52283404769566,-0.484411084122315,0.986636370846715,0.179705645350459,0.046477440875236,1.39325858779767,2,2,0.681460731719432,0.071,0.86794994994995,0.829559784181585,0.907603810289595,0.836839707697076,0.995732311769633,0.503590512714824,0.503351757169839
