"","intercept class1","intercept class2","age.centered class1","age.centered class2","varcov 1","varcov 2","varcov 3","stderr","bic.select","icl.select","ARI","MCR","RI","JI","FMI","mean.pprob.misc","mean.pprob.correct","btr.est.hm1","btr.est.best"
"1",7.58648796827895,5.97978802308987,-1.51322027669965,-0.51646593021463,1.05041656508315,0.144125168417897,0.0354344768171721,1.40349219296872,2,2,0.694300486912644,0.068,0.873121121121121,0.835539085936121,0.911133240491614,0.733623362803753,0.992765561616633,0.511095623813292,0.509301619163858
