"","intercept class1","intercept class2","age.centered class1","age.centered class2","varcov 1","varcov 2","varcov 3","stderr","bic.select","icl.select","ARI","MCR","RI","JI","FMI","mean.pprob.misc","mean.pprob.correct","btr.est.hm1","btr.est.best"
"1",7.45584968007592,6.0038890136758,-1.60555579097374,-0.490705344921346,1.00326724638656,0.14225984587402,0.0250183639770452,1.40568478206267,2,2,0.657590758228359,0.077,0.857715715715716,0.817232422979993,0.900114579625922,0.762962337279356,0.997025868528496,0.502890092068612,0.502449995467915
