"","intercept class1","intercept class2","age.centered class1","age.centered class2","varcov 1","varcov 2","varcov 3","stderr","bic.select","icl.select","ARI","MCR","RI","JI","FMI","mean.pprob.misc","mean.pprob.correct","btr.est.hm1","btr.est.best"
"1",6.03969918671019,7.54596869182567,-0.486181592697005,-1.53787467165057,0.894100983547549,0.14916657352436,0.0251593378160171,1.43959140410167,2,2,0.662319323238164,0.077,0.857715715715716,0.815311733399859,0.898613225392354,0.763246573241956,0.99521601342227,0.477895502230137,0.475397332225739
