"","intercept class1","intercept class2","age.centered class1","age.centered class2","varcov 1","varcov 2","varcov 3","stderr","bic.select","icl.select","ARI","MCR","RI","JI","FMI","mean.pprob.misc","mean.pprob.correct","btr.est.hm1","btr.est.best"
"1",7.55061588828764,5.9829041667851,-1.46811586110392,-0.505845581618233,1.00326462483985,0.17503344820999,0.0305370301027869,1.40643321616032,2,2,0.698261280790898,0.07,0.86966966966967,0.826159868832147,0.904828520898073,0.688094311967915,0.994799127855567,0.494633322285513,0.499066678104102
