"","intercept class1","intercept class2","age.centered class1","age.centered class2","varcov 1","varcov 2","varcov 3","stderr","bic.select","icl.select","ARI","MCR","RI","JI","FMI","mean.pprob.misc","mean.pprob.correct","btr.est.hm1","btr.est.best"
"1",5.96288073032598,7.43063577196751,-0.497669267463644,-1.5573539080181,1.04824094376212,0.135470526656389,0.0175076768004787,1.41588723892358,2,2,0.685176037550664,0.071,0.86794994994995,0.828049072973367,0.906392836490614,0.768170861888454,0.99274968512947,0.485414104977684,0.49096649804422
