"","intercept class1","intercept class2","age.centered class1","age.centered class2","varcov 1","varcov 2","varcov 3","stderr","bic.select","icl.select","ARI","MCR","RI","JI","FMI","mean.pprob.misc","mean.pprob.correct","btr.est.hm1","btr.est.best"
"1",5.97526805294619,7.43149110617737,-0.49803217890165,-1.49247554294265,1.11593518819924,0.133856866098619,0.0160561913727181,1.35453438144124,2,2,0.64789922054375,0.081,0.850972972972973,0.806744309213259,0.893300843422599,0.751973524055567,0.992464280934423,0.517041725503538,0.520266312690527
