"","intercept class1","intercept class2","age.centered class1","age.centered class2","varcov 1","varcov 2","varcov 3","stderr","bic.select","icl.select","ARI","MCR","RI","JI","FMI","mean.pprob.misc","mean.pprob.correct","btr.est.hm1","btr.est.best"
"1",7.53969990656903,6.06664350220932,-1.53594057810975,-0.48744541247383,1.00016126884516,0.179031489550816,0.0320471060955963,1.40269843398207,2,2,0.690726926257913,0.071,0.86794994994995,0.825671318321176,0.904643692314225,0.724792097228667,0.995281819953671,0.502467505076328,0.504679754499048
