"","intercept class1","intercept class2","age.centered class1","age.centered class2","varcov 1","varcov 2","varcov 3","stderr","bic.select","icl.select","ARI","MCR","RI","JI","FMI","mean.pprob.misc","mean.pprob.correct","btr.est.hm1","btr.est.best"
"1",5.99044016977696,7.41287827539965,-0.494282759859898,-1.48814634449503,0.903673182795958,0.160604749368746,0.0285433783587492,1.44470431650508,2,2,0.707521016528488,0.067,0.874852852852853,0.833747340425532,0.909442445526643,0.753552800683734,0.99157185916995,0.456628248526859,0.462685864835857
