"","intercept class1","intercept class2","age.centered class1","age.centered class2","varcov 1","varcov 2","varcov 3","stderr","bic.select","icl.select","ARI","MCR","RI","JI","FMI","mean.pprob.misc","mean.pprob.correct","btr.est.hm1","btr.est.best"
"1",5.9653806447998,7.55388510836183,-0.476199217267732,-1.47026595747421,1.00949093827586,0.138593450705418,0.0190275594163371,1.37693730621427,2,2,0.68368081023875,0.074,0.862814814814815,0.81725471371043,0.899444469110626,0.786570488327333,0.993663453252086,0.518652752268421,0.52098454907621
