"","intercept class1","intercept class2","age.centered class1","age.centered class2","varcov 1","varcov 2","varcov 3","stderr","bic.select","icl.select","ARI","MCR","RI","JI","FMI","mean.pprob.misc","mean.pprob.correct","btr.est.hm1","btr.est.best"
"1",7.44388572943927,5.93187278170284,-1.5170571365663,-0.493472672761631,0.925212347762576,0.150786356874915,0.0413027337463466,1.39412788779145,2,2,0.68132064160063,0.073,0.864522522522522,0.822152431011827,0.902589765179876,0.724559576835805,0.993269470989291,0.504699044889812,0.504008187637433
