"","intercept class1","intercept class2","age.centered class1","age.centered class2","varcov 1","varcov 2","varcov 3","stderr","bic.select","icl.select","ARI","MCR","RI","JI","FMI","mean.pprob.misc","mean.pprob.correct","btr.est.hm1","btr.est.best"
"1",7.47366184988997,6.02843243154131,-1.56363786606507,-0.497068322196553,0.925089578429088,0.123192654644413,0.0186452190916887,1.43092959076595,2,2,0.664432874536277,0.076,0.859411411411411,0.818100813345076,0.90043018162987,0.751524420335014,0.992295742260921,0.472545176817976,0.473177420023484
