"","intercept class1","intercept class2","age.centered class1","age.centered class2","varcov 1","varcov 2","varcov 3","stderr","bic.select","icl.select","ARI","MCR","RI","JI","FMI","mean.pprob.misc","mean.pprob.correct","btr.est.hm1","btr.est.best"
"1",6.06974456239551,7.53116716831655,-0.491998868179085,-1.54092787678447,1.049877575903,0.108417195629296,0.0111958663910807,1.44510153381109,2,2,0.63776131247524,0.082,0.849297297297297,0.807290973324459,0.894023683930693,0.694092341823694,0.990946704912341,0.485230619263643,0.486274040277527
