"","intercept class1","intercept class2","age.centered class1","age.centered class2","varcov 1","varcov 2","varcov 3","stderr","bic.select","icl.select","ARI","MCR","RI","JI","FMI","mean.pprob.misc","mean.pprob.correct","btr.est.hm1","btr.est.best"
"1",6.05864527074679,7.45773522805561,-0.515483028466354,-1.49515528214496,0.923671374849368,0.115124509155456,0.0350549753897484,1.41308180963684,2,2,0.658399828399147,0.077,0.857715715715716,0.816910370553563,0.899855196832216,0.704925534783235,0.987550295031215,0.470744203272057,0.472030557046675
