"","intercept class1","intercept class2","age.centered class1","age.centered class2","varcov 1","varcov 2","varcov 3","stderr","bic.select","icl.select","ARI","MCR","RI","JI","FMI","mean.pprob.misc","mean.pprob.correct","btr.est.hm1","btr.est.best"
"1",7.35710885449087,6.01114438393485,-1.54999900183176,-0.505821807249915,0.970482022451862,0.135450655118924,0.0189049431285017,1.4427653041309,2,2,0.645826459936469,0.08,0.852652652652653,0.811176503789298,0.896399476230955,0.703569771917159,0.992866546152133,0.460958193577475,0.465333200768714
