"","intercept class1","intercept class2","age.centered class1","age.centered class2","varcov 1","varcov 2","varcov 3","stderr","bic.select","icl.select","ARI","MCR","RI","JI","FMI","mean.pprob.misc","mean.pprob.correct","btr.est.hm1","btr.est.best"
"1",7.56681505918023,6.02217099973962,-1.45698576793743,-0.467631500869942,0.938803048036679,0.148638238015686,0.0235345872596742,1.44550917514985,2,2,0.688010111471745,0.071,0.86794994994995,0.826853815783947,0.905489601330568,0.74105761051815,0.993267082409985,0.473349214224423,0.475663191476591
