"","intercept class1","intercept class2","age.centered class1","age.centered class2","varcov 1","varcov 2","varcov 3","stderr","bic.select","icl.select","ARI","MCR","RI","JI","FMI","mean.pprob.misc","mean.pprob.correct","btr.est.hm1","btr.est.best"
"1",5.88469277919445,7.52875822644974,-0.490740992108164,-1.40915169942097,0.900144870098802,0.111687104249464,0.0138588439425109,1.38476846248507,2,2,0.668175361084572,0.077,0.857715715715716,0.812797644133513,0.89681346802033,0.709559786147553,0.992136438413181,0.485050469445308,0.48945302115688
