"","intercept class1","intercept class2","age.centered class1","age.centered class2","varcov 1","varcov 2","varcov 3","stderr","bic.select","icl.select","ARI","MCR","RI","JI","FMI","mean.pprob.misc","mean.pprob.correct","btr.est.hm1","btr.est.best"
"1",5.95361037782189,7.50409176402496,-0.505552267798815,-1.51968499420627,0.879262410126164,0.117691612914759,0.0157534079899081,1.44167133068967,2,2,0.679228639970474,0.072,0.866234234234234,0.826770510334243,0.90576976263373,0.678681094094664,0.993500383419683,0.470143825079978,0.469415245655101
