"","intercept class1","intercept class2","age.centered class1","age.centered class2","varcov 1","varcov 2","varcov 3","stderr","bic.select","icl.select","ARI","MCR","RI","JI","FMI","mean.pprob.misc","mean.pprob.correct","btr.est.hm1","btr.est.best"
"1",7.52184855330651,6.00241221580722,-1.51186856362982,-0.488429823057391,1.03094573241726,0.151513180093838,0.0259042099386647,1.40810348552368,2,2,0.708141295278773,0.067,0.874852852852853,0.833467423967946,0.909252378383471,0.756818119494187,0.992439702150753,0.509079502739882,0.510511171064744
