"","intercept class1","intercept class2","age.centered class1","age.centered class2","varcov 1","varcov 2","varcov 3","stderr","bic.select","icl.select","ARI","MCR","RI","JI","FMI","mean.pprob.misc","mean.pprob.correct","btr.est.hm1","btr.est.best"
"1",5.98873406866624,7.56078431018032,-0.50455838900677,-1.52245218976161,1.02381999287319,0.151115097671922,0.0223044862385717,1.42190344841221,2,2,0.722738107557516,0.062,0.883571571571572,0.846698088339185,0.917420338904814,0.813425711024348,0.994149468163863,0.475897239303935,0.484771565454245
