"","intercept class1","intercept class2","age.centered class1","age.centered class2","varcov 1","varcov 2","varcov 3","stderr","bic.select","icl.select","ARI","MCR","RI","JI","FMI","mean.pprob.misc","mean.pprob.correct","btr.est.hm1","btr.est.best"
"1",7.53908479238454,6.08994823611656,-1.506958251512,-0.477567422761528,0.91567610194606,0.129028652002674,0.0181815323711775,1.42946834880858,2,2,0.67835365956799,0.074,0.862814814814815,0.819655649775504,0.901035867009681,0.745417767393417,0.991995155397057,0.466902875534677,0.471720878134714
