"","intercept class1","intercept class2","age.centered class1","age.centered class2","varcov 1","varcov 2","varcov 3","stderr","bic.select","icl.select","ARI","MCR","RI","JI","FMI","mean.pprob.misc","mean.pprob.correct","btr.est.hm1","btr.est.best"
"1",7.63195382672286,6.08587913444154,-1.49537774160835,-0.504242606601449,1.08088293220292,0.134761355186794,0.0168020427761251,1.41433684538323,2,2,0.654744475456726,0.078,0.856024024024024,0.814772651175249,0.89852683118761,0.755109843514677,0.991619468037619,0.491113942215309,0.49577041770346
