"","intercept class1","intercept class2","age.centered class1","age.centered class2","varcov 1","varcov 2","varcov 3","stderr","bic.select","icl.select","ARI","MCR","RI","JI","FMI","mean.pprob.misc","mean.pprob.correct","btr.est.hm1","btr.est.best"
"1",7.75966715842671,6.06661189652638,-1.43544755624474,-0.538109727033908,1.03824909845387,0.152261616327884,0.0297917925794221,1.41581771548386,2,2,0.679977299829179,0.072,0.866234234234234,0.826465470223099,0.905527146236407,0.771658898260057,0.991465591511031,0.50091681530529,0.499850041968877
