"","intercept class1","intercept class2","age.centered class1","age.centered class2","varcov 1","varcov 2","varcov 3","stderr","bic.select","icl.select","ARI","MCR","RI","JI","FMI","mean.pprob.misc","mean.pprob.correct","btr.est.hm1","btr.est.best"
"1",6.02038213610859,7.55518520018614,-0.485778020008122,-1.48690061008504,0.937537487228338,0.155946333961286,0.032567570240873,1.4270371118695,2,2,0.627920228362275,0.085,0.844294294294294,0.800664834995848,0.889799957764956,0.73950746264532,0.994133668927824,0.479885826684574,0.479365720063393
