"","intercept class1","intercept class2","age.centered class1","age.centered class2","varcov 1","varcov 2","varcov 3","stderr","bic.select","icl.select","ARI","MCR","RI","JI","FMI","mean.pprob.misc","mean.pprob.correct","btr.est.hm1","btr.est.best"
"1",5.95688153070824,7.72016011935991,-0.508267192968264,-1.48627600800981,0.943371325871476,0.138831086101944,0.0204317179177085,1.39961048823087,2,2,0.671081942538844,0.076,0.859411411411411,0.815284580218532,0.898361085833724,0.740307290991046,0.99637785271943,0.517643088303839,0.517065989622468
