"","intercept class1","intercept class2","age.centered class1","age.centered class2","varcov 1","varcov 2","varcov 3","stderr","bic.select","icl.select","ARI","MCR","RI","JI","FMI","mean.pprob.misc","mean.pprob.correct","btr.est.hm1","btr.est.best"
"1",7.45548089895147,5.9874817052533,-1.50596131191523,-0.483581034461925,1.02938253398822,0.131268878261678,0.0167408776929144,1.41799444774944,2,2,0.696373899037973,0.07,0.86966966966967,0.827021798973291,0.905393065238498,0.72104668753986,0.992644273483634,0.497125507894817,0.49904316029114
