"","intercept class1","intercept class2","age.centered class1","age.centered class2","varcov 1","varcov 2","varcov 3","stderr","bic.select","icl.select","ARI","MCR","RI","JI","FMI","mean.pprob.misc","mean.pprob.correct","btr.est.hm1","btr.est.best"
"1",5.99323584216932,7.33607051462246,-0.476759623166022,-1.48801381082138,1.09063791069893,0.161688290719315,0.0239704700650436,1.40388162890684,2,2,0.659635491220999,0.076,0.859411411411411,0.820014147896782,0.901973129895103,0.707992773704391,0.991651355485428,0.476880783688145,0.483606553192224
