"","intercept class1","intercept class2","age.centered class1","age.centered class2","varcov 1","varcov 2","varcov 3","stderr","bic.select","icl.select","ARI","MCR","RI","JI","FMI","mean.pprob.misc","mean.pprob.correct","btr.est.hm1","btr.est.best"
"1",6.05183073908048,7.45132767157297,-0.484875257336398,-1.53030211267354,0.844780790272324,0.133979363277843,0.0374074141388232,1.39606361951697,2,2,0.635032581267673,0.083,0.847625625625626,0.804851595831966,0.892435106754243,0.754619629996613,0.993772113232364,0.477986133999162,0.477545532889729
