"","intercept class1","intercept class2","age.centered class1","age.centered class2","varcov 1","varcov 2","varcov 3","stderr","bic.select","icl.select","ARI","MCR","RI","JI","FMI","mean.pprob.misc","mean.pprob.correct","btr.est.hm1","btr.est.best"
"1",6.0543449207627,7.41024440060404,-0.505791151744306,-1.48404631849289,0.927508743632432,0.116277838177709,0.0182067914748128,1.43139265171578,2,2,0.681460731719432,0.071,0.86794994994995,0.829559784181585,0.907603810289595,0.759126858236181,0.990631756392102,0.456472992368411,0.457080027789775
