"","intercept class1","intercept class2","age.centered class1","age.centered class2","varcov 1","varcov 2","varcov 3","stderr","bic.select","icl.select","ARI","MCR","RI","JI","FMI","mean.pprob.misc","mean.pprob.correct","btr.est.hm1","btr.est.best"
"1",7.46022804318609,6.02706413788719,-1.58189082659278,-0.472561087629084,0.948193462575427,0.134477132287616,0.0190723488762741,1.41830475374247,2,2,0.631468111800412,0.084,0.845957957957958,0.802755233354012,0.891116751129526,0.722064536920876,0.995513923255226,0.48427475640659,0.4868295111485
