"","intercept class1","intercept class2","age.centered class1","age.centered class2","varcov 1","varcov 2","varcov 3","stderr","bic.select","icl.select","ARI","MCR","RI","JI","FMI","mean.pprob.misc","mean.pprob.correct","btr.est.hm1","btr.est.best"
"1",7.47141731847366,5.99853978558767,-1.51758005061819,-0.491337778396525,0.921673014070785,0.12401302897262,0.01668732199231,1.42261678437182,2,2,0.751118878762863,0.057,0.89239039039039,0.854135685210312,0.921348107137918,0.714619051022542,0.992006676128938,0.485345421586667,0.486444379917858
