"","intercept class1","intercept class2","age.centered class1","age.centered class2","varcov 1","varcov 2","varcov 3","stderr","bic.select","icl.select","ARI","MCR","RI","JI","FMI","mean.pprob.misc","mean.pprob.correct","btr.est.hm1","btr.est.best"
"1",6.08721675814344,7.42074948676729,-0.497579278824652,-1.4881878241304,1.00578095671478,0.117237064063452,0.014710055148617,1.4074212152166,2,2,0.661551903624911,0.077,0.857715715715716,0.815629864065581,0.898854333615267,0.741995851214067,0.987677512164214,0.478855163391142,0.479892586933662
