"","intercept class1","intercept class2","age.centered class1","age.centered class2","varcov 1","varcov 2","varcov 3","stderr","bic.select","icl.select","ARI","MCR","RI","JI","FMI","mean.pprob.misc","mean.pprob.correct","btr.est.hm1","btr.est.best"
"1",7.50578515594779,5.96457807677208,-1.55195744756844,-0.52914863030446,1.03552216016035,0.12026240701665,0.0139671721270527,1.42254497237222,2,2,0.70677803075736,0.066,0.876588588588589,0.837964009525963,0.912221058041164,0.71145502235702,0.992872446949761,0.493270090381415,0.497915450690034
