"","intercept class1","intercept class2","age.centered class1","age.centered class2","varcov 1","varcov 2","varcov 3","stderr","bic.select","icl.select","ARI","MCR","RI","JI","FMI","mean.pprob.misc","mean.pprob.correct","btr.est.hm1","btr.est.best"
"1",6.04729825912125,7.34600907910354,-0.479674703010458,-1.52331906398157,1.04362306432527,0.15981190369993,0.0244723003759849,1.3795604314988,2,2,0.617339812739722,0.089,0.83767967967968,0.790953765869455,0.883500136095345,0.732329902244939,0.992735270271313,0.486601162468792,0.492309635738044
