"","intercept class1","intercept class2","age.centered class1","age.centered class2","varcov 1","varcov 2","varcov 3","stderr","bic.select","icl.select","ARI","MCR","RI","JI","FMI","mean.pprob.misc","mean.pprob.correct","btr.est.hm1","btr.est.best"
"1",7.45686953223089,5.94894316580642,-1.55468743049162,-0.491018058965162,1.01535615367552,0.174974196940448,0.0301530318342959,1.41959860030098,2,2,0.648621134025291,0.079,0.854336336336336,0.813625791512121,0.897991549385,0.745726264934582,0.995502181570188,0.488155196116981,0.491056123347544
