"","intercept class1","intercept class2","age.centered class1","age.centered class2","varcov 1","varcov 2","varcov 3","stderr","bic.select","icl.select","ARI","MCR","RI","JI","FMI","mean.pprob.misc","mean.pprob.correct","btr.est.hm1","btr.est.best"
"1",9.00704752665344,3.81257907162708,-0.00171278378725002,-1.37758736335643,13.3071804440626,0.815081265688964,0.272285255961494,3.18155499398384,1,2,0.0107689514056367,0.442,0.506234234234234,0.41072298943948,0.588948994783208,0.721275993965921,0.712748539764873,0.646794769220156,0.646831367837083
