"","intercept class1","intercept class2","age.centered class1","age.centered class2","varcov 1","varcov 2","varcov 3","stderr","bic.select","icl.select","ARI","MCR","RI","JI","FMI","mean.pprob.misc","mean.pprob.correct","btr.est.hm1","btr.est.best"
"1",7.42999574488807,4.05751274286331,-0.149403479360977,-1.9863793516509,18.5724370078634,1.89750076305046,0.193865832258042,3.13210204244832,1,2,0.0715521817248184,0.2,0.623625625625626,0.586255237860488,0.740413160123808,0.711569634775904,0.737642371514456,0.664025720689332,0.664193156598023
