"","intercept class1","intercept class2","age.centered class1","age.centered class2","varcov 1","varcov 2","varcov 3","stderr","bic.select","icl.select","ARI","MCR","RI","JI","FMI","mean.pprob.misc","mean.pprob.correct","btr.est.hm1","btr.est.best"
"1",6.6778375401161,4.1848181752516,-0.444460828375899,-2.35780398256781,19.5361544687159,2.13833132267439,0.234053015703142,3.14825312709633,1,2,0.0477278285931633,0.199,0.680882882882883,0.673977337805776,0.817188411455819,0.858162422146029,0.885339239225375,0.648340212389054,0.649425280385547
