"","intercept class1","intercept class2","age.centered class1","age.centered class2","varcov 1","varcov 2","varcov 3","stderr","bic.select","icl.select","ARI","MCR","RI","JI","FMI","mean.pprob.misc","mean.pprob.correct","btr.est.hm1","btr.est.best"
"1",6.04213639765252,7.05598320261066,-0.593166442327609,-1.90978884862333,20.9809482936808,2.88807947243405,0.39755163112757,3.11569803726393,1,2,0.0862001995896372,0.19,0.691891891891892,0.682508901715979,0.822919499490258,0.839445955628526,0.889961507120895,0.661379405775257,0.663723670188234
