"","intercept class1","intercept class2","age.centered class1","age.centered class2","varcov 1","varcov 2","varcov 3","stderr","bic.select","icl.select","ARI","MCR","RI","JI","FMI","mean.pprob.misc","mean.pprob.correct","btr.est.hm1","btr.est.best"
"1",2.94249471477043,8.96333048610178,-1.47405392509035,-0.205715682449861,10.807973951214,0.390292415850872,0.0140940916339805,3.15064444938694,1,2,-0.0157449824171399,0.392,0.500468468468468,0.413027829400833,0.589635547951593,0.757619542796797,0.817168647225962,0.645345258599114,0.645565335870896
