"","intercept class1","intercept class2","age.centered class1","age.centered class2","varcov 1","varcov 2","varcov 3","stderr","bic.select","icl.select","ARI","MCR","RI","JI","FMI","mean.pprob.misc","mean.pprob.correct","btr.est.hm1","btr.est.best"
"1",9.77537624388148,5.45263369107787,0.463724131719443,-1.03685096166881,18.3750291682192,1.66507552497374,0.150882841456702,3.15820379643315,1,2,-0.0233483493831194,0.2,0.648706706706707,0.642828936655268,0.792633585330378,0.845697357852362,0.872456713216304,0.653668404157112,0.65539025138692
