"","intercept class1","intercept class2","age.centered class1","age.centered class2","varcov 1","varcov 2","varcov 3","stderr","bic.select","icl.select","ARI","MCR","RI","JI","FMI","mean.pprob.misc","mean.pprob.correct","btr.est.hm1","btr.est.best"
"1",9.51120071365968,3.79419221918773,-0.043239989156679,-1.35478154415328,12.7484160115093,0.571614991194781,0.0909720008065737,3.14939866490607,1,2,0.00476831555526641,0.463,0.50224024024024,0.406381911947283,0.584769501374152,0.748956409613954,0.752188690987254,0.658956580355121,0.658972147292439
