"","intercept class1","intercept class2","age.centered class1","age.centered class2","varcov 1","varcov 2","varcov 3","stderr","bic.select","icl.select","ARI","MCR","RI","JI","FMI","mean.pprob.misc","mean.pprob.correct","btr.est.hm1","btr.est.best"
"1",6.24267607902554,3.44697516368809,-0.736875890125519,3.53980199513998,19.3508629397148,2.20444404000683,0.545843694044045,3.15929903457927,1,2,-0.00297863873070938,0.2,0.677285285285285,0.677026647966339,0.822195612840757,0.999812423069229,0.999123164608917,0.643405550506817,0.643713218944394
