"","intercept class1","intercept class2","age.centered class1","age.centered class2","varcov 1","varcov 2","varcov 3","stderr","bic.select","icl.select","ARI","MCR","RI","JI","FMI","mean.pprob.misc","mean.pprob.correct","btr.est.hm1","btr.est.best"
"1",8.5147479053257,4.49133331651553,-0.941168089147651,-0.661817456300737,16.9042515525048,3.07195242377383,0.558257356183928,3.20571719320208,1,2,0.0497091240631641,0.383,0.526904904904905,0.42958627015545,0.607546814163606,0.65857725675905,0.74269014967584,0.646487083617374,0.64773604424829
