"","intercept class1","intercept class2","age.centered class1","age.centered class2","varcov 1","varcov 2","varcov 3","stderr","bic.select","icl.select","ARI","MCR","RI","JI","FMI","mean.pprob.misc","mean.pprob.correct","btr.est.hm1","btr.est.best"
"1",5.72966490555163,8.62657563434324,-0.67735583145433,-1.61172390100713,18.170313570371,3.1479179878145,0.545362284268216,3.17384461673566,1,2,0.0792897981561514,0.198,0.68209009009009,0.670237111304008,0.812484661104577,0.839365352558998,0.90361927188942,0.629540659354405,0.630587075586715
