"","intercept class1","intercept class2","age.centered class1","age.centered class2","varcov 1","varcov 2","varcov 3","stderr","bic.select","icl.select","ARI","MCR","RI","JI","FMI","mean.pprob.misc","mean.pprob.correct","btr.est.hm1","btr.est.best"
"1",4.64000537551818,10.0832172406024,-0.682788531519538,-0.697591251321571,11.5698029734913,1.73327627907137,0.282005136571791,3.17549852071389,1,2,0.136742086087855,0.204,0.622630630630631,0.564227521985593,0.72141810111246,0.746821963238761,0.893853348660332,0.613182679930411,0.612903957724554
