"","intercept class1","intercept class2","age.centered class1","age.centered class2","varcov 1","varcov 2","varcov 3","stderr","bic.select","icl.select","ARI","MCR","RI","JI","FMI","mean.pprob.misc","mean.pprob.correct","btr.est.hm1","btr.est.best"
"1",5.29921848951351,10.8695607288333,-0.941737596181163,0.426226914008382,14.1435502854938,0.886321983983594,0.0555582775549052,3.20768785922392,1,2,0.0413596854715775,0.2,0.628660660660661,0.601666487705358,0.7543338177404,0.828635213971432,0.869174710910349,0.630091724736807,0.631048570636038
