"","intercept class1","intercept class2","age.centered class1","age.centered class2","varcov 1","varcov 2","varcov 3","stderr","bic.select","icl.select","ARI","MCR","RI","JI","FMI","mean.pprob.misc","mean.pprob.correct","btr.est.hm1","btr.est.best"
"1",8.53551411064057,5.8747292475599,-1.73524376027645,-0.359641559806785,17.764142967032,2.92047394530086,0.480133968135966,3.10242895255154,1,2,0.186487847707207,0.188,0.694382382382382,0.666220624633765,0.804471065749146,0.803526038358248,0.870640676575238,0.650935760643546,0.649885802654382
