"","intercept class1","intercept class2","age.centered class1","age.centered class2","varcov 1","varcov 2","varcov 3","stderr","bic.select","icl.select","ARI","MCR","RI","JI","FMI","mean.pprob.misc","mean.pprob.correct","btr.est.hm1","btr.est.best"
"1",7.50910678506789,5.63617660706183,-1.5737256439284,-0.606252232860517,18.9821101732454,2.80011055723349,0.413059086816326,3.16158265685307,1,2,0.200540515817069,0.18,0.704504504504505,0.678457992584492,0.814188885320526,0.728077207509371,0.797661982492317,0.639859737297501,0.640409251955313
