"","intercept class1","intercept class2","age.centered class1","age.centered class2","varcov 1","varcov 2","varcov 3","stderr","bic.select","icl.select","ARI","MCR","RI","JI","FMI","mean.pprob.misc","mean.pprob.correct","btr.est.hm1","btr.est.best"
"1",9.03233536670306,4.00423925905662,0.135585141435308,-1.36820127392384,13.4086406112365,0.682469739583175,0.0347614372808063,3.15926804387807,1,2,0.0112420258044527,0.416,0.510462462462462,0.418201717861477,0.595557765978258,0.667827137133376,0.748250762893348,0.641361053430524,0.64200291296813
