"","intercept class1","intercept class2","age.centered class1","age.centered class2","varcov 1","varcov 2","varcov 3","stderr","bic.select","icl.select","ARI","MCR","RI","JI","FMI","mean.pprob.misc","mean.pprob.correct","btr.est.hm1","btr.est.best"
"1",5.62993239846944,8.63186322540282,-0.565309880221845,-1.34791053414759,20.6511477217829,3.3949282178872,0.558115515351297,3.13830406591494,1,2,0.169907067512909,0.191,0.690652652652653,0.664366392979712,0.803566881928262,0.745462715409994,0.836114832902597,0.672734274040224,0.673105808672421
