"","intercept class1","intercept class2","age.centered class1","age.centered class2","varcov 1","varcov 2","varcov 3","stderr","bic.select","icl.select","ARI","MCR","RI","JI","FMI","mean.pprob.misc","mean.pprob.correct","btr.est.hm1","btr.est.best"
"1",8.44716788406849,3.54820778960082,-0.0451111716014378,-1.42335032978543,14.0500305176182,0.831141840337162,0.183361133846849,3.12258660837805,1,2,-0.00136096689933564,0.47,0.499787787787788,0.404931908792554,0.583133603903841,0.688981097827964,0.703963392028889,0.656900476195554,0.656796575449036
