"","intercept class1","intercept class2","age.centered class1","age.centered class2","varcov 1","varcov 2","varcov 3","stderr","bic.select","icl.select","ARI","MCR","RI","JI","FMI","mean.pprob.misc","mean.pprob.correct","btr.est.hm1","btr.est.best"
"1",9.51642476577387,3.54082017480926,-0.340812489675123,-1.12299745175828,10.8342123726519,1.3411162805759,0.431533299863652,3.1271696749286,1,2,0.0161551575617082,0.435,0.507957957957958,0.411215826441925,0.589692695874067,0.787630704795195,0.80520898775195,0.647250467880805,0.647074850993817
