"","intercept class1","intercept class2","age.centered class1","age.centered class2","varcov 1","varcov 2","varcov 3","stderr","bic.select","icl.select","ARI","MCR","RI","JI","FMI","mean.pprob.misc","mean.pprob.correct","btr.est.hm1","btr.est.best"
"1",5.4447304130022,8.24764317022886,-0.49192365966782,-1.37828547471899,20.8948425640307,3.45381363296191,0.570901721111078,3.17111320321121,1,2,0.180249258793319,0.2,0.67967967967968,0.64487848185551,0.786872084646513,0.685415999691964,0.79955617647284,0.668139089588064,0.668771013980867
