"","intercept class1","intercept class2","age.centered class1","age.centered class2","varcov 1","varcov 2","varcov 3","stderr","bic.select","icl.select","ARI","MCR","RI","JI","FMI","mean.pprob.misc","mean.pprob.correct","btr.est.hm1","btr.est.best"
"1",10.8622938348945,5.86093683963392,-0.288783944304679,-0.756881663732426,17.6006552508989,2.12004225126421,0.600676007558079,3.05985436406181,1,2,0.0144392973797706,0.2,0.677285285285285,0.674448851656474,0.819112313980279,0.899414717581345,0.94251274825637,0.661885846778841,0.661916789392867
