"","intercept class1","intercept class2","age.centered class1","age.centered class2","varcov 1","varcov 2","varcov 3","stderr","bic.select","icl.select","ARI","MCR","RI","JI","FMI","mean.pprob.misc","mean.pprob.correct","btr.est.hm1","btr.est.best"
"1",5.45616142542109,8.50030086506181,-0.552333202192028,-1.31844593089204,19.5723328920259,3.85775287579821,0.760372179401709,3.10075311914997,1,2,0.165474019185198,0.2,0.670198198198198,0.633781650845875,0.778102257931888,0.752037671989208,0.816403494869411,0.666578360981714,0.66770066119745
