"","intercept class1","intercept class2","age.centered class1","age.centered class2","varcov 1","varcov 2","varcov 3","stderr","bic.select","icl.select","ARI","MCR","RI","JI","FMI","mean.pprob.misc","mean.pprob.correct","btr.est.hm1","btr.est.best"
"1",4.83066326129092,10.1829016484518,-0.988007664311133,0.035122261067152,14.8663567836161,1.8535997146734,0.457714138886179,3.17334776327481,1,2,0.0624658840051146,0.2,0.641153153153153,0.615133231700771,0.765346078924522,0.807410057090696,0.872785658996025,0.635264908948036,0.635193219923576
