"","intercept class1","intercept class2","age.centered class1","age.centered class2","varcov 1","varcov 2","varcov 3","stderr","bic.select","icl.select","ARI","MCR","RI","JI","FMI","mean.pprob.misc","mean.pprob.correct","btr.est.hm1","btr.est.best"
"1",1.41266764634622,7.94343368300903,-1.66473773276428,-0.336293163559483,12.0563675930172,0.995180214737494,0.473162930065789,3.08334915612224,1,2,-0.0306006913416379,0.204,0.549477477477477,0.500836242807646,0.66741372224118,0.740865613822857,0.884968249416657,0.667806861672961,0.667977080184814
