"","intercept class1","intercept class2","age.centered class1","age.centered class2","varcov 1","varcov 2","varcov 3","stderr","bic.select","icl.select","ARI","MCR","RI","JI","FMI","mean.pprob.misc","mean.pprob.correct","btr.est.hm1","btr.est.best"
"1",10.9181021041205,6.24860709570407,-1.54876727047976,-0.575380383195263,17.8025029293026,2.61872148587248,0.604510434816951,3.16035724548279,1,2,0.0630739617389557,0.19,0.691891891891892,0.686252604368408,0.827315505953469,0.947717545154911,0.97734272606376,0.633790065920622,0.633869337203371
