"","intercept class1","intercept class2","age.centered class1","age.centered class2","varcov 1","varcov 2","varcov 3","stderr","bic.select","icl.select","ARI","MCR","RI","JI","FMI","mean.pprob.misc","mean.pprob.correct","btr.est.hm1","btr.est.best"
"1",7.59383814257482,5.57536543916785,-1.23005280019984,-0.532051750500592,19.09638622335,2.95165423698708,0.456227949566764,3.11431930946174,1,2,0.167277844880762,0.2,0.671369369369369,0.635155138691323,0.779191164113583,0.677099620338136,0.718636187643117,0.648692680593298,0.650020593747253
