"","intercept class1","intercept class2","age.centered class1","age.centered class2","varcov 1","varcov 2","varcov 3","stderr","bic.select","icl.select","ARI","MCR","RI","JI","FMI","mean.pprob.misc","mean.pprob.correct","btr.est.hm1","btr.est.best"
"1",3.80639309833629,9.60402381266285,-1.2536617370724,0.00599395720044263,13.3543860254832,1.02670539662932,0.160799115650529,3.19399467282146,1,2,0.0538135555042941,0.341,0.543945945945946,0.458961143834315,0.632682813274941,0.728723875833628,0.782577992361937,0.65477206524211,0.65494308854917
