"","intercept class1","intercept class2","age.centered class1","age.centered class2","varcov 1","varcov 2","varcov 3","stderr","bic.select","icl.select","ARI","MCR","RI","JI","FMI","mean.pprob.misc","mean.pprob.correct","btr.est.hm1","btr.est.best"
"1",6.51896684777214,1.6894668703968,-0.726164169904668,-2.19967621783642,16.8941105237465,1.62197215040652,0.155724158931096,3.14366543127188,1,2,0.00700827413129355,0.2,0.671369369369369,0.667836936550463,0.813570198562835,0.935845732040122,0.937204956002105,0.632150968686035,0.632333052797083
