"","intercept class1","intercept class2","age.centered class1","age.centered class2","varcov 1","varcov 2","varcov 3","stderr","bic.select","icl.select","ARI","MCR","RI","JI","FMI","mean.pprob.misc","mean.pprob.correct","btr.est.hm1","btr.est.best"
"1",9.07853971434196,4.17414007045186,0.157290587694325,-1.38682416016879,12.5766797308986,0.751110121592777,0.235904704052338,3.22000265973995,1,2,0.0175118562383791,0.397,0.516078078078078,0.425387007207653,0.602173984633824,0.706834240328994,0.71141437176146,0.625838535929649,0.626034192291915
