"","intercept class1","intercept class2","age.centered class1","age.centered class2","varcov 1","varcov 2","varcov 3","stderr","bic.select","icl.select","ARI","MCR","RI","JI","FMI","mean.pprob.misc","mean.pprob.correct","btr.est.hm1","btr.est.best"
"1",5.82450610318639,9.80143521388258,-0.618347710529558,-1.10578225468275,17.5027410883061,2.70576641768052,0.418287166669676,3.13941881976817,1,2,0.0795668462713333,0.2,0.674906906906907,0.660173613145713,0.803693118703538,0.853150308992663,0.908167832694317,0.638725244837212,0.641051732478906
