"","intercept class1","intercept class2","age.centered class1","age.centered class2","varcov 1","varcov 2","varcov 3","stderr","bic.select","icl.select","ARI","MCR","RI","JI","FMI","mean.pprob.misc","mean.pprob.correct","btr.est.hm1","btr.est.best"
"1",2.97173408696151,6.78167664714854,-2.63790509909384,-0.516479192496446,19.3645519190613,1.89061456031093,0.18458695985608,3.1820044668654,1,2,0.0381842999183976,0.2,0.67967967967968,0.673909942078253,0.81756103458426,0.910066719818243,0.927614446291744,0.651519152018708,0.653210936633774
