"","intercept class1","intercept class2","age.centered class1","age.centered class2","varcov 1","varcov 2","varcov 3","stderr","bic.select","icl.select","ARI","MCR","RI","JI","FMI","mean.pprob.misc","mean.pprob.correct","btr.est.hm1","btr.est.best"
"1",6.31719464747043,6.54675699549175,-0.591558089172814,-1.80536256743046,21.3281953034685,2.92977572960366,0.402456315962887,3.21048512880233,1,2,0.0356426821118286,0.194,0.686958958958959,0.683921568627451,0.826549567105506,0.866169009006726,0.897949964925398,0.652327050872597,0.651879079809895
