"","intercept class1","intercept class2","age.centered class1","age.centered class2","varcov 1","varcov 2","varcov 3","stderr","bic.select","icl.select","ARI","MCR","RI","JI","FMI","mean.pprob.misc","mean.pprob.correct","btr.est.hm1","btr.est.best"
"1",8.37970103094265,3.61165464944096,-0.516041609316102,-0.907110173270418,14.5774048898522,2.19633450650408,0.456585944867709,3.11948423698548,1,2,-0.026936907692785,0.364,0.500012012012012,0.417330035929261,0.593018209725689,0.686933641384727,0.755086758203193,0.651565730281087,0.651524778138902
