"","intercept class1","intercept class2","age.centered class1","age.centered class2","varcov 1","varcov 2","varcov 3","stderr","bic.select","icl.select","ARI","MCR","RI","JI","FMI","mean.pprob.misc","mean.pprob.correct","btr.est.hm1","btr.est.best"
"1",7.74266399673394,6.03248545461716,-1.45554990321603,-0.380893764102536,17.2531104029755,2.90658190576126,0.489664849890942,3.17120873385421,1,2,0.133650893670304,0.2,0.676094094094094,0.650692177487607,0.793370621408112,0.749620274359795,0.807231740968313,0.61690463900572,0.618292781856525
