"","intercept class1","intercept class2","age.centered class1","age.centered class2","varcov 1","varcov 2","varcov 3","stderr","bic.select","icl.select","ARI","MCR","RI","JI","FMI","mean.pprob.misc","mean.pprob.correct","btr.est.hm1","btr.est.best"
"1",4.76082136579752,10.3527214607653,-1.14735439073247,0.369615282585264,13.8509428119686,1.01671526649202,0.0746384333606895,3.14919072327028,1,2,0.0475690152030449,0.2,0.592904904904905,0.544820855363594,0.705443151092338,0.772763547263591,0.814995751623956,0.644204554439606,0.644720826473974
