"","intercept class1","intercept class2","age.centered class1","age.centered class2","varcov 1","varcov 2","varcov 3","stderr","bic.select","icl.select","ARI","MCR","RI","JI","FMI","mean.pprob.misc","mean.pprob.correct","btr.est.hm1","btr.est.best"
"1",8.1849115648662,3.22701607129817,-0.514809238579648,-1.11279740962371,13.4532194774804,1.60431915444309,0.29627380813457,3.15599327807034,1,2,-0.0160322093782391,0.365,0.505123123123123,0.421380217598921,0.597102881409377,0.680771191955758,0.770313745333212,0.639191441307528,0.639142257137267
