"","intercept class1","intercept class2","age.centered class1","age.centered class2","varcov 1","varcov 2","varcov 3","stderr","bic.select","icl.select","ARI","MCR","RI","JI","FMI","mean.pprob.misc","mean.pprob.correct","btr.est.hm1","btr.est.best"
"1",9.27470075876317,4.56106516292392,-0.920619527986588,-0.613136199791612,15.1556187999231,2.70151981826136,0.481551871039247,3.19624278052647,1,2,0.107127911842656,0.308,0.573301301301301,0.488337702493782,0.659213219849683,0.695697465298258,0.810741340741643,0.645591753774727,0.646334701108326
