"","intercept class1","intercept class2","age.centered class1","age.centered class2","varcov 1","varcov 2","varcov 3","stderr","bic.select","icl.select","ARI","MCR","RI","JI","FMI","mean.pprob.misc","mean.pprob.correct","btr.est.hm1","btr.est.best"
"1",8.76690262346848,5.30403486488347,-1.21429309011767,-0.524604181134525,16.5690929884136,2.96044316301812,0.528959177006184,3.24107599004231,1,2,0.18174265928311,0.2,0.667867867867868,0.62548422925151,0.770850770556244,0.722378952253589,0.820264957935228,0.624090216659298,0.624881961215488
