"","intercept class1","intercept class2","age.centered class1","age.centered class2","varcov 1","varcov 2","varcov 3","stderr","bic.select","icl.select","ARI","MCR","RI","JI","FMI","mean.pprob.misc","mean.pprob.correct","btr.est.hm1","btr.est.best"
"1",6.37624948180092,5.9787701846405,-0.594366892175996,-2.13506958088828,20.8895729117753,2.34940452377225,0.264232811916235,3.20145300485247,1,2,0.0297476845081109,0.195,0.685735735735736,0.683198789101917,0.826183907794925,0.90881766571457,0.932248604157146,0.648672507531172,0.650141330460167
