"","intercept class1","intercept class2","age.centered class1","age.centered class2","varcov 1","varcov 2","varcov 3","stderr","bic.select","icl.select","ARI","MCR","RI","JI","FMI","mean.pprob.misc","mean.pprob.correct","btr.est.hm1","btr.est.best"
"1",9.39234790178204,4.44444799407583,-0.493912363253645,-0.743455459091437,13.816727532539,2.2934456503577,0.390147954226732,3.12071713026384,1,2,0.11783680985744,0.271,0.592042042042042,0.517815564305456,0.683489552193108,0.712577207519538,0.812939852255594,0.635536154318513,0.635374332929124
