"","intercept class1","intercept class2","age.centered class1","age.centered class2","varcov 1","varcov 2","varcov 3","stderr","bic.select","icl.select","ARI","MCR","RI","JI","FMI","mean.pprob.misc","mean.pprob.correct","btr.est.hm1","btr.est.best"
"1",9.15316471235504,4.34753501527375,-0.0824993395487267,-1.13775834378802,13.949358908031,1.44668797430162,0.277537751870959,3.12027696577017,1,2,0.0282855333393648,0.41,0.515715715715716,0.419486441084713,0.597614695839908,0.682451293247153,0.69701528817999,0.645547247051255,0.64545761633621
