"","intercept class1","intercept class2","age.centered class1","age.centered class2","varcov 1","varcov 2","varcov 3","stderr","bic.select","icl.select","ARI","MCR","RI","JI","FMI","mean.pprob.misc","mean.pprob.correct","btr.est.hm1","btr.est.best"
"1",1.55337935549671,7.33928550461328,-1.6401131622434,-0.42925321935559,13.40203906792,0.79823320043197,0.354834719601112,3.12110325709312,1,2,-0.0438379344145871,0.2,0.612900900900901,0.598067624816553,0.753644897999312,0.939318674402194,0.876431775550817,0.634708262414026,0.634725980390416
