"","intercept class1","intercept class2","age.centered class1","age.centered class2","varcov 1","varcov 2","varcov 3","stderr","bic.select","icl.select","ARI","MCR","RI","JI","FMI","mean.pprob.misc","mean.pprob.correct","btr.est.hm1","btr.est.best"
"1",6.43599741669098,1.37633950314891,-0.673010453226153,1.46422805515418,17.9692165131516,2.2178568165696,0.45051349396474,3.16051921532447,1,2,-0.00444610802696478,0.2,0.676094094094094,0.675704550010022,0.821082687992006,0.997644301444731,0.996174870335029,0.62965029739777,0.630275009424485
