"","intercept class1","intercept class2","age.centered class1","age.centered class2","varcov 1","varcov 2","varcov 3","stderr","bic.select","icl.select","ARI","MCR","RI","JI","FMI","mean.pprob.misc","mean.pprob.correct","btr.est.hm1","btr.est.best"
"1",15.5752390896831,6.2439401219667,0.289198111099869,-0.732712942021949,18.1078250899255,2.38111822678621,0.624146773132739,3.17581343532592,1,2,0.022231667208298,0.197,0.683301301301301,0.681135962330783,0.824700059287608,0.995743673896399,0.997807269539302,0.641996224054467,0.642141874843381
