"","intercept class1","intercept class2","age.centered class1","age.centered class2","varcov 1","varcov 2","varcov 3","stderr","bic.select","icl.select","ARI","MCR","RI","JI","FMI","mean.pprob.misc","mean.pprob.correct","btr.est.hm1","btr.est.best"
"1",10.7745476750401,5.54379365576979,0.940826798329934,-0.889160342547179,15.5704211499483,1.03873686958886,0.2035279511337,3.18863217641958,1,2,-0.00784358626983769,0.2,0.652004004004004,0.644575307733202,0.793569061589349,0.917387112080635,0.915464589885822,0.632326341416029,0.632666771963915
