"","intercept class1","intercept class2","age.centered class1","age.centered class2","varcov 1","varcov 2","varcov 3","stderr","bic.select","icl.select","ARI","MCR","RI","JI","FMI","mean.pprob.misc","mean.pprob.correct","btr.est.hm1","btr.est.best"
"1",6.61514410885567,-0.00355480073577815,-0.558872555741523,-2.44589533841447,19.5946417030704,2.30327573336436,0.428593291310452,3.18975821713648,1,2,-0.00149664190971508,0.2,0.67848048048048,0.678351692369317,0.823310345450341,0.98894476331656,0.986059906483981,0.647286937148498,0.647508733306206
