"","intercept class1","intercept class2","age.centered class1","age.centered class2","varcov 1","varcov 2","varcov 3","stderr","bic.select","icl.select","ARI","MCR","RI","JI","FMI","mean.pprob.misc","mean.pprob.correct","btr.est.hm1","btr.est.best"
"1",5.37729201817298,8.91110279177436,-0.51277087234614,-1.26440552604279,17.5118281171937,3.51264407427485,0.840037991631084,3.12948942769729,1,2,0.163614627038903,0.197,0.683301301301301,0.65464703005746,0.795608020110789,0.776540192350416,0.873639258910399,0.648133868330276,0.648184984375052
