"","intercept class1","intercept class2","age.centered class1","age.centered class2","varcov 1","varcov 2","varcov 3","stderr","bic.select","icl.select","ARI","MCR","RI","JI","FMI","mean.pprob.misc","mean.pprob.correct","btr.est.hm1","btr.est.best"
"1",9.1142980047698,3.59940395767343,-0.0371654165385076,-1.30015982957326,11.7667801878422,0.632914683114432,0.0340461554928859,3.17380256006639,1,2,0.0122790439061072,0.435,0.507957957957958,0.413133488700835,0.591156564949072,0.730485076708953,0.740207907671758,0.632650697126088,0.633355031957083
