"","intercept class1","intercept class2","age.centered class1","age.centered class2","varcov 1","varcov 2","varcov 3","stderr","bic.select","icl.select","ARI","MCR","RI","JI","FMI","mean.pprob.misc","mean.pprob.correct","btr.est.hm1","btr.est.best"
"1",6.13326594047768,7.63394667388553,-0.45063058987451,-1.84895234365127,19.0679519237088,2.82865452032217,0.452894553591931,3.136179566313,1,2,0.101677826011895,0.197,0.683301301301301,0.667805543889122,0.809380518263628,0.792367741658494,0.869078302225119,0.645591342675294,0.645558990326717
