"","intercept class1","intercept class2","age.centered class1","age.centered class2","varcov 1","varcov 2","varcov 3","stderr","bic.select","icl.select","ARI","MCR","RI","JI","FMI","mean.pprob.misc","mean.pprob.correct","btr.est.hm1","btr.est.best"
"1",6.36622562480065,7.16538186850515,-0.395749971252425,-2.57786863514412,19.48001679132,2.28004116005631,0.266867794018248,3.09015010468069,1,2,0.0804994128404646,0.189,0.693135135135135,0.685142352409515,0.825504717684769,0.928347696191918,0.953770034906739,0.655850989187963,0.656463930603298
