"","intercept class1","intercept class2","age.centered class1","age.centered class2","varcov 1","varcov 2","varcov 3","stderr","bic.select","icl.select","ARI","MCR","RI","JI","FMI","mean.pprob.misc","mean.pprob.correct","btr.est.hm1","btr.est.best"
"1",6.35442187281541,5.19075838354961,-0.431424204581694,-2.23631163412157,19.516520822297,2.86748138080912,0.421310336580139,3.20207239406172,1,2,0.108235888919736,0.186,0.696888888888889,0.685619006881315,0.82459825332089,0.811389892804637,0.854031206017387,0.632614492627248,0.633673308200983
