"","intercept class1","intercept class2","age.centered class1","age.centered class2","varcov 1","varcov 2","varcov 3","stderr","bic.select","icl.select","ARI","MCR","RI","JI","FMI","mean.pprob.misc","mean.pprob.correct","btr.est.hm1","btr.est.best"
"1",9.23503095278811,3.67770053603129,-0.399519973669862,-0.801730908108539,12.7269120453471,2.49026975657455,0.531098000562293,3.16966116561339,1,2,0.0430930219776472,0.394,0.521993993993994,0.423737485880888,0.602155018586945,0.751355877399438,0.811088856987202,0.640159571721221,0.640339107656017
