"","intercept class1","intercept class2","age.centered class1","age.centered class2","varcov 1","varcov 2","varcov 3","stderr","bic.select","icl.select","ARI","MCR","RI","JI","FMI","mean.pprob.misc","mean.pprob.correct","btr.est.hm1","btr.est.best"
"1",14.0686376933015,6.44782632873029,-1.41535500345017,-0.714722792752434,18.2053271690402,2.5478310241659,0.487759105159374,3.22631269794276,1,2,0.0297476845081109,0.195,0.685735735735736,0.683198789101917,0.826183907794925,0.994897192271943,0.998541144791051,0.622753618464174,0.623037769809708
