"","intercept class1","intercept class2","age.centered class1","age.centered class2","varcov 1","varcov 2","varcov 3","stderr","bic.select","icl.select","ARI","MCR","RI","JI","FMI","mean.pprob.misc","mean.pprob.correct","btr.est.hm1","btr.est.best"
"1",4.39147872619083,10.1306003641601,-0.845128041844857,-0.535118194432909,11.5257882765479,2.49657774777362,0.798800945212459,3.15889004989286,1,2,0.0846801104849693,0.288,0.571771771771772,0.495426045357401,0.664268328154793,0.754912489245613,0.880725347477151,0.634001891408829,0.63404009096637
