"","intercept class1","intercept class2","age.centered class1","age.centered class2","varcov 1","varcov 2","varcov 3","stderr","bic.select","icl.select","ARI","MCR","RI","JI","FMI","mean.pprob.misc","mean.pprob.correct","btr.est.hm1","btr.est.best"
"1",7.87173456760857,2.1138560373101,-0.550528648564465,-1.2014322771788,13.9750176635118,2.26369786744582,0.677486675667024,3.15177720355324,1,2,-0.0394913511850669,0.2,0.574846846846847,0.54236827928025,0.704221037972318,0.901350800036589,0.841860119533383,0.646692852368162,0.646765952061233
