"","intercept class1","intercept class2","age.centered class1","age.centered class2","varcov 1","varcov 2","varcov 3","stderr","bic.select","icl.select","ARI","MCR","RI","JI","FMI","mean.pprob.misc","mean.pprob.correct","btr.est.hm1","btr.est.best"
"1",4.34349506262695,9.33337009561395,-0.710954826971772,-0.829548957410125,15.165643811395,2.46152643680798,0.399529102412482,3.11024243845936,1,2,0.0746613573917549,0.342,0.549477477477477,0.459393753032916,0.633974777196737,0.682489995552901,0.816760698702346,0.664801688303941,0.665202457271001
