"","intercept class1","intercept class2","age.centered class1","age.centered class2","varcov 1","varcov 2","varcov 3","stderr","bic.select","icl.select","ARI","MCR","RI","JI","FMI","mean.pprob.misc","mean.pprob.correct","btr.est.hm1","btr.est.best"
"1",4.40827592635748,9.95942582084818,-0.982225246029515,-0.451944971679097,13.0807637610323,1.75887085515133,0.452686085574952,3.00078157241469,1,2,0.0907694418446381,0.2,0.604486486486487,0.549548543025218,0.709301764555031,0.777298617707894,0.849540612465058,0.65904254233436,0.659008981783086
