"","intercept class1","intercept class2","age.centered class1","age.centered class2","varcov 1","varcov 2","varcov 3","stderr","bic.select","icl.select","ARI","MCR","RI","JI","FMI","mean.pprob.misc","mean.pprob.correct","btr.est.hm1","btr.est.best"
"1",2.47649042296994,8.69419604862701,-1.13991858280518,-0.304990364703067,13.0940998270658,2.09598102100675,0.624586685700757,3.10549853390261,1,2,-0.0144579150897888,0.401,0.499741741741742,0.411134938964038,0.587998708758544,0.747757208901182,0.83297600716279,0.673462296361839,0.673571098617558
