"","intercept class1","intercept class2","age.centered class1","age.centered class2","varcov 1","varcov 2","varcov 3","stderr","bic.select","icl.select","ARI","MCR","RI","JI","FMI","mean.pprob.misc","mean.pprob.correct","btr.est.hm1","btr.est.best"
"1",0.962766797943293,6.66636743325377,-1.69844539468806,-0.735500359646051,17.3380070547454,2.09046488778219,0.458985231086117,3.21183369678538,1,2,0.0156194670106437,0.2,0.674906906906907,0.671147653860953,0.816127880047252,0.96427202670118,0.943590980980263,0.638372142461476,0.638337011366635
