"","intercept class1","intercept class2","age.centered class1","age.centered class2","varcov 1","varcov 2","varcov 3","stderr","bic.select","icl.select","ARI","MCR","RI","JI","FMI","mean.pprob.misc","mean.pprob.correct","btr.est.hm1","btr.est.best"
"1",5.72480915660697,11.8684159933548,-0.678037155741401,-0.331892639430151,15.5034774210562,1.98926679667395,0.52993800629042,3.17852665216288,1,2,0.0797028779327391,0.2,0.667867867867868,0.650184501845018,0.795011092842142,0.879255395250246,0.948811897738079,0.644341113799799,0.64439830622941
