"","intercept class1","intercept class2","age.centered class1","age.centered class2","varcov 1","varcov 2","varcov 3","stderr","bic.select","icl.select","ARI","MCR","RI","JI","FMI","mean.pprob.misc","mean.pprob.correct","btr.est.hm1","btr.est.best"
"1",6.7178368373804,0.30096498866004,-0.587882758480254,-1.70264760938432,16.2038968559889,1.79456054143384,0.317229799739905,3.21933527822626,1,2,-0.00289439791404412,0.2,0.670198198198198,0.667830785982175,0.81399969352512,0.982639298866973,0.967824778325334,0.615882332224172,0.615927358571785
