"","intercept class1","intercept class2","age.centered class1","age.centered class2","varcov 1","varcov 2","varcov 3","stderr","bic.select","icl.select","ARI","MCR","RI","JI","FMI","mean.pprob.misc","mean.pprob.correct","btr.est.hm1","btr.est.best"
"1",8.62503103550544,3.33198258352447,-0.0663430757878872,-1.50116418617306,10.8307591641685,0.726576794389634,0.0487446569573723,3.16191807736484,1,2,-0.00522297393361812,0.437,0.500078078078078,0.407340864859733,0.585070710241222,0.711584766229187,0.773882657128574,0.61274932163875,0.614980335075736
