"","intercept class1","intercept class2","age.centered class1","age.centered class2","varcov 1","varcov 2","varcov 3","stderr","bic.select","icl.select","ARI","MCR","RI","JI","FMI","mean.pprob.misc","mean.pprob.correct","btr.est.hm1","btr.est.best"
"1",9.04718584388325,4.20614708070514,-0.120389022906981,-1.32220368205698,13.9141804974593,1.00961020310658,0.210061682831288,3.2322936757653,1,2,0.0466355765751388,0.376,0.530282282282282,0.437371407194962,0.614008880272297,0.697544552325279,0.714932434315985,0.633993017113776,0.633909640179562
