"","intercept class1","intercept class2","age.centered class1","age.centered class2","varcov 1","varcov 2","varcov 3","stderr","bic.select","icl.select","ARI","MCR","RI","JI","FMI","mean.pprob.misc","mean.pprob.correct","btr.est.hm1","btr.est.best"
"1",9.41785821580086,4.23975165868612,-0.023034089074681,-1.21030749768741,13.2681871158794,0.838794276391819,0.221197208569429,3.14381597749449,1,2,0.0417320966334977,0.263,0.559417417417417,0.491306458323702,0.659801773632644,0.655401257710378,0.776901829196348,0.640349070306273,0.640284895070318
