"","intercept class1","intercept class2","age.centered class1","age.centered class2","varcov 1","varcov 2","varcov 3","stderr","bic.select","icl.select","ARI","MCR","RI","JI","FMI","mean.pprob.misc","mean.pprob.correct","btr.est.hm1","btr.est.best"
"1",5.95580536767963,10.7795208986053,-0.770732344801948,-0.352141246539906,15.6331757544955,1.81201547808392,0.488754376357951,3.15676374370742,1,2,0.00949672827691066,0.2,0.666708708708709,0.661286581594453,0.807652397696911,0.893178689010737,0.934866357624448,0.627262520001621,0.627225299542052
