"","intercept class1","intercept class2","age.centered class1","age.centered class2","varcov 1","varcov 2","varcov 3","stderr","bic.select","icl.select","ARI","MCR","RI","JI","FMI","mean.pprob.misc","mean.pprob.correct","btr.est.hm1","btr.est.best"
"1",3.36163728127016,7.26667396722812,-1.6046418945758,-0.34602954317925,15.754209524503,1.10184343821863,0.204302360321752,3.15741812627883,1,2,0.00205038573873001,0.2,0.634834834834835,0.619216220052942,0.770839275623959,0.817766941349403,0.805931701595244,0.63302698084169,0.633281478345422
