"","intercept class1","intercept class2","age.centered class1","age.centered class2","varcov 1","varcov 2","varcov 3","stderr","bic.select","icl.select","ARI","MCR","RI","JI","FMI","mean.pprob.misc","mean.pprob.correct","btr.est.hm1","btr.est.best"
"1",9.71138720597943,4.77677169326636,0.128346308015588,-1.13572350660464,14.0438904799771,0.96545744904438,0.197985067621472,3.16718761349586,1,2,0.035965147500079,0.251,0.560810810810811,0.495907515832238,0.663633024804284,0.660060557412493,0.757425326801531,0.642941314583167,0.642912130097057
