"","intercept class1","intercept class2","age.centered class1","age.centered class2","varcov 1","varcov 2","varcov 3","stderr","bic.select","icl.select","ARI","MCR","RI","JI","FMI","mean.pprob.misc","mean.pprob.correct","btr.est.hm1","btr.est.best"
"1",6.19080241809439,7.10886269523304,-0.554294066648885,-1.49205169274832,19.0216241847627,2.57393367837886,0.373835267272215,3.14787646730739,1,2,0.0804994128404646,0.189,0.693135135135135,0.685142352409515,0.825504717684769,0.801868138789344,0.850986166447324,0.634295880254547,0.634552172686581
