"","intercept class1","intercept class2","age.centered class1","age.centered class2","varcov 1","varcov 2","varcov 3","stderr","bic.select","icl.select","ARI","MCR","RI","JI","FMI","mean.pprob.misc","mean.pprob.correct","btr.est.hm1","btr.est.best"
"1",5.44402278700295,9.61207064094138,-0.556779168156268,-1.06639260737287,16.7361037063639,2.45102940801995,0.35910486502343,3.1243088448865,1,2,0.145800940778208,0.2,0.658706706706707,0.620891486314591,0.767911081764747,0.803707774826758,0.849217603982523,0.651830172999533,0.65236241282287
