"","intercept class1","intercept class2","age.centered class1","age.centered class2","varcov 1","varcov 2","varcov 3","stderr","bic.select","icl.select","ARI","MCR","RI","JI","FMI","mean.pprob.misc","mean.pprob.correct","btr.est.hm1","btr.est.best"
"1",4.01584358706151,9.25001483562057,-0.785890775529754,-0.652986496779281,13.099152078718,2.73306431543439,0.833527718299501,3.18028442546412,1,2,0.0474887594366937,0.381,0.52784984984985,0.432451749530731,0.609860387053332,0.733742610424231,0.813152441805574,0.641761382397753,0.641947903337173
