"","intercept class1","intercept class2","age.centered class1","age.centered class2","varcov 1","varcov 2","varcov 3","stderr","bic.select","icl.select","ARI","MCR","RI","JI","FMI","mean.pprob.misc","mean.pprob.correct","btr.est.hm1","btr.est.best"
"1",4.30866519526485,8.42522183685539,-1.16888911499132,-0.327578777993939,14.6158314243296,1.21428097343177,0.323058106506167,3.16458187230546,1,2,0.025413898225592,0.413,0.514652652652653,0.41894839272532,0.596982905648415,0.658591309604829,0.667291130622284,0.635740186130422,0.635746886670807
