"","intercept class1","intercept class2","age.centered class1","age.centered class2","varcov 1","varcov 2","varcov 3","stderr","bic.select","icl.select","ARI","MCR","RI","JI","FMI","mean.pprob.misc","mean.pprob.correct","btr.est.hm1","btr.est.best"
"1",5.94650358001208,7.66939752307358,-0.35984875859742,-1.34355414576355,17.8251559229903,2.38774511742053,0.319852226823131,3.12568027328879,1,2,0.15753518477098,0.196,0.684516516516517,0.657912446217769,0.798592895666333,0.677623414803203,0.774719392871943,0.634749624854159,0.635586502873748
