"","intercept class1","intercept class2","age.centered class1","age.centered class2","varcov 1","varcov 2","varcov 3","stderr","bic.select","icl.select","ARI","MCR","RI","JI","FMI","mean.pprob.misc","mean.pprob.correct","btr.est.hm1","btr.est.best"
"1",2.79195733995489,8.4114500853717,-0.909701186677852,-0.525925512281717,12.6926888854135,2.07340586509141,0.622596409856773,3.09477612650806,1,2,-0.0343004595292826,0.339,0.501951951951952,0.423929252885274,0.598695348058621,0.749912167265253,0.834280725222218,0.660385539968723,0.660477540273302
