"","intercept class1","intercept class2","age.centered class1","age.centered class2","varcov 1","varcov 2","varcov 3","stderr","bic.select","icl.select","ARI","MCR","RI","JI","FMI","mean.pprob.misc","mean.pprob.correct","btr.est.hm1","btr.est.best"
"1",5.38171953917373,9.43409803600593,-0.425961307482934,-1.17903558284161,16.9189827878124,3.41538777084529,0.689456407185849,3.14216056304119,1,2,0.131886968172308,0.2,0.635877877877878,0.588091549806138,0.740999036718563,0.781499345927222,0.844153553404428,0.649943279566194,0.651471325410186
