"","intercept class1","intercept class2","age.centered class1","age.centered class2","varcov 1","varcov 2","varcov 3","stderr","bic.select","icl.select","ARI","MCR","RI","JI","FMI","mean.pprob.misc","mean.pprob.correct","btr.est.hm1","btr.est.best"
"1",6.34592999086592,7.35365688970266,-0.49484203801773,-1.68287447863094,19.3327722913281,2.45809586905292,0.312539204854662,3.09777705621413,1,2,0.0674234972008784,0.192,0.689417417417417,0.682248120762755,0.823574148991446,0.859101354790889,0.890898162437054,0.64368947017689,0.646414119772547
