"","intercept class1","intercept class2","age.centered class1","age.centered class2","varcov 1","varcov 2","varcov 3","stderr","bic.select","icl.select","ARI","MCR","RI","JI","FMI","mean.pprob.misc","mean.pprob.correct","btr.est.hm1","btr.est.best"
"1",4.15276339826134,9.50682798853835,-0.851419231939891,-0.394066714977415,14.1823515851209,1.92251123499049,0.49157236822138,3.15489207776122,1,2,0.0932214408927999,0.327,0.559417417417417,0.469038014263793,0.642841729541589,0.694925126374381,0.781410308523559,0.65822300485591,0.658129549618777
