"","intercept class1","intercept class2","age.centered class1","age.centered class2","varcov 1","varcov 2","varcov 3","stderr","bic.select","icl.select","ARI","MCR","RI","JI","FMI","mean.pprob.misc","mean.pprob.correct","btr.est.hm1","btr.est.best"
"1",1.61067526575652,6.45100026778906,-3.57658561108015,-0.544956224378311,17.6863130554039,2.07671266591769,0.280837700142863,3.1886309513891,1,2,0.0159684085174636,0.2,0.67848048048048,0.67578027213631,0.820226238212363,0.964006128783397,0.97428636238513,0.619456187190991,0.621248481498045
