"","intercept class1","intercept class2","age.centered class1","age.centered class2","varcov 1","varcov 2","varcov 3","stderr","bic.select","icl.select","ARI","MCR","RI","JI","FMI","mean.pprob.misc","mean.pprob.correct","btr.est.hm1","btr.est.best"
"1",9.23043104829428,3.47756987508546,-0.779035914737643,-0.725824934232566,12.3447605943757,2.35297274902117,0.619142579783738,3.18203352510379,1,2,0.0377940393134359,0.402,0.518726726726727,0.420313479623824,0.598892270556652,0.777221571542954,0.852981730620303,0.657122743547277,0.656934657248105
