"","intercept class1","intercept class2","age.centered class1","age.centered class2","varcov 1","varcov 2","varcov 3","stderr","bic.select","icl.select","ARI","MCR","RI","JI","FMI","mean.pprob.misc","mean.pprob.correct","btr.est.hm1","btr.est.best"
"1",10.6335500287725,6.31270656127143,-1.85411819429559,-0.616160627260335,17.4077566063164,2.3190201778224,0.308941700227747,3.10950282557614,1,2,0.028118469839032,0.196,0.684516516516517,0.681847731723567,0.82505934662665,0.978678280935946,0.991126992059262,0.625145113167399,0.625721857856036
