"","intercept class1","intercept class2","age.centered class1","age.centered class2","varcov 1","varcov 2","varcov 3","stderr","bic.select","icl.select","ARI","MCR","RI","JI","FMI","mean.pprob.misc","mean.pprob.correct","btr.est.hm1","btr.est.best"
"1",7.73797867855862,6.14092255759046,-2.05143743957861,-0.558865566178659,4.72141774727113,0.556847344571214,0.0656758234725938,3.15735440013092,1,2,0.145813859308181,0.176,0.709661661661662,0.696858721917041,0.832564782979855,0.868526467456435,0.934189271003939,0.339417088663124,0.340469018213834
