"","intercept class1","intercept class2","age.centered class1","age.centered class2","varcov 1","varcov 2","varcov 3","stderr","bic.select","icl.select","ARI","MCR","RI","JI","FMI","mean.pprob.misc","mean.pprob.correct","btr.est.hm1","btr.est.best"
"1",5.98844357906635,8.88547662350264,-0.541018426697507,-0.849937867807229,5.21125189066068,0.874974963161541,0.146909278978493,3.18937129521961,1,2,0.134707585010818,0.188,0.694382382382382,0.677246395196414,0.816085064843695,0.832570658702377,0.908222567686169,0.358033448960297,0.35902003495019
