"","intercept class1","intercept class2","age.centered class1","age.centered class2","varcov 1","varcov 2","varcov 3","stderr","bic.select","icl.select","ARI","MCR","RI","JI","FMI","mean.pprob.misc","mean.pprob.correct","btr.est.hm1","btr.est.best"
"1",4.85775882248098,8.28633606077196,-0.68014405546196,-0.667536851614256,2.75374975963289,0.45458587805785,0.285917041725773,3.14847356620808,1,2,0.121429362030781,0.313,0.569507507507508,0.474375207775192,0.648640975016008,0.719278583727778,0.82318054417886,0.36153655066075,0.361465049738242
