"","intercept class1","intercept class2","age.centered class1","age.centered class2","varcov 1","varcov 2","varcov 3","stderr","bic.select","icl.select","ARI","MCR","RI","JI","FMI","mean.pprob.misc","mean.pprob.correct","btr.est.hm1","btr.est.best"
"1",6.10579417463602,7.47729551322816,-0.583973643725624,-1.42264813410272,5.31902931580417,0.674071161537701,0.123266770939324,3.20762954525769,1,2,0.145008448273022,0.178,0.707075075075075,0.693367143785234,0.829565302854633,0.793401127646235,0.868457930358693,0.347349179399046,0.347255456215766
