"","intercept class1","intercept class2","age.centered class1","age.centered class2","varcov 1","varcov 2","varcov 3","stderr","bic.select","icl.select","ARI","MCR","RI","JI","FMI","mean.pprob.misc","mean.pprob.correct","btr.est.hm1","btr.est.best"
"1",7.61779029717269,5.645413379216,-1.42209180114853,-0.427612242849832,5.23667910691998,0.947491513685541,0.171434023528412,3.17386973737557,1,2,0.254162397677124,0.195,0.685735735735736,0.633037066821268,0.775592188381238,0.688428404629381,0.803688648981755,0.375659050795174,0.376515189692133
