"","intercept class1","intercept class2","age.centered class1","age.centered class2","varcov 1","varcov 2","varcov 3","stderr","bic.select","icl.select","ARI","MCR","RI","JI","FMI","mean.pprob.misc","mean.pprob.correct","btr.est.hm1","btr.est.best"
"1",6.03330431697284,8.32245380878069,-0.575449570262703,-1.40769797194362,4.75955307749316,0.611864028433131,0.078685809036951,3.11392249736771,1,2,0.122046148107721,0.179,0.705787787787788,0.695547959395069,0.832613564691137,0.893930872691935,0.950541032059382,0.33466999398633,0.335049105846706
