"","intercept class1","intercept class2","age.centered class1","age.centered class2","varcov 1","varcov 2","varcov 3","stderr","bic.select","icl.select","ARI","MCR","RI","JI","FMI","mean.pprob.misc","mean.pprob.correct","btr.est.hm1","btr.est.best"
"1",5.7749283451344,7.54550097840707,-0.593741198460447,-1.65466976707507,4.70789851375908,0.728838876538284,0.112871823499742,3.16377961924775,1,2,0.259840107573711,0.164,0.725517517517517,0.69730207091447,0.827319835961596,0.766079784764852,0.864631036823007,0.34489248975362,0.345061739946733
