"","intercept class1","intercept class2","age.centered class1","age.centered class2","varcov 1","varcov 2","varcov 3","stderr","bic.select","icl.select","ARI","MCR","RI","JI","FMI","mean.pprob.misc","mean.pprob.correct","btr.est.hm1","btr.est.best"
"1",7.66634184847016,4.20242433564231,-0.453351904795097,-1.24507329711641,1.54759127521398,-0.348544232387516,0.117184639659413,3.20339524130952,1,2,-0.0399990639125021,0.331,0.501183183183183,0.425053073657006,0.599517761447449,0.752638728020256,0.795687925836449,0.307415749990634,0.307727560447783
