"","intercept class1","intercept class2","age.centered class1","age.centered class2","varcov 1","varcov 2","varcov 3","stderr","bic.select","icl.select","ARI","MCR","RI","JI","FMI","mean.pprob.misc","mean.pprob.correct","btr.est.hm1","btr.est.best"
"1",5.89202834608207,8.94981368737134,-0.582916604538803,-1.25502883954119,3.95119480392108,0.559944853531223,0.171762006247034,3.11598300540487,1,2,0.169166417869603,0.19,0.691891891891892,0.666405108618844,0.805321609089404,0.830898803050038,0.926487965826633,0.356840627124936,0.357285137953294
