"","intercept class1","intercept class2","age.centered class1","age.centered class2","varcov 1","varcov 2","varcov 3","stderr","bic.select","icl.select","ARI","MCR","RI","JI","FMI","mean.pprob.misc","mean.pprob.correct","btr.est.hm1","btr.est.best"
"1",7.37771522211633,5.86489239908891,-1.58646141902682,-0.476066543737184,5.11099651459525,1.11768840081316,0.244419722079873,3.099072865634,1,2,0.222430449924023,0.189,0.693135135135135,0.655152941388216,0.794013216778923,0.723066807088853,0.829715241107385,0.363420483176226,0.364784777425214
