"","intercept class1","intercept class2","age.centered class1","age.centered class2","varcov 1","varcov 2","varcov 3","stderr","bic.select","icl.select","ARI","MCR","RI","JI","FMI","mean.pprob.misc","mean.pprob.correct","btr.est.hm1","btr.est.best"
"1",8.65643191292363,5.9127598487397,-1.44079868046218,-0.627955225717307,5.32544049681452,0.903348453130987,0.193926069473601,3.1421581430688,1,2,0.203764868927963,0.171,0.716198198198198,0.695328014717893,0.828352901125686,0.832442282428197,0.932519946597152,0.383001447092654,0.382678003387068
