"","intercept class1","intercept class2","age.centered class1","age.centered class2","varcov 1","varcov 2","varcov 3","stderr","bic.select","icl.select","ARI","MCR","RI","JI","FMI","mean.pprob.misc","mean.pprob.correct","btr.est.hm1","btr.est.best"
"1",6.15845042460954,7.34581493833669,-0.391526648693129,-1.52340191174926,4.16935627060577,0.77780712460803,0.145105043827855,3.17409597486633,1,2,0.193159824011254,0.186,0.696888888888889,0.668504368007357,0.806123835316455,0.746205700094925,0.837193241471436,0.304915744979463,0.306423276468322
