"","intercept class1","intercept class2","age.centered class1","age.centered class2","varcov 1","varcov 2","varcov 3","stderr","bic.select","icl.select","ARI","MCR","RI","JI","FMI","mean.pprob.misc","mean.pprob.correct","btr.est.hm1","btr.est.best"
"1",6.18336523611782,6.73044926046464,-0.147838965415667,-1.38546223835081,4.57481089387484,0.337627402416777,0.0249179160261848,3.1143392754127,1,2,0.189952483165753,0.238,0.634834834834835,0.56573703282209,0.72302762193471,0.619838668499196,0.681214759614373,0.345055382742569,0.346256475911815
