"","intercept class1","intercept class2","age.centered class1","age.centered class2","varcov 1","varcov 2","varcov 3","stderr","bic.select","icl.select","ARI","MCR","RI","JI","FMI","mean.pprob.misc","mean.pprob.correct","btr.est.hm1","btr.est.best"
"1",5.92409330537708,7.70610699445163,-0.50580072642955,-1.3894398627741,4.27028391996778,0.823767585768448,0.158910527752701,3.19191136505629,1,2,0.204352673377995,0.177,0.708366366366366,0.683472543327481,0.818253777612691,0.776164578949799,0.878713407933818,0.311828684989352,0.312066208710203
