"","intercept class1","intercept class2","age.centered class1","age.centered class2","varcov 1","varcov 2","varcov 3","stderr","bic.select","icl.select","ARI","MCR","RI","JI","FMI","mean.pprob.misc","mean.pprob.correct","btr.est.hm1","btr.est.best"
"1",5.51431842182654,7.90650450388246,-0.516551857390764,-1.09324592100527,3.81351136055234,0.528863854961363,0.0733438930902792,3.18077632640676,1,2,0.246525653933976,0.209,0.669031031031031,0.605914183551847,0.754626961161079,0.658265933611527,0.790349584155248,0.334455265389034,0.33448931422014
