"","intercept class1","intercept class2","age.centered class1","age.centered class2","varcov 1","varcov 2","varcov 3","stderr","bic.select","icl.select","ARI","MCR","RI","JI","FMI","mean.pprob.misc","mean.pprob.correct","btr.est.hm1","btr.est.best"
"1",7.45057690219194,4.3347448082788,-0.285353014055429,-1.47283142397881,2.52864003651962,-0.280312818361835,0.0310766659091704,3.08676462453966,1,2,-0.0277836699516333,0.244,0.534382382382382,0.475655836016196,0.645121188782188,0.691720490448592,0.76153616368742,0.332125323280396,0.332884081140778
