"","intercept class1","intercept class2","age.centered class1","age.centered class2","varcov 1","varcov 2","varcov 3","stderr","bic.select","icl.select","ARI","MCR","RI","JI","FMI","mean.pprob.misc","mean.pprob.correct","btr.est.hm1","btr.est.best"
"1",6.11576675729053,6.75413363272445,-0.447757138644413,-1.66405507731781,4.6406271271018,0.616947604509653,0.0820223339902356,3.14840198721852,1,2,0.135933680783133,0.189,0.693135135135135,0.675215069712252,0.814276929742438,0.742588202874885,0.826301616019116,0.323703819176891,0.324676647931171
