"","intercept class1","intercept class2","age.centered class1","age.centered class2","varcov 1","varcov 2","varcov 3","stderr","bic.select","icl.select","ARI","MCR","RI","JI","FMI","mean.pprob.misc","mean.pprob.correct","btr.est.hm1","btr.est.best"
"1",8.02005177135582,5.32571480289233,-1.10732947264643,-0.588139285466239,3.83304698626505,0.877152023412054,0.246604082209285,3.17491355988197,1,2,0.235204201393804,0.2,0.671369369369369,0.614270608139863,0.76110156375993,0.757253981076849,0.835817496639244,0.337735718602238,0.338092339254902
