"","intercept class1","intercept class2","age.centered class1","age.centered class2","varcov 1","varcov 2","varcov 3","stderr","bic.select","icl.select","ARI","MCR","RI","JI","FMI","mean.pprob.misc","mean.pprob.correct","btr.est.hm1","btr.est.best"
"1",4.77978938398168,7.88359224589856,-0.836224661196176,-0.624825240482274,2.95248698128325,0.472109544545892,0.22794070522872,3.21982231637703,1,2,0.0436659931419702,0.394,0.521993993993994,0.423448049376515,0.601941853236319,0.690509597666207,0.764816091698909,0.329909205114804,0.329944658353147
