"","intercept class1","intercept class2","age.centered class1","age.centered class2","varcov 1","varcov 2","varcov 3","stderr","bic.select","icl.select","ARI","MCR","RI","JI","FMI","mean.pprob.misc","mean.pprob.correct","btr.est.hm1","btr.est.best"
"1",7.54069816453649,6.05667734254686,-1.78510119699437,-0.780038584093302,4.79267314700825,0.397131044511522,0.0329087446567548,3.14250476345551,1,2,0.0297476845081109,0.195,0.685735735735736,0.683198789101917,0.826183907794925,0.928260130178312,0.958031205077528,0.32398582808113,0.324369229898044
