"","intercept class1","intercept class2","age.centered class1","age.centered class2","varcov 1","varcov 2","varcov 3","stderr","bic.select","icl.select","ARI","MCR","RI","JI","FMI","mean.pprob.misc","mean.pprob.correct","btr.est.hm1","btr.est.best"
"1",6.2990186436442,5.89169630107788,-0.500629965707307,-2.32058298000416,5.04038873158816,0.134222781139558,0.00357430394733886,3.15752522929992,1,2,0.0936250062920818,0.186,0.696888888888889,0.688085339574209,0.827463035353238,0.87095381067565,0.923091184649903,0.352131774015085,0.35309638535562
