"","intercept class1","intercept class2","age.centered class1","age.centered class2","varcov 1","varcov 2","varcov 3","stderr","bic.select","icl.select","ARI","MCR","RI","JI","FMI","mean.pprob.misc","mean.pprob.correct","btr.est.hm1","btr.est.best"
"1",8.28887287166343,4.68441655596365,-0.908965666775884,-0.589543533013771,2.57126653506283,0.704454543777571,0.345706234933833,3.18061968531851,1,2,0.104703467149535,0.334,0.554666666666667,0.454317983338403,0.631488987626298,0.756016320097296,0.878667410333729,0.374765483789055,0.374713060617383
