"","intercept class1","intercept class2","age.centered class1","age.centered class2","varcov 1","varcov 2","varcov 3","stderr","bic.select","icl.select","ARI","MCR","RI","JI","FMI","mean.pprob.misc","mean.pprob.correct","btr.est.hm1","btr.est.best"
"1",6.26120553833176,6.36812025310123,-2.73748101473737,-0.446598576848183,5.39987060230092,0.385409597218594,0.027509553277042,3.09092964555589,1,2,0.0955205799295471,0.185,0.698148148148148,0.689487363252933,0.828603382935942,0.932638203055555,0.961430277974297,0.374909368720867,0.375450344012635
