"","intercept class1","intercept class2","age.centered class1","age.centered class2","varcov 1","varcov 2","varcov 3","stderr","bic.select","icl.select","ARI","MCR","RI","JI","FMI","mean.pprob.misc","mean.pprob.correct","btr.est.hm1","btr.est.best"
"1",8.3864199750429,4.76599481890962,-0.363090196382121,-0.834704541821291,2.48504540652619,0.377292108344343,0.164422819323631,3.1700244674524,1,2,0.103461708195162,0.331,0.556678678678679,0.45882252309497,0.635063643868524,0.740169505314003,0.806242285523047,0.339270264258195,0.339497494480796
