"","intercept class1","intercept class2","age.centered class1","age.centered class2","varcov 1","varcov 2","varcov 3","stderr","bic.select","icl.select","ARI","MCR","RI","JI","FMI","mean.pprob.misc","mean.pprob.correct","btr.est.hm1","btr.est.best"
"1",4.77792600482463,7.65900928139859,-0.946628731860185,-0.50531497281866,2.51818290431337,-0.0736761301615309,0.1641925844834,3.21253092375977,1,2,-0.00748560409537303,0.43,0.499627627627628,0.407619490043089,0.585200316463463,0.693799963214824,0.698846438917513,0.31392981113856,0.313901143437936
