"","intercept class1","intercept class2","age.centered class1","age.centered class2","varcov 1","varcov 2","varcov 3","stderr","bic.select","icl.select","ARI","MCR","RI","JI","FMI","mean.pprob.misc","mean.pprob.correct","btr.est.hm1","btr.est.best"
"1",6.114759975546,7.34118184176899,-0.657996391086478,-2.01956172273261,5.03566331023271,0.657312807966155,0.0858357159400222,3.20676387651342,1,2,0.112101535987561,0.184,0.699411411411411,0.688439750160818,0.826879457987812,0.868436844257705,0.929329190222486,0.333177901306795,0.333545641199209
