"","intercept class1","intercept class2","age.centered class1","age.centered class2","varcov 1","varcov 2","varcov 3","stderr","bic.select","icl.select","ARI","MCR","RI","JI","FMI","mean.pprob.misc","mean.pprob.correct","btr.est.hm1","btr.est.best"
"1",8.23089948753917,6.20674302379691,-1.55264381608343,-0.622597601361609,4.59810399995361,0.621824901002275,0.0840941145254193,3.22727918344995,1,2,0.0973456365786486,0.186,0.696888888888889,0.687468520613322,0.826741672142597,0.868336681905018,0.936125770395558,0.316807309207856,0.317078885384168
