"","intercept class1","intercept class2","age.centered class1","age.centered class2","varcov 1","varcov 2","varcov 3","stderr","bic.select","icl.select","ARI","MCR","RI","JI","FMI","mean.pprob.misc","mean.pprob.correct","btr.est.hm1","btr.est.best"
"1",6.5991234609077,6.33738487895107,-1.98835837685868,-0.526432666193801,5.33687592014344,0.813586796305262,0.229632708757674,3.13855653415747,1,2,0.0804994128404646,0.189,0.693135135135135,0.685142352409515,0.825504717684769,0.861779087261051,0.909074106789372,0.357343013003856,0.356679483877369
