"","intercept class1","intercept class2","age.centered class1","age.centered class2","varcov 1","varcov 2","varcov 3","stderr","bic.select","icl.select","ARI","MCR","RI","JI","FMI","mean.pprob.misc","mean.pprob.correct","btr.est.hm1","btr.est.best"
"1",8.42849101964896,5.74138594847105,-0.942297021100458,-0.626187778436391,2.98512119942788,0.452636901201197,0.0906415709584087,3.21813074457868,1,2,0.182963579125886,0.2,0.662112112112112,0.615627248959216,0.762791808656411,0.724807128067262,0.843985434201336,0.290711593506765,0.290735205157143
