"","intercept class1","intercept class2","age.centered class1","age.centered class2","varcov 1","varcov 2","varcov 3","stderr","bic.select","icl.select","ARI","MCR","RI","JI","FMI","mean.pprob.misc","mean.pprob.correct","btr.est.hm1","btr.est.best"
"1",7.53408072410713,5.8294865776212,-1.48512130802862,-0.554651216676957,4.81697148634703,0.706325223469158,0.103570482594582,3.16090709598645,1,2,0.190497526577112,0.177,0.708366366366366,0.6864431223309,0.821408602064308,0.758671398949044,0.848115740777302,0.344970079767915,0.34518961334723
