"","intercept class1","intercept class2","age.centered class1","age.centered class2","varcov 1","varcov 2","varcov 3","stderr","bic.select","icl.select","ARI","MCR","RI","JI","FMI","mean.pprob.misc","mean.pprob.correct","btr.est.hm1","btr.est.best"
"1",5.64878425100324,8.06751932023612,-0.5809315501689,-1.13780211355128,4.01787966407153,0.70950062183958,0.200584820112198,3.1888674258713,1,2,0.251077144852876,0.194,0.686958958958959,0.636196964197634,0.778115805297325,0.678540555518596,0.817901695061349,0.337339663184229,0.337756631795467
