"","intercept class1","intercept class2","age.centered class1","age.centered class2","varcov 1","varcov 2","varcov 3","stderr","bic.select","icl.select","ARI","MCR","RI","JI","FMI","mean.pprob.misc","mean.pprob.correct","btr.est.hm1","btr.est.best"
"1",5.44464254783022,8.58458482584302,-0.583392254362,-1.02188732678363,2.72948965611366,0.929086745707453,0.468385236477582,3.15226853823254,1,2,0.182093300152032,0.214,0.639031031031031,0.576303607096698,0.73126358497384,0.74370032777406,0.88389890468094,0.332844858868127,0.33291017011742
