"","intercept class1","intercept class2","age.centered class1","age.centered class2","varcov 1","varcov 2","varcov 3","stderr","bic.select","icl.select","ARI","MCR","RI","JI","FMI","mean.pprob.misc","mean.pprob.correct","btr.est.hm1","btr.est.best"
"1",5.06056410429943,7.78975770184339,-1.28254319003685,-0.238252866890131,3.54671836686125,-0.31337264392047,0.0276971802964345,3.14157214368946,1,2,-0.0140836588200128,0.404,0.4994994994995,0.410527507144407,0.587472028789919,0.662498985487473,0.65877807323668,0.357844850932438,0.358410634289667
