"","intercept class1","intercept class2","age.centered class1","age.centered class2","varcov 1","varcov 2","varcov 3","stderr","bic.select","icl.select","ARI","MCR","RI","JI","FMI","mean.pprob.misc","mean.pprob.correct","btr.est.hm1","btr.est.best"
"1",6.26798961540047,6.7307470945629,-0.593269407651666,-2.02829364720977,5.51697417038172,0.3614954165146,0.0236873023438425,3.19707210029196,1,2,0.0648557428680465,0.189,0.693135135135135,0.687631954350927,0.828449718645995,0.891548047828783,0.930925239041552,0.349480127951379,0.350726858727514
