"","intercept class1","intercept class2","age.centered class1","age.centered class2","varcov 1","varcov 2","varcov 3","stderr","bic.select","icl.select","ARI","MCR","RI","JI","FMI","mean.pprob.misc","mean.pprob.correct","btr.est.hm1","btr.est.best"
"1",7.76325480369876,4.30886400863509,-0.451134333171352,-1.17914887628692,2.32962817612719,-0.300557101382247,0.0387763902056736,3.14607522259639,1,2,-0.0310905630770893,0.349,0.501183183183183,0.421206560118937,0.596353260600474,0.721015795690855,0.793180493818478,0.341888780438148,0.342623360083885
