"","intercept class1","intercept class2","age.centered class1","age.centered class2","varcov 1","varcov 2","varcov 3","stderr","bic.select","icl.select","ARI","MCR","RI","JI","FMI","mean.pprob.misc","mean.pprob.correct","btr.est.hm1","btr.est.best"
"1",8.25370663069576,6.25665274879485,-1.9540468946535,-0.601227183768465,4.78101372936792,0.592317098847142,0.246133342049969,3.1556794686078,1,2,0.0119544162641646,0.198,0.68209009009009,0.681068487648122,0.825115479830816,0.962968095668917,0.986080764552386,0.329822025466849,0.329767499854536
