"","intercept class1","intercept class2","age.centered class1","age.centered class2","varcov 1","varcov 2","varcov 3","stderr","bic.select","icl.select","ARI","MCR","RI","JI","FMI","mean.pprob.misc","mean.pprob.correct","btr.est.hm1","btr.est.best"
"1",5.99435012854799,7.11769070761517,-0.44143526141605,-2.09024886620436,5.05849563635209,0.730358466623268,0.105451744373416,3.11481830038117,1,2,0.178329077208527,0.18,0.704504504504505,0.683249567579864,0.81924723820944,0.830509779810031,0.890096718294901,0.360249991967192,0.361697970951679
