"","intercept class1","intercept class2","age.centered class1","age.centered class2","varcov 1","varcov 2","varcov 3","stderr","bic.select","icl.select","ARI","MCR","RI","JI","FMI","mean.pprob.misc","mean.pprob.correct","btr.est.hm1","btr.est.best"
"1",5.91510487845294,8.32704152480622,-0.618174995216984,-1.3006823587164,3.89469254492207,0.72232471752095,0.133980602768195,3.16603123603776,1,2,0.169698357701013,0.177,0.708366366366366,0.690619902813647,0.825976417956475,0.831215069786755,0.930113112607048,0.300534554455481,0.301199374341316
