"","intercept class1","intercept class2","age.centered class1","age.centered class2","varcov 1","varcov 2","varcov 3","stderr","bic.select","icl.select","ARI","MCR","RI","JI","FMI","mean.pprob.misc","mean.pprob.correct","btr.est.hm1","btr.est.best"
"1",6.92751981829132,5.97891618020392,-1.87068354575932,-0.587204769958078,5.03073334409344,0.448764141066699,0.0909934985013476,3.13615597356828,1,2,0.165566736702422,0.176,0.709661661661662,0.693273436376403,0.828467736321121,0.802433699758935,0.884359721977668,0.354097027779451,0.354380501726302
