"","intercept class1","intercept class2","age.centered class1","age.centered class2","varcov 1","varcov 2","varcov 3","stderr","bic.select","icl.select","ARI","MCR","RI","JI","FMI","mean.pprob.misc","mean.pprob.correct","btr.est.hm1","btr.est.best"
"1",4.17425975674157,7.90909854585214,-0.943624494480592,-0.420089152546835,2.72400846787198,0.292094951985696,0.350095447342609,3.10723085875863,1,2,0.00736955555919426,0.449,0.504706706706707,0.409605288277969,0.58777045812404,0.766461833624589,0.782527431870756,0.386371596607202,0.386387056966605
