"","intercept class1","intercept class2","age.centered class1","age.centered class2","varcov 1","varcov 2","varcov 3","stderr","bic.select","icl.select","ARI","MCR","RI","JI","FMI","mean.pprob.misc","mean.pprob.correct","btr.est.hm1","btr.est.best"
"1",3.83308512504029,7.04253136968773,-1.31824198295869,-0.578009994070351,3.39872653960562,0.169372816667164,0.22692328255495,3.15847169484618,1,2,-0.0189610724312538,0.2,0.624624624624625,0.609246376932407,0.762756481083363,0.908088874818273,0.851043681973415,0.334624125872064,0.334572633855698
