"","intercept class1","intercept class2","age.centered class1","age.centered class2","varcov 1","varcov 2","varcov 3","stderr","bic.select","icl.select","ARI","MCR","RI","JI","FMI","mean.pprob.misc","mean.pprob.correct","btr.est.hm1","btr.est.best"
"1",5.24083795812578,8.06341730958282,-0.582066535545772,-1.04952373194874,3.41247148785983,0.904377404566816,0.380977667951063,3.18312627021104,1,2,0.164476045363479,0.273,0.602660660660661,0.516923533764312,0.684287788900514,0.697828954343959,0.814848855624454,0.347582177595266,0.347959165736047
