"","intercept class1","intercept class2","age.centered class1","age.centered class2","varcov 1","varcov 2","varcov 3","stderr","bic.select","icl.select","ARI","MCR","RI","JI","FMI","mean.pprob.misc","mean.pprob.correct","btr.est.hm1","btr.est.best"
"1",8.06109005506004,6.05213638828046,-1.70916388398219,-0.419476869800939,4.28685061692375,0.81222265621487,0.236136295264244,3.10112800110644,1,2,0.204851689206126,0.178,0.707075075075075,0.681402286336418,0.816483559157908,0.828972532686998,0.908066689340759,0.356534771116919,0.356202299038917
