"","intercept class1","intercept class2","age.centered class1","age.centered class2","varcov 1","varcov 2","varcov 3","stderr","bic.select","icl.select","ARI","MCR","RI","JI","FMI","mean.pprob.misc","mean.pprob.correct","btr.est.hm1","btr.est.best"
"1",5.33368664024509,8.25519302689923,-0.812546332126337,-0.422783361383484,3.06775004942474,0.315295949960516,0.202677906439207,3.11942997303776,1,2,0.106557692593854,0.314,0.568760760760761,0.480165069865096,0.652549871579735,0.663463750155392,0.748644521262895,0.335543490370374,0.335568389623222
