"","intercept class1","intercept class2","age.centered class1","age.centered class2","varcov 1","varcov 2","varcov 3","stderr","bic.select","icl.select","ARI","MCR","RI","JI","FMI","mean.pprob.misc","mean.pprob.correct","btr.est.hm1","btr.est.best"
"1",3.78406797527464,6.40668425781311,-3.43787477741172,-0.599652939187042,4.43953291517309,0.173798481301469,0.0885759654292,3.16765269059963,1,2,0.00886869057862725,0.2,0.67967967967968,0.678397131302411,0.822877790783612,0.987909024561014,0.991787649909097,0.321723822666733,0.32169323176295
