"","intercept class1","intercept class2","age.centered class1","age.centered class2","varcov 1","varcov 2","varcov 3","stderr","bic.select","icl.select","ARI","MCR","RI","JI","FMI","mean.pprob.misc","mean.pprob.correct","btr.est.hm1","btr.est.best"
"1",8.08703072271293,5.72089301494974,-1.26729961169762,-0.544937087622041,4.4358251813477,0.745693927341675,0.125359883007746,3.19607188802937,1,2,0.251855954514818,0.183,0.700678678678679,0.659288546556675,0.796479224917242,0.714495853932957,0.838290492328796,0.34462535162549,0.345215893492207
