"","intercept class1","intercept class2","age.centered class1","age.centered class2","varcov 1","varcov 2","varcov 3","stderr","bic.select","icl.select","ARI","MCR","RI","JI","FMI","mean.pprob.misc","mean.pprob.correct","btr.est.hm1","btr.est.best"
"1",5.50902038407875,8.46158738217004,-0.748532617620864,-1.13577329153545,3.93350401331075,0.554526224587626,0.201401257949905,3.00260419082327,1,2,0.209849280267531,0.184,0.699411411411411,0.668412823208276,0.805391914868993,0.753268109681139,0.905885402898629,0.368245467900623,0.36832384156697
