"","intercept class1","intercept class2","age.centered class1","age.centered class2","varcov 1","varcov 2","varcov 3","stderr","bic.select","icl.select","ARI","MCR","RI","JI","FMI","mean.pprob.misc","mean.pprob.correct","btr.est.hm1","btr.est.best"
"1",5.94892829199356,9.59801307856588,-0.683668780281483,-1.43282609076196,5.10240269051585,0.682609724542942,0.197486108522582,3.19197791944508,1,2,0.114399247064423,0.181,0.703225225225225,0.693302850995159,0.831026410660493,0.935759838188284,0.980191829138031,0.362404147452406,0.362841047406357
