"","intercept class1","intercept class2","age.centered class1","age.centered class2","varcov 1","varcov 2","varcov 3","stderr","bic.select","icl.select","ARI","MCR","RI","JI","FMI","mean.pprob.misc","mean.pprob.correct","btr.est.hm1","btr.est.best"
"1",6.17959929924154,6.61011982454226,-0.529992765771779,-1.59591059635135,5.07411000613716,0.403275694437264,0.0341830829790506,3.17565216623132,1,2,0.0617706608162464,0.193,0.688186186186186,0.68150382397448,0.823182910585591,0.803015327825015,0.854081785711757,0.335832317787104,0.335855656793624
