"","intercept class1","intercept class2","age.centered class1","age.centered class2","varcov 1","varcov 2","varcov 3","stderr","bic.select","icl.select","ARI","MCR","RI","JI","FMI","mean.pprob.misc","mean.pprob.correct","btr.est.hm1","btr.est.best"
"1",7.35958158223973,3.42670475659618,-0.451600795717649,-1.32025741627703,2.32715936283236,-0.140724295590862,0.327870372929534,3.08464452926616,1,2,-0.050990798739691,0.2,0.546978978978979,0.50342775383373,0.669733160194225,0.89433997365403,0.837790307299314,0.37493320779466,0.375234965592294
