"","intercept class1","intercept class2","age.centered class1","age.centered class2","varcov 1","varcov 2","varcov 3","stderr","bic.select","icl.select","ARI","MCR","RI","JI","FMI","mean.pprob.misc","mean.pprob.correct","btr.est.hm1","btr.est.best"
"1",8.72909797913633,6.2315009422216,-1.84470904942747,-0.598049566696051,4.63576059249058,0.399487685340212,0.0344259428954673,3.20153649553673,1,2,0.0745911257018969,0.188,0.694382382382382,0.687772791792623,0.828106076001912,0.945017178792284,0.975674842760537,0.323065751059812,0.324168324604568
