"","intercept class1","intercept class2","age.centered class1","age.centered class2","varcov 1","varcov 2","varcov 3","stderr","bic.select","icl.select","ARI","MCR","RI","JI","FMI","mean.pprob.misc","mean.pprob.correct","btr.est.hm1","btr.est.best"
"1",5.6013555260508,7.75537237817848,-0.364919666320246,-1.16016711513548,4.45153089565338,0.925050088210389,0.192231770594624,3.18934055174142,1,2,0.224043952502605,0.221,0.655337337337337,0.589609058402861,0.741952360038184,0.694535748400311,0.779825884212938,0.347329467788864,0.347582651051543
