"","intercept class1","intercept class2","age.centered class1","age.centered class2","varcov 1","varcov 2","varcov 3","stderr","bic.select","icl.select","ARI","MCR","RI","JI","FMI","mean.pprob.misc","mean.pprob.correct","btr.est.hm1","btr.est.best"
"1",6.1001418479851,8.1508888188409,-0.505037234460104,-1.54413199901008,4.73159046981922,0.696518025871676,0.102536289736753,3.1654589141928,1,2,0.205500985944931,0.174,0.712264264264264,0.689100206799284,0.822967604691937,0.801979298191396,0.901310277982151,0.350216773212374,0.35002178839799
