"","intercept class1","intercept class2","age.centered class1","age.centered class2","varcov 1","varcov 2","varcov 3","stderr","bic.select","icl.select","ARI","MCR","RI","JI","FMI","mean.pprob.misc","mean.pprob.correct","btr.est.hm1","btr.est.best"
"1",6.88244265684243,6.08056599485055,-1.57014838349392,-0.272919335661055,4.43247786149333,0.766116564747701,0.132417753708899,3.21296318948379,1,2,0.210784643040591,0.2,0.666708708708709,0.614507016162645,0.761492409395557,0.671193566432897,0.733604799291032,0.322150114047737,0.323154087819033
