"","intercept class1","intercept class2","age.centered class1","age.centered class2","varcov 1","varcov 2","varcov 3","stderr","bic.select","icl.select","ARI","MCR","RI","JI","FMI","mean.pprob.misc","mean.pprob.correct","btr.est.hm1","btr.est.best"
"1",5.49575800503218,8.37704368172823,-1.00801337103285,0.000551836236324479,3.61811659403657,-0.10898342820333,0.00329715996701354,3.15126333682744,1,2,0.0654208924147125,0.2,0.620652652652653,0.583335532276082,0.738043874563869,0.710892922214831,0.775216917904112,0.341416575923008,0.341783621659918
