"","intercept class1","intercept class2","age.centered class1","age.centered class2","varcov 1","varcov 2","varcov 3","stderr","bic.select","icl.select","ARI","MCR","RI","JI","FMI","mean.pprob.misc","mean.pprob.correct","btr.est.hm1","btr.est.best"
"1",6.29996259774717,6.50856406481024,-0.424446398058593,-2.00857078816055,5.17952634028004,0.476532433567348,0.0438429731196254,3.18411071011179,1,2,0.14956415059036,0.179,0.705787787787788,0.690719414770479,0.827042121194054,0.803099482688399,0.876149517350767,0.346219734069627,0.346999513637206
