"","intercept class1","intercept class2","age.centered class1","age.centered class2","varcov 1","varcov 2","varcov 3","stderr","bic.select","icl.select","ARI","MCR","RI","JI","FMI","mean.pprob.misc","mean.pprob.correct","btr.est.hm1","btr.est.best"
"1",5.99961517122534,7.809715226401,-0.41239993855112,-1.48174737709433,4.16378517560624,0.461604314720687,0.0511783287188938,3.15497506793756,1,2,0.166417245150724,0.19,0.691891891891892,0.667018615801362,0.805953875499118,0.764513290294785,0.870877105126513,0.329642877621068,0.330365664593126
