"","intercept class1","intercept class2","age.centered class1","age.centered class2","varcov 1","varcov 2","varcov 3","stderr","bic.select","icl.select","ARI","MCR","RI","JI","FMI","mean.pprob.misc","mean.pprob.correct","btr.est.hm1","btr.est.best"
"1",4.29065390977633,7.25823169410327,-1.01275590913158,-0.457309614818473,3.8818393779996,0.400320037024234,0.380146723700108,3.19684025628733,1,2,-0.068382473478373,0.2,0.568018018018018,0.539925373134328,0.70249506006452,0.868777475807974,0.759124616319389,0.355378675561113,0.355458513211168
