"","intercept class1","intercept class2","age.centered class1","age.centered class2","varcov 1","varcov 2","varcov 3","stderr","bic.select","icl.select","ARI","MCR","RI","JI","FMI","mean.pprob.misc","mean.pprob.correct","btr.est.hm1","btr.est.best"
"1",5.97508175623357,7.64087885794439,-0.432619660671883,-1.37862500664265,4.39972783579128,0.548231700668574,0.068312961175376,3.13272707204578,1,2,0.241378598098024,0.175,0.710960960960961,0.678818363024791,0.81277995560261,0.697893151206515,0.818452766830098,0.33756986214019,0.337933178008366
