"","intercept class1","intercept class2","age.centered class1","age.centered class2","varcov 1","varcov 2","varcov 3","stderr","bic.select","icl.select","ARI","MCR","RI","JI","FMI","mean.pprob.misc","mean.pprob.correct","btr.est.hm1","btr.est.best"
"1",4.47055651955855,8.40317632776044,-0.892487453655472,-0.562281732439669,1.3958372672517,0.176455789312327,0.308641215898173,3.1283715320694,1,2,0.0339090367958103,0.407,0.516814814814815,0.418711464354528,0.597275073846829,0.82440278475727,0.862059697833882,0.353599375747901,0.353367563558111
