"","intercept class1","intercept class2","age.centered class1","age.centered class2","varcov 1","varcov 2","varcov 3","stderr","bic.select","icl.select","ARI","MCR","RI","JI","FMI","mean.pprob.misc","mean.pprob.correct","btr.est.hm1","btr.est.best"
"1",5.36267786163457,8.75638653520214,-0.602791308830071,-0.972557340360315,2.23112259920893,0.342652993936927,0.0527020779413481,3.17241727507899,1,2,0.185799018760646,0.2,0.653111111111111,0.599517861765467,0.749756349314457,0.794912079839975,0.92162452970887,0.300657363720909,0.30060492466845
