"","intercept class1","intercept class2","age.centered class1","age.centered class2","varcov 1","varcov 2","varcov 3","stderr","bic.select","icl.select","ARI","MCR","RI","JI","FMI","mean.pprob.misc","mean.pprob.correct","btr.est.hm1","btr.est.best"
"1",6.13261155709951,6.93132088918794,-0.410396319156349,-1.8709878475242,4.78934643257703,0.789380031593469,0.151360993829117,3.13667898326067,1,2,0.243697826001176,0.175,0.710960960960961,0.678237129485179,0.812207239546168,0.7556596555438,0.841657754858298,0.348246485079136,0.348334708775357
