"","intercept class1","intercept class2","age.centered class1","age.centered class2","varcov 1","varcov 2","varcov 3","stderr","bic.select","icl.select","ARI","MCR","RI","JI","FMI","mean.pprob.misc","mean.pprob.correct","btr.est.hm1","btr.est.best"
"1",9.00348129767027,6.31930632454007,-1.88605429335321,-0.567542475477894,4.56824566246323,0.583106118713647,0.23017970146942,3.16500386044192,1,2,0.0898578484052817,0.186,0.696888888888889,0.688702288820719,0.828187829700249,0.933659405372173,0.979165508700986,0.336918853076219,0.337294029100943
