"","intercept class1","intercept class2","age.centered class1","age.centered class2","varcov 1","varcov 2","varcov 3","stderr","bic.select","icl.select","ARI","MCR","RI","JI","FMI","mean.pprob.misc","mean.pprob.correct","btr.est.hm1","btr.est.best"
"1",7.1810021115412,6.27268621287694,-2.27990121115921,-0.591157717823567,5.41491442170024,0.567058384217941,0.0593834269939196,3.15863805875329,1,2,0.0766617557463735,0.189,0.693135135135135,0.685764600724911,0.826235862037673,0.910237913880586,0.959843030629895,0.351398408222857,0.351966755097717
