"","intercept class1","intercept class2","age.centered class1","age.centered class2","varcov 1","varcov 2","varcov 3","stderr","bic.select","icl.select","ARI","MCR","RI","JI","FMI","mean.pprob.misc","mean.pprob.correct","btr.est.hm1","btr.est.best"
"1",5.43754929364117,8.24263586940096,-0.544195612153152,-1.10150592591626,4.06992230519239,0.584878386404638,0.0840514145557517,3.10514837903733,1,2,0.238485822383957,0.219,0.65757957957958,0.587988880645192,0.74087874878585,0.692322126964409,0.815629233753298,0.374354959146336,0.375175381978674
