"","intercept class1","intercept class2","age.centered class1","age.centered class2","varcov 1","varcov 2","varcov 3","stderr","bic.select","icl.select","ARI","MCR","RI","JI","FMI","mean.pprob.misc","mean.pprob.correct","btr.est.hm1","btr.est.best"
"1",6.27460428014676,8.62071188808578,-0.545866837872941,-2.21227637926437,5.28306288901256,0.774967687241354,0.164912918507766,3.17954388721968,1,2,0.0784856335374469,0.188,0.694382382382382,0.687152120273139,0.827371356936841,0.944721460793856,0.983080612156271,0.347032084440987,0.348197053066298
