"","intercept class1","intercept class2","age.centered class1","age.centered class2","varcov 1","varcov 2","varcov 3","stderr","bic.select","icl.select","ARI","MCR","RI","JI","FMI","mean.pprob.misc","mean.pprob.correct","btr.est.hm1","btr.est.best"
"1",8.495327367339,5.77465311803337,-1.3849635512718,-0.576934225360064,3.68092076432454,0.856240314815099,0.24849998696579,3.24279406346627,1,2,0.225188397780496,0.178,0.707075075075075,0.676671159923099,0.811655480270682,0.79914761663928,0.920986569777748,0.31536000319107,0.315660505857349
