"","intercept class1","intercept class2","age.centered class1","age.centered class2","varcov 1","varcov 2","varcov 3","stderr","bic.select","icl.select","ARI","MCR","RI","JI","FMI","mean.pprob.misc","mean.pprob.correct","btr.est.hm1","btr.est.best"
"1",7.6710901412195,6.05765345425998,-1.92833372882857,-0.645199770276296,4.75410471328625,0.7744525341747,0.126161738571321,3.17971194047224,1,2,0.0806553676837316,0.191,0.690652652652653,0.681747967144776,0.822512058763682,0.88959548475402,0.943722860736057,0.320893767037882,0.321546528123715
