"","intercept class1","intercept class2","age.centered class1","age.centered class2","varcov 1","varcov 2","varcov 3","stderr","bic.select","icl.select","ARI","MCR","RI","JI","FMI","mean.pprob.misc","mean.pprob.correct","btr.est.hm1","btr.est.best"
"1",8.40053441541659,5.73311755672242,-1.10055641151563,-0.585140632611978,3.84753760472541,0.664159538160481,0.114648034134529,3.13626578580414,1,2,0.2122448047563,0.194,0.686958958958959,0.6479271554791,0.788415021939424,0.770299952489153,0.871749859990139,0.326342159066679,0.329177898470942
