"","intercept class1","intercept class2","age.centered class1","age.centered class2","varcov 1","varcov 2","varcov 3","stderr","bic.select","icl.select","ARI","MCR","RI","JI","FMI","mean.pprob.misc","mean.pprob.correct","btr.est.hm1","btr.est.best"
"1",7.23358685703867,5.64661797530046,-1.41604331460891,-0.446365748943233,4.38633611523492,1.10523504654553,0.278489969841688,3.20396382008781,1,2,0.194325174688127,0.2,0.652004004004004,0.594668457527679,0.745839671989406,0.703540296555695,0.754126603304682,0.325762836600694,0.326418810160365
