"","intercept class1","intercept class2","age.centered class1","age.centered class2","varcov 1","varcov 2","varcov 3","stderr","bic.select","icl.select","ARI","MCR","RI","JI","FMI","mean.pprob.misc","mean.pprob.correct","btr.est.hm1","btr.est.best"
"1",7.39021368721281,5.9582803730234,-1.91342976385548,-0.635571824103708,4.61271444797886,0.573012069951996,0.097672838179002,3.19435684916421,1,2,0.110451560505584,0.183,0.700678678678679,0.690466233282266,0.828734231223749,0.866599905521395,0.935409933352715,0.320643042302689,0.321042025574973
