"","intercept class1","intercept class2","age.centered class1","age.centered class2","varcov 1","varcov 2","varcov 3","stderr","bic.select","icl.select","ARI","MCR","RI","JI","FMI","mean.pprob.misc","mean.pprob.correct","btr.est.hm1","btr.est.best"
"1",6.13654589256809,6.25592358683969,-2.02630559807093,-0.372182642612881,5.07934692377428,0.446010870997272,0.0391693179838377,3.12516569498267,1,2,0.137875579801292,0.188,0.694382382382382,0.676629709497159,0.815409407926449,0.79298153473346,0.862773669105826,0.351206193081133,0.352525747877637
