"","intercept class1","intercept class2","age.centered class1","age.centered class2","varcov 1","varcov 2","varcov 3","stderr","bic.select","icl.select","ARI","MCR","RI","JI","FMI","mean.pprob.misc","mean.pprob.correct","btr.est.hm1","btr.est.best"
"1",5.08565845175206,6.91834411918974,-1.57587325571308,-0.401688960228593,4.28585883792947,-0.0844680176257324,0.00166954886365572,3.23506964433782,1,2,-0.00126070279726903,0.2,0.602660660660661,0.573690383111806,0.73106406944225,0.709941523295757,0.710395879758775,0.329952497439175,0.330199273570985
