"","intercept class1","intercept class2","age.centered class1","age.centered class2","varcov 1","varcov 2","varcov 3","stderr","bic.select","icl.select","ARI","MCR","RI","JI","FMI","mean.pprob.misc","mean.pprob.correct","btr.est.hm1","btr.est.best"
"1",4.73331809375783,6.66339165273125,-1.9005645376869,-0.458389846769696,4.85975347606338,-0.0902443032394417,0.0156929739994258,3.06405092636886,1,2,0.0120899549495015,0.2,0.665553553553554,0.65932385197995,0.805804083486672,0.835271550084875,0.853267579688346,0.375447256045977,0.375271238091644
