"","intercept class1","intercept class2","age.centered class1","age.centered class2","varcov 1","varcov 2","varcov 3","stderr","bic.select","icl.select","ARI","MCR","RI","JI","FMI","mean.pprob.misc","mean.pprob.correct","btr.est.hm1","btr.est.best"
"1",8.61749159716498,5.74895664000972,0.373990450440386,-0.887557025844448,3.50057763588979,-0.256510113420105,0.0764763455761219,3.19120522295694,1,2,0.0343815261640565,0.2,0.650900900900901,0.635235373853672,0.783730249397973,0.845283981703615,0.865720911057679,0.32848309126001,0.328539831525852
