"","intercept class1","intercept class2","age.centered class1","age.centered class2","varcov 1","varcov 2","varcov 3","stderr","bic.select","icl.select","ARI","MCR","RI","JI","FMI","mean.pprob.misc","mean.pprob.correct","btr.est.hm1","btr.est.best"
"1",8.32261279424864,6.1055643987124,-1.90565476729446,-0.607688722916443,5.09676651868792,0.648016562206179,0.0823905829119046,3.19135125476646,1,2,0.138833092562755,0.181,0.703225225225225,0.689051710394939,0.826116800602744,0.866554941061836,0.951109194081153,0.357321576060937,0.357677575295847
