"","intercept class1","intercept class2","age.centered class1","age.centered class2","varcov 1","varcov 2","varcov 3","stderr","bic.select","icl.select","ARI","MCR","RI","JI","FMI","mean.pprob.misc","mean.pprob.correct","btr.est.hm1","btr.est.best"
"1",8.91999822019118,5.35162648982247,-0.389106376202733,-0.647722310909989,2.7148772809603,0.371447725371515,0.194993448541267,3.12060632574517,1,2,0.13698047395238,0.268,0.601753753753754,0.527354980350414,0.691642819930547,0.720534963748184,0.864334068086274,0.35261987365272,0.352309501413373
