"","intercept class1","intercept class2","age.centered class1","age.centered class2","varcov 1","varcov 2","varcov 3","stderr","bic.select","icl.select","ARI","MCR","RI","JI","FMI","mean.pprob.misc","mean.pprob.correct","btr.est.hm1","btr.est.best"
"1",5.98453278879096,7.30005597921916,-0.510637297257351,-1.35185954284331,4.46050431041321,0.556438028923899,0.0694177102310351,3.15629757800197,1,2,0.204851689206126,0.178,0.707075075075075,0.681402286336418,0.816483559157908,0.702358539026056,0.805050243686847,0.321820133926191,0.322046594645367
