"","intercept class1","intercept class2","age.centered class1","age.centered class2","varcov 1","varcov 2","varcov 3","stderr","bic.select","icl.select","ARI","MCR","RI","JI","FMI","mean.pprob.misc","mean.pprob.correct","btr.est.hm1","btr.est.best"
"1",6.25946760141297,6.98411532312007,-0.505574773006261,-1.99442423477058,4.20614970539395,0.414755677997698,0.0408982207858223,3.15182772216409,1,2,0.151892563866689,0.181,0.703225225225225,0.686627459602067,0.823388264222212,0.809229496161427,0.88198383223821,0.317322410462337,0.317603965193327
