"","intercept class1","intercept class2","age.centered class1","age.centered class2","varcov 1","varcov 2","varcov 3","stderr","bic.select","icl.select","ARI","MCR","RI","JI","FMI","mean.pprob.misc","mean.pprob.correct","btr.est.hm1","btr.est.best"
"1",7.7579209695818,4.38863739325752,-0.589837453822485,-0.754067705733842,2.75066612426077,0.401772217648385,0.308372908728147,3.0992276329201,1,2,-0.00364421464514808,0.422,0.50239039039039,0.410753401924992,0.588195389048513,0.741696842611831,0.784244745725331,0.366410805258226,0.366635991483827
