"","intercept class1","intercept class2","age.centered class1","age.centered class2","varcov 1","varcov 2","varcov 3","stderr","bic.select","icl.select","ARI","MCR","RI","JI","FMI","mean.pprob.misc","mean.pprob.correct","btr.est.hm1","btr.est.best"
"1",7.08297618004174,5.92472670877458,-1.30953260760243,-0.545339500086652,4.84709643304747,0.582999593763647,0.0701248301341086,3.1493904581698,1,2,0.159165589653425,0.185,0.698148148148148,0.677839457107937,0.815490218432898,0.728096007851836,0.791278261884428,0.333511464765568,0.333704674283767
