"","intercept class1","intercept class2","age.centered class1","age.centered class2","varcov 1","varcov 2","varcov 3","stderr","bic.select","icl.select","ARI","MCR","RI","JI","FMI","mean.pprob.misc","mean.pprob.correct","btr.est.hm1","btr.est.best"
"1",7.74083473095002,4.31819276348784,-0.762838144301363,-0.86423484875497,2.48107272363096,0.235499974039262,0.106235904251689,3.07390459185051,1,2,-0.0185716985703753,0.385,0.500222222222222,0.413899401782444,0.590288712348604,0.756493042148578,0.815868162099151,0.353986408666549,0.354274267525697
