"","intercept class1","intercept class2","age.centered class1","age.centered class2","varcov 1","varcov 2","varcov 3","stderr","bic.select","icl.select","ARI","MCR","RI","JI","FMI","mean.pprob.misc","mean.pprob.correct","btr.est.hm1","btr.est.best"
"1",8.47499454611778,5.38231542471048,-0.972942624444901,-0.669365886344742,3.47541722714888,0.642920305637705,0.236054162507347,3.15362679017476,1,2,0.197751285037541,0.2,0.669031031031031,0.622611057845957,0.768187931119548,0.773686910691777,0.878685955732202,0.344437615372421,0.3442682016192
