"","intercept class1","intercept class2","age.centered class1","age.centered class2","varcov 1","varcov 2","varcov 3","stderr","bic.select","icl.select","ARI","MCR","RI","JI","FMI","mean.pprob.misc","mean.pprob.correct","btr.est.hm1","btr.est.best"
"1",8.06446639961101,6.03331935168552,-1.61258481559971,-0.388384410979901,4.46965444737912,0.999882291739963,0.223680827120697,3.142646389808,2,2,0.214936366831693,0.185,0.698148148148148,0.665158742849021,0.802499000426778,0.776191413805246,0.884241261734408,0.349214192560183,0.350588596912344
