"","intercept class1","intercept class2","age.centered class1","age.centered class2","varcov 1","varcov 2","varcov 3","stderr","bic.select","icl.select","ARI","MCR","RI","JI","FMI","mean.pprob.misc","mean.pprob.correct","btr.est.hm1","btr.est.best"
"1",5.43056316420227,7.97387013494105,-0.567055704067667,-1.17303566661788,4.01967577549354,0.82199666790152,0.168092809090164,3.20193446383698,1,2,0.177935332722009,0.254,0.620652652652653,0.544678172022857,0.706351331352364,0.66376797269681,0.795667833812269,0.342871001925008,0.344228281234925
