"","intercept class1","intercept class2","age.centered class1","age.centered class2","varcov 1","varcov 2","varcov 3","stderr","bic.select","icl.select","ARI","MCR","RI","JI","FMI","mean.pprob.misc","mean.pprob.correct","btr.est.hm1","btr.est.best"
"1",7.0891642492776,6.12808129718714,-1.56455753960318,-0.273190658302844,5.17909066026585,1.11386676480373,0.266845890402639,3.14764402841581,1,2,0.214673170025574,0.184,0.699411411411411,0.667219291635267,0.804216339420154,0.7252302548947,0.807394262312464,0.356481939282841,0.357004304003371
