"","intercept class1","intercept class2","age.centered class1","age.centered class2","varcov 1","varcov 2","varcov 3","stderr","bic.select","icl.select","ARI","MCR","RI","JI","FMI","mean.pprob.misc","mean.pprob.correct","btr.est.hm1","btr.est.best"
"1",6.22705419774953,7.39256389806456,-0.479696261640306,-1.62003001901193,5.01159970327294,0.572036870292816,0.0652937591209082,3.09481493318269,1,2,0.124100672098094,0.185,0.698148148148148,0.684571129707113,0.82292794694935,0.8256735328251,0.883593663364073,0.342906730730978,0.345551471803729
