"","intercept class1","intercept class2","age.centered class1","age.centered class2","varcov 1","varcov 2","varcov 3","stderr","bic.select","icl.select","ARI","MCR","RI","JI","FMI","mean.pprob.misc","mean.pprob.correct","btr.est.hm1","btr.est.best"
"1",7.61031786353209,6.0338440469148,-1.33682900355919,-0.525436240655514,4.54721485706135,0.701790705446109,0.223614449392148,3.17330512424431,1,2,0.202719809692616,0.174,0.712264264264264,0.689689568660641,0.823599005919598,0.743689566662715,0.833663872866727,0.333790090233461,0.334060397361137
