"","intercept class1","intercept class2","age.centered class1","age.centered class2","varcov 1","varcov 2","varcov 3","stderr","bic.select","icl.select","ARI","MCR","RI","JI","FMI","mean.pprob.misc","mean.pprob.correct","btr.est.hm1","btr.est.best"
"1",5.71080328385596,9.36987141773455,-0.614366341932386,-0.854748883788941,3.0100430426381,0.451956054480971,0.292763459830571,3.17644333079255,1,2,0.148551802960588,0.2,0.662112112112112,0.625533604906059,0.771705959863197,0.811849307847702,0.930600359138781,0.346176210517114,0.346008642143844
