"","intercept class1","intercept class2","age.centered class1","age.centered class2","varcov 1","varcov 2","varcov 3","stderr","bic.select","icl.select","ARI","MCR","RI","JI","FMI","mean.pprob.misc","mean.pprob.correct","btr.est.hm1","btr.est.best"
"1",5.88941018336864,7.51012835052804,-0.564086153654112,-1.69148148834649,5.42099003054801,0.797761182528788,0.11740116236308,3.11484994442275,1,2,0.202719809692616,0.174,0.712264264264264,0.689689568660641,0.823599005919598,0.799491985108933,0.889638087802526,0.36629812621324,0.368682166640788
